model,group_type,group,n,reports,prevalence,blocks,AUC,AP,Brier
GLM-m4 (published),elev_band,High,2347,877,0.3736685129953132,34,0.6744762215034247,0.5399123952926121,0.2167677542390229
GLM-m4 (published),elev_band,Low,62659,2046,0.03265293094367928,189,0.7477912891877105,0.14299217935895223,0.029908091039441993
GLM-m4 (published),elev_band,Mid,3970,447,0.11259445843828715,69,0.644117182008165,0.22083710482754687,0.09736061476844222
GLM-m4 (published),cell,High_High,1658,666,0.4016887816646562,33,0.6741113593432142,0.5655606665964612,0.22226759542179106
GLM-m4 (published),cell,High_Low,144,45,0.3125,19,0.6664421997755331,0.44404115167028857,0.21609261105409935
GLM-m4 (published),cell,High_Mid,545,166,0.30458715596330277,29,0.6674587532186795,0.4574393421436999,0.20021451375755378
GLM-m4 (published),cell,Low_High,19217,1016,0.05286985481604829,160,0.7838368316701471,0.22574589740631407,0.04586673060374729
GLM-m4 (published),cell,Low_Low,22433,423,0.018856149422725448,171,0.6674107943627601,0.03514352110586768,0.018477263048596947
GLM-m4 (published),cell,Low_Mid,21009,607,0.028892379456423437,159,0.7118250189316647,0.07609343034041675,0.027516286946499515
GLM-m4 (published),cell,Mid_High,2117,344,0.1624940954180444,64,0.627904517372998,0.26911506405777214,0.13236371809696929
GLM-m4 (published),cell,Mid_Low,415,42,0.10120481927710843,28,0.6967956083237585,0.24579266029311697,0.08600658137288565
GLM-m4 (published),cell,Mid_Mid,1438,61,0.04242002781641168,55,0.5707465742824149,0.10575314304382502,0.04910634085513494
RandomForest,elev_band,High,2347,877,0.3736685129953132,34,0.6818645816365314,0.5380600614500757,0.21536377225942194
RandomForest,elev_band,Low,62659,2046,0.03265293094367928,189,0.8216692454842953,0.2010719998743022,0.028860410458004155
RandomForest,elev_band,Mid,3970,447,0.11259445843828715,69,0.805837764108152,0.32618070949889694,0.08683144409321074
RandomForest,cell,High_High,1658,666,0.4016887816646562,33,0.672642400464981,0.5570568222635435,0.22312170780867874
RandomForest,cell,High_Low,144,45,0.3125,19,0.6794612794612795,0.49546020049976036,0.20103148107779
RandomForest,cell,High_Mid,545,166,0.30458715596330277,29,0.6947420288012207,0.46826470571266693,0.19554944710251781
RandomForest,cell,Low_High,19217,1016,0.05286985481604829,160,0.8423005387780458,0.30112095972838804,0.04313775410388168
RandomForest,cell,Low_Low,22433,423,0.018856149422725448,171,0.7756442644274094,0.07109812396378344,0.01828362291675832
RandomForest,cell,Low_Mid,21009,607,0.028892379456423437,159,0.7902147881938764,0.11043445624145885,0.02709456544253171
RandomForest,cell,Mid_High,2117,344,0.1624940954180444,64,0.7731574391059693,0.3542885480694139,0.11954136462062688
RandomForest,cell,Mid_Low,415,42,0.10120481927710843,28,0.6896463679305502,0.2715785267515507,0.08673877224188374
RandomForest,cell,Mid_Mid,1438,61,0.04242002781641168,55,0.7924925890210365,0.22401293994980384,0.03870318057565912
LightGBM + terrain,elev_band,High,2347,877,0.3736685129953132,34,0.6579154352733111,0.5099528338350438,0.24410523496258563
LightGBM + terrain,elev_band,Low,62659,2046,0.03265293094367928,189,0.8325327758036223,0.2017722238740535,0.0291555072721399
LightGBM + terrain,elev_band,Mid,3970,447,0.11259445843828715,69,0.8046090218258921,0.36015035479393276,0.0854680233820261
LightGBM + terrain,cell,High_High,1658,666,0.4016887816646562,33,0.6370392569989344,0.5295405529839046,0.25447607162208613
LightGBM + terrain,cell,High_Low,144,45,0.3125,19,0.6473625140291807,0.4100350968113903,0.24346153449480948
LightGBM + terrain,cell,High_Mid,545,166,0.30458715596330277,29,0.7099214801157135,0.4697938905586525,0.21272513530370113
LightGBM + terrain,cell,Low_High,19217,1016,0.05286985481604829,160,0.8350405922145838,0.2887963695776583,0.043844684982745456
LightGBM + terrain,cell,Low_Low,22433,423,0.018856149422725448,171,0.7993602735915224,0.08033596202526357,0.018236416871011036
LightGBM + terrain,cell,Low_Mid,21009,607,0.028892379456423437,159,0.8160123607741401,0.11667807789106252,0.027378460620886468
LightGBM + terrain,cell,Mid_High,2117,344,0.1624940954180444,64,0.7785418224268419,0.3909399698706262,0.11936326206173042
LightGBM + terrain,cell,Mid_Low,415,42,0.10120481927710843,28,0.7397548831865187,0.3005562406063154,0.08802654308419323
LightGBM + terrain,cell,Mid_Mid,1438,61,0.04242002781641168,55,0.7867542888436492,0.27198346902371595,0.03482963258833112
XGBoost + terrain,elev_band,High,2347,877,0.3736685129953132,34,0.6557761074783391,0.512776646862423,0.2298133328955477
XGBoost + terrain,elev_band,Low,62659,2046,0.03265293094367928,189,0.8328462399119817,0.20832529610775116,0.02884659735129654
XGBoost + terrain,elev_band,Mid,3970,447,0.11259445843828715,69,0.8120341812607594,0.3462942713979032,0.08547547691279221
XGBoost + terrain,cell,High_High,1658,666,0.4016887816646562,33,0.6373359246343118,0.5305396607697114,0.23987934617389894
XGBoost + terrain,cell,High_Low,144,45,0.3125,19,0.6567901234567901,0.46055395409647004,0.21909767110566553
XGBoost + terrain,cell,High_Mid,545,166,0.30458715596330277,29,0.6940903455510697,0.4570166208105496,0.20202178295469764
XGBoost + terrain,cell,Low_High,19217,1016,0.05286985481604829,160,0.8331162149522805,0.29508991221779907,0.04358846617866097
XGBoost + terrain,cell,Low_Low,22433,423,0.018856149422725448,171,0.7977224515398652,0.08867784386611142,0.017933750050562778
XGBoost + terrain,cell,Low_Mid,21009,607,0.028892379456423437,159,0.8197245255052199,0.11926023595051499,0.027014687705044848
XGBoost + terrain,cell,Mid_High,2117,344,0.1624940954180444,64,0.777578568711552,0.3680659005458994,0.12004281080596678
XGBoost + terrain,cell,Mid_Low,415,42,0.10120481927710843,28,0.7515638963360143,0.32223730611780477,0.08200420319434275
XGBoost + terrain,cell,Mid_Mid,1438,61,0.04242002781641168,55,0.8139100205959736,0.28993531377471404,0.03558780844360304
