period,elev_band,missing,n,reports,report_rate,missing_rate,median_elev,median_duration,median_distance,sites,blocks
Inter-Hurricanes,High,0,822,292,0.35523114355231145,0.0,751.0,48.5,0.22,130,28
Inter-Hurricanes,High,1,910,291,0.31978021978021975,1.0,751.0,50.0,0.27,142,29
Inter-Hurricanes,Low,0,25923,672,0.025922925587316282,0.0,14.0,39.0,0.342,2038,163
Inter-Hurricanes,Low,1,7225,216,0.0298961937716263,1.0,26.0,41.0,0.306,1254,148
Inter-Hurricanes,Mid,0,1962,149,0.07594291539245668,0.0,493.0,40.0,0.0,220,55
Inter-Hurricanes,Mid,1,859,122,0.1420256111757858,1.0,493.0,36.0,0.0,167,48
Post-Fiona,High,0,1208,447,0.37003311258278143,0.0,751.0,52.0,0.322,156,31
Post-Fiona,High,1,911,327,0.3589462129527991,1.0,773.0,54.0,0.402,127,26
Post-Fiona,Low,0,26789,907,0.033857180185897194,0.0,14.0,36.0,0.363,2156,176
Post-Fiona,Low,1,6019,294,0.0488453231433793,1.0,21.0,35.0,0.3,1144,149
Post-Fiona,Mid,0,1583,215,0.13581806696146556,0.0,472.0,39.0,0.12,348,64
Post-Fiona,Mid,1,743,124,0.16689098250336473,1.0,493.0,35.0,0.089,166,57
Pre-Maria,High,0,317,138,0.4353312302839117,0.0,758.0,85.0,0.805,71,23
Pre-Maria,High,1,489,206,0.4212678936605317,1.0,805.0,86.0,0.805,103,27
Pre-Maria,Low,0,9947,467,0.04694882879260078,0.0,10.0,56.0,0.25,1236,152
Pre-Maria,Low,1,3215,148,0.046034214618973564,1.0,18.0,60.0,0.322,757,134
Pre-Maria,Mid,0,425,83,0.1952941176470588,0.0,420.0,60.0,0.0,122,38
Pre-Maria,Mid,1,335,76,0.22686567164179106,1.0,471.0,60.0,0.161,97,38
