model,policy,elev_band,n,reports,selected,captured,allocation,recall,precision
GLM-m4 (published),global,All,68976,3370,6890,1467,0.09988981674785433,0.43531157270029674,0.21291727140783745
GLM-m4 (published),global,Low,62659,2046,3818,541,0.060932986482388804,0.2644183773216031,0.14169722367731796
GLM-m4 (published),global,Mid,3970,447,1509,239,0.3801007556675063,0.5346756152125279,0.15838303512259774
GLM-m4 (published),global,High,2347,877,1563,687,0.6659565402641671,0.7833523375142531,0.43953934740882916
GLM-m4 (published),elevation_stratified,All,68976,3370,6890,1013,0.09988981674785433,0.300593471810089,0.14702467343976777
GLM-m4 (published),elevation_stratified,Low,62659,2046,6263,782,0.09995371774206419,0.38220918866080156,0.12486029059556124
GLM-m4 (published),elevation_stratified,Mid,3970,447,394,87,0.09924433249370278,0.19463087248322147,0.22081218274111675
GLM-m4 (published),elevation_stratified,High,2347,877,233,144,0.09927567106945036,0.16419612314709237,0.6180257510729614
RandomForest,global,All,68976,3370,6890,1575,0.09988981674785433,0.46735905044510384,0.22859216255442671
RandomForest,global,Low,62659,2046,4351,707,0.06943934630300516,0.3455522971652004,0.16249138129165708
RandomForest,global,Mid,3970,447,1179,234,0.2969773299748111,0.5234899328859061,0.1984732824427481
RandomForest,global,High,2347,877,1360,634,0.5794631444397103,0.7229190421892816,0.4661764705882353
RandomForest,elevation_stratified,All,68976,3370,6890,1187,0.09988981674785433,0.35222551928783385,0.17227866473149492
RandomForest,elevation_stratified,Low,62659,2046,6263,932,0.09995371774206419,0.4555229716520039,0.14881047421363564
RandomForest,elevation_stratified,Mid,3970,447,394,117,0.09924433249370278,0.26174496644295303,0.2969543147208122
RandomForest,elevation_stratified,High,2347,877,233,138,0.09927567106945036,0.1573546180159635,0.592274678111588
LightGBM + terrain,global,All,68976,3370,6890,1489,0.09988981674785433,0.44183976261127594,0.21611030478955007
LightGBM + terrain,global,Low,62659,2046,4499,697,0.07180133739766036,0.34066471163245354,0.15492331629250944
LightGBM + terrain,global,Mid,3970,447,1224,262,0.30831234256926954,0.5861297539149888,0.21405228758169934
LightGBM + terrain,global,High,2347,877,1167,530,0.4972305070302514,0.6043329532497149,0.4541559554413025
LightGBM + terrain,elevation_stratified,All,68976,3370,6890,1124,0.09988981674785433,0.3335311572700297,0.16313497822931786
LightGBM + terrain,elevation_stratified,Low,62659,2046,6263,881,0.09995371774206419,0.4305962854349951,0.14066741178349035
LightGBM + terrain,elevation_stratified,Mid,3970,447,394,112,0.09924433249370278,0.2505592841163311,0.28426395939086296
LightGBM + terrain,elevation_stratified,High,2347,877,233,131,0.09927567106945036,0.14937286202964653,0.5622317596566524
XGBoost + terrain,global,All,68976,3370,6890,1497,0.09988981674785433,0.44421364985163203,0.21727140783744558
XGBoost + terrain,global,Low,62659,2046,4481,701,0.07151406821047256,0.34261974584555227,0.15643829502343226
XGBoost + terrain,global,Mid,3970,447,1195,254,0.30100755667506296,0.5682326621923938,0.2125523012552301
XGBoost + terrain,global,High,2347,877,1214,542,0.5172560715807414,0.6180159635119726,0.4464579901153213
XGBoost + terrain,elevation_stratified,All,68976,3370,6890,1154,0.09988981674785433,0.342433234421365,0.167489114658926
XGBoost + terrain,elevation_stratified,Low,62659,2046,6263,893,0.09995371774206419,0.4364613880742913,0.1425834264729363
XGBoost + terrain,elevation_stratified,Mid,3970,447,394,124,0.09924433249370278,0.27740492170022374,0.3147208121827411
XGBoost + terrain,elevation_stratified,High,2347,877,233,137,0.09927567106945036,0.15621436716077536,0.5879828326180258
