elev_band,green_band,pattern,n
High,High,000,3
High,High,001,1
High,High,010,4
High,High,011,8
High,High,100,2
High,High,101,6
High,High,110,7
High,High,111,8
High,Low,000,1
High,Low,001,1
High,Mid,000,1
High,Mid,001,2
High,Mid,011,2
High,Mid,101,6
High,Mid,110,2
High,Mid,111,5
Low,High,000,119
Low,High,001,9
Low,High,010,4
Low,High,011,7
Low,High,100,6
Low,High,101,4
Low,High,110,5
Low,High,111,4
Low,Low,000,287
Low,Low,001,15
Low,Low,010,8
Low,Low,011,1
Low,Low,100,5
Low,Low,101,1
Low,Low,110,3
Low,Mid,000,361
Low,Mid,001,18
Low,Mid,010,16
Low,Mid,011,5
Low,Mid,100,18
Low,Mid,101,3
Low,Mid,110,5
Low,Mid,111,4
Mid,High,000,12
Mid,High,001,6
Mid,High,010,6
Mid,High,011,4
Mid,High,100,7
Mid,High,101,2
Mid,High,110,3
Mid,High,111,8
Mid,Low,000,4
Mid,Low,100,1
Mid,Mid,000,15
Mid,Mid,010,3
Mid,Mid,100,3
Mid,Mid,101,1
Mid,Mid,110,1
Mid,Mid,111,1
