cell,n_sites,median_elev,median_ndvi,all_nine_visits,initial,initial_lo,initial_hi,persistence,persistence_lo,persistence_hi,colonization,colonization_lo,colonization_hi,eligible_pairs,previous_report_pairs,repeat_report_pairs,observed_repeat,previous_nonreport_pairs,new_report_pairs,observed_new
High_High,39,782.857142857143,0.799284219789658,18,0.9817193837353116,0.9304733755560846,0.9954349245783669,0.967691596781194,0.8869546934601984,0.9900975913766328,0.06059114635052235,0.0330073947016754,0.10930849344923467,42,32,22,0.6875,10,7,0.7
High_Low,2,795.873873873874,0.2622462851271705,1,0.9013386470062975,0.65272213902371,0.978772944165817,0.7777313893282595,0.31491158367357225,0.9530206753104686,0.052774785501546004,0.03469967030626237,0.07934044770672304,2,0,0,,2,1,0.5
High_Mid,18,788.8726681127985,0.6558050272628859,9,0.9751056180427621,0.8949499851914822,0.9948693318256151,0.941610108488956,0.7960156593078189,0.9839960468649698,0.058128655321306316,0.038753843138380824,0.08724838540003815,20,14,11,0.7857142857142857,6,6,1.0
Low_High,158,47.6931818181818,0.7620311303510916,72,0.2559001467843495,0.19425096030176076,0.32946320737907586,0.7127949725862806,0.5340089102244087,0.8390137405302344,0.0600995906652603,0.03400408831874366,0.104173132849582,175,28,15,0.5357142857142857,147,11,0.07482993197278912
Low_Low,320,8.345238095238095,0.298001473903163,167,0.05116929867475739,0.029516497317351783,0.08813217418315625,0.2422955398231617,0.10950098341845584,0.46425706743521544,0.05297988321957218,0.03612714540813993,0.07895736717524472,409,9,1,0.1111111111111111,400,18,0.045
Low_Mid,430,15.3205128205128,0.566182634518942,189,0.12030394657928015,0.09061672123975299,0.15748749434774786,0.4968445085699662,0.3579460553152145,0.6324001234524533,0.057050386120860413,0.04095388605369454,0.08146735088418662,503,46,14,0.30434782608695654,457,27,0.05908096280087528
Mid_High,48,408.381818181818,0.796937021288456,19,0.7937983734623705,0.6595336543774222,0.8852539070801814,0.8934562611312348,0.7928604214279663,0.9458436922861374,0.06050585914297942,0.03324045620348159,0.1085287928573233,46,27,17,0.6296296296296297,19,7,0.3684210526315789
Mid_Low,5,414.5,0.39647574625821,2,0.561460851215748,0.29913094775433735,0.792161625393825,0.6181410741957245,0.33384497240564326,0.8363528497175035,0.05423801794785974,0.03914353429407226,0.07490825796029081,5,1,0,0.0,4,0,0.0
Mid_Mid,24,436.184210526316,0.630634650769162,6,0.7048734255714312,0.5169504385344461,0.8458067542925183,0.7989101499408866,0.6500619309824394,0.8920512790646381,0.05762240803506489,0.03966050479349098,0.08433976196308599,19,4,3,0.75,15,3,0.2
