"","psi(Int)","psi(Elevation)","psi(NDVI)","col(Int)","col(NDVI)","ext(Int)","ext(Elevation)","ext(NDVI)","p(Int)","p(PeriodPost-Fiona)","p(PeriodPre-Maria)"
"psi(Int)",0.0361380471659666,0.0195596208793167,-0.0168704569049429,-0.00957187908008515,-0.00573896882136175,0.00236398766801133,0.00849349504058717,-0.00326529214382645,-0.00335069360691722,0.00421793820535181,-0.0087988141561688
"psi(Elevation)",0.0195596208793167,0.0716138778447967,-0.0199681698715998,-0.0057285495176929,-0.0048952584931547,0.00544935856294923,0.0206212347377266,-0.0110869876513743,-0.0033014760489589,0.00391660121380682,-0.0056131493162747
"psi(NDVI)",-0.0168704569049429,-0.0199681698715998,0.0321103402231316,0.00105382366988614,-0.0013923288100099,-0.00222937970081972,-0.00689902652509404,0.0067898845164753,0.000377135104385042,-0.000733033224558579,0.00280456655957541
"col(Int)",-0.00957187908008515,-0.00572854951769289,0.00105382366988614,0.0318731525181073,0.0105804644608281,0.0141296439164422,-0.00794612590743013,-0.00067875914775058,0.000711318157879802,-0.00375649107473061,0.00504441745167472
"col(NDVI)",-0.00573896882136175,-0.0048952584931547,-0.0013923288100099,0.0105804644608281,0.0292108709542249,0.00299051836660695,-0.00603539772187415,0.0124680188752005,0.00248714134479811,-0.00212513764653786,0.00152144306880734
"ext(Int)",0.00236398766801133,0.00544935856294924,-0.00222937970081972,0.0141296439164423,0.00299051836660696,0.0899819260778343,-0.00258196413362683,-0.0348376313429004,0.00820286259262014,0.00290874814113793,-0.00905748273729743
"ext(Elevation)",0.00849349504058718,0.0206212347377266,-0.00689902652509404,-0.00794612590743013,-0.00603539772187415,-0.00258196413362683,0.0568499253443521,-0.02589094890889,0.000190079952113055,0.00405443890730224,-0.0041657465447888
"ext(NDVI)",-0.00326529214382645,-0.0110869876513743,0.0067898845164753,-0.000678759147750582,0.0124680188752005,-0.0348376313429004,-0.02589094890889,0.0977346451008662,0.000390774496622664,0.00154681754823819,0.000376139554046426
"p(Int)",-0.00335069360691722,-0.00330147604895891,0.000377135104385043,0.00071131815787979,0.00248714134479811,0.00820286259262008,0.000190079952113056,0.000390774496622683,0.0129147202226569,-0.0101575927908556,-0.0108963690429464
"p(PeriodPost-Fiona)",0.0042179382053518,0.00391660121380681,-0.000733033224558578,-0.00375649107473061,-0.00212513764653786,0.00290874814113794,0.00405443890730224,0.00154681754823819,-0.0101575927908556,0.0221611933801008,0.00770583098353585
"p(PeriodPre-Maria)",-0.00879881415616881,-0.0056131493162747,0.00280456655957541,0.00504441745167473,0.00152144306880734,-0.00905748273729739,-0.00416574654478881,0.000376139554046414,-0.0108963690429464,0.00770583098353585,0.0251472624087527
