cell,pre_n,post_n,pre_reports,post_reports,pre_blocks,post_blocks,raw_delta_lo,raw_delta_hi
Low_Low,3649,8812,103,161,123,148,-0.0230791840079568,0.0017941433191534034
Low_Mid,3196,8826,135,242,128,149,-0.033217216012245296,0.0009646408229041073
Low_High,3102,9151,229,504,126,148,-0.047485784347747556,0.0054040720796081345
Mid_Low,33,205,2,29,10,18,-0.08006918342524257,0.19170758318888148
Mid_Mid,100,462,14,27,21,47,-0.17722227929398426,-0.018230907076020157
Mid_High,292,916,67,159,34,60,-0.17722692134726484,0.02169205625567242
High_Low,14,61,3,25,8,12,-0.05015624999999998,0.3636525974025974
High_Mid,57,239,18,77,15,26,-0.11308999468273663,0.09478703472070214
High_High,246,908,117,345,21,27,-0.2841503165009559,-0.013798169941839758
