period,elev_band,green_band,n,reports,report_rate,missing_rate,median_elev,median_duration,median_distance,sites,blocks
Inter-Hurricanes,High,High,504,204,0.40476190476190477,0.0,784.0,63.0,0.358,93,26
Inter-Hurricanes,High,Low,69,17,0.2463768115942029,0.0,661.0,35.0,0.137,19,12
Inter-Hurricanes,High,Mid,249,71,0.285140562248996,0.0,691.0,22.0,0.0,56,21
Inter-Hurricanes,High,nan,910,291,0.31978021978021975,1.0,751.0,50.0,0.27,142,29
Inter-Hurricanes,Low,High,6964,283,0.04063756461803561,0.0,28.0,60.0,0.805,1004,147
Inter-Hurricanes,Low,Low,9972,159,0.015944645006016847,0.0,8.0,30.0,0.161,1098,150
Inter-Hurricanes,Low,Mid,8987,230,0.025592522532547013,0.0,18.0,36.0,0.212,1203,146
Inter-Hurricanes,Low,nan,7225,216,0.0298961937716263,1.0,26.0,41.0,0.306,1254,148
Inter-Hurricanes,Mid,High,909,118,0.12981298129812982,0.0,493.0,40.0,0.0,141,46
Inter-Hurricanes,Mid,Low,177,11,0.062146892655367235,0.0,411.0,40.0,0.185,34,20
Inter-Hurricanes,Mid,Mid,876,20,0.0228310502283105,0.0,493.0,40.0,0.0,102,41
Inter-Hurricanes,Mid,nan,859,122,0.1420256111757858,1.0,493.0,36.0,0.0,167,48
Post-Fiona,High,High,908,345,0.3799559471365639,0.0,751.0,57.0,0.377,124,27
Post-Fiona,High,Low,61,25,0.4098360655737705,0.0,661.0,45.0,0.324,21,12
Post-Fiona,High,Mid,239,77,0.32217573221757323,0.0,751.0,36.0,0.137,63,26
Post-Fiona,High,nan,911,327,0.3589462129527991,1.0,773.0,54.0,0.402,127,26
Post-Fiona,Low,High,9151,504,0.0550759479838269,0.0,29.0,54.0,0.732,1132,148
Post-Fiona,Low,Low,8812,161,0.018270540172492057,0.0,8.0,28.0,0.2055,1070,148
Post-Fiona,Low,Mid,8826,242,0.027418989349648766,0.0,15.0,32.0,0.239,1253,149
Post-Fiona,Low,nan,6019,294,0.0488453231433793,1.0,21.0,35.0,0.3,1144,149
Post-Fiona,Mid,High,916,159,0.17358078602620086,0.0,474.0,40.0,0.1175,240,60
Post-Fiona,Mid,Low,205,29,0.14146341463414633,0.0,446.0,49.0,0.322,48,18
Post-Fiona,Mid,Mid,462,27,0.05844155844155844,0.0,470.0,32.5,0.0,144,47
Post-Fiona,Mid,nan,743,124,0.16689098250336473,1.0,493.0,35.0,0.089,166,57
Pre-Maria,High,High,246,117,0.47560975609756095,0.0,772.0,105.0,0.805,58,21
Pre-Maria,High,Low,14,3,0.21428571428571427,0.0,758.0,60.0,0.402,9,8
Pre-Maria,High,Mid,57,18,0.3157894736842105,0.0,697.0,60.0,0.0,25,15
Pre-Maria,High,nan,489,206,0.4212678936605317,1.0,805.0,86.0,0.805,103,27
Pre-Maria,Low,High,3102,229,0.07382333978078659,0.0,18.0,60.0,0.805,571,126
Pre-Maria,Low,Low,3649,103,0.028226911482597972,0.0,7.0,45.0,0.0,622,123
Pre-Maria,Low,Mid,3196,135,0.04224030037546934,0.0,11.0,45.0,0.161,658,128
Pre-Maria,Low,nan,3215,148,0.046034214618973564,1.0,18.0,60.0,0.322,757,134
Pre-Maria,Mid,High,292,67,0.22945205479452055,0.0,450.0,60.0,0.0,93,34
Pre-Maria,Mid,Low,33,2,0.06060606060606061,0.0,407.0,50.0,0.322,18,10
Pre-Maria,Mid,Mid,100,14,0.14,0.0,401.0,65.5,0.0,46,21
Pre-Maria,Mid,nan,335,76,0.22686567164179106,1.0,471.0,60.0,0.161,97,38
