cell,n,reports,blocks,median_elev,median_ndvi,pre,inter,post,delta,lo,hi
High_High,1658,666,33,751.0,0.8473809486278158,0.4247616304805078,0.3800923661727076,0.4497564161515706,0.02499478567106278,-0.050868698651167665,0.10085826999329323
High_Low,144,45,19,685.5,0.22070237297814677,0.237158525763469,0.20327584954131747,0.25176391598856196,0.014605390225092968,-0.03726144851686137,0.0664722289670473
High_Mid,545,166,29,696.0,0.623219798479105,0.30409963137778356,0.26475625480218157,0.32456631982305806,0.020466688445274495,-0.04442856586270871,0.0853619427532577
Low_High,19217,1016,160,25.0,0.8141135972461273,0.06272078822447533,0.04095932350521846,0.05170566214717637,-0.011015126077298959,-0.026245602236155758,0.00421535008155784
Low_Low,22433,423,171,8.0,0.2380287588999022,0.02290192718846723,0.014208439986663376,0.018092609050127665,-0.004809318138339565,-0.011565909400593304,0.0019472731239141734
Low_Mid,21009,607,159,16.0,0.563947442102316,0.03789161883960854,0.023995803780086422,0.030471322796516806,-0.007420296043091731,-0.01756208826949176,0.002721496183308296
Mid_High,2117,344,64,493.0,0.811653271165164,0.1684875130988342,0.12916016855595192,0.16373330184246299,-0.00475421125637121,-0.03817346308091739,0.028665040568174968
Mid_Low,415,42,28,420.0,0.2780666347403709,0.10382452656187918,0.07738353543548186,0.10051507601874118,-0.0033094505431379984,-0.026399406435724842,0.019780505349448845
Mid_Mid,1438,61,55,493.0,0.5973261635845922,0.13145166798231767,0.09926018250132108,0.12801445644652173,-0.003437211535795931,-0.03178609100054598,0.02491166792895412
