,AUC,AUC,AP,AP,Brier,Brier,Recall_at_10pct,Recall_at_10pct
,mean,std,mean,std,mean,std,mean,std
method,,,,,,,,
GLM-m4 (published),0.8001503190583645,0.07095984854966163,0.2530193803740459,0.12387806658239332,0.04011829064363869,0.018259584407619746,0.4613525987375048,0.12391729114587614
GLM-m3 (published),0.8007205110063896,0.07072537472083708,0.25403224192137197,0.12391203170466614,0.040068140551110534,0.018266432199151146,0.4623657162642098,0.125279453881743
GLM-splines,0.8119221592156032,0.06970380470580924,0.26009829547025576,0.11996876857779419,0.03971830652285156,0.017629273810896965,0.4931339536391052,0.14019688953837448
GLM-m4 + terrain,0.8217354578171804,0.06538176499311815,0.2554848724423983,0.11385286342729951,0.04030945628271048,0.019026900353844623,0.48866039012876733,0.12986447744151428
RandomForest,0.842258182619038,0.054622774289709734,0.2862438391262408,0.12009271197358937,0.03839229331590186,0.017289342877116576,0.5341862519856647,0.1287700464168192
LightGBM,0.8391319521742262,0.0508771437301019,0.2617283722392779,0.11660560873932027,0.039739537037635775,0.018475337789490072,0.5058729713149698,0.14010692722477605
LightGBM + terrain,0.8461352096819288,0.05005182069469198,0.26958757304802716,0.11072330930981493,0.039589671377261396,0.018854112822574313,0.5129722146945609,0.13295965604170576
XGBoost,0.8397306815007528,0.05126252511985693,0.2687206128845769,0.11908533632679046,0.0392394414482017,0.018089625189344014,0.5171867692041395,0.13713825704552832
XGBoost + terrain,0.8438320585845093,0.0508651783436949,0.27331981166793734,0.1150543863691571,0.038932847635199566,0.018156737732926864,0.5109946066834179,0.12955202434680316
MLP,0.7771471026426127,0.06471773174495835,0.18754685457749817,0.10168989940678097,0.049429967471708816,0.022161216036908172,0.417723728914639,0.13013847511676688
MLP + terrain,0.7477129240142327,0.06758443743442973,0.16750829941679116,0.0943253550204274,0.056430810441573415,0.0296544545656188,0.38619119697128107,0.10673333930409479
