rep,fold,n_test,overlap,percent
0,0,6898,2361,34.22731226442447
0,1,6898,6810,98.72426790374021
0,2,6898,6639,96.24528848941722
0,3,6898,4034,58.48071904899971
0,4,6898,4240,61.467091910698755
0,5,6898,5256,76.19599884024355
0,6,6897,4756,68.95751776134551
0,7,6897,6181,89.6186747861389
0,8,6897,6841,99.18805277656952
0,9,6897,6806,98.68058576192547
1,0,6898,2212,32.067265874166424
1,1,6898,3073,44.54914467961728
1,2,6898,3457,50.115975645114524
1,3,6898,4003,58.03131342418092
1,4,6898,3548,51.43519860829226
1,5,6898,6862,99.47810959698464
1,6,6897,5068,73.48122372045817
1,7,6897,6474,93.86689865158765
1,8,6897,5185,75.17761345512541
1,9,6897,6419,93.06945048571843
2,0,6898,1797,26.05102928385039
2,1,6898,3502,50.768338648883734
2,2,6898,6159,89.28674978254567
2,3,6898,4763,69.04899971006088
2,4,6898,5822,84.40127573209627
2,5,6898,4606,66.77297767468832
2,6,6897,5089,73.7857039292446
2,7,6897,6567,95.2153110047847
2,8,6897,6654,96.47672901261419
2,9,6897,3323,48.180368276062055
