variable,value,p_det
Duration_min,5.0,0.2859595
Duration_min,6.974789915966387,0.28910884
Duration_min,8.949579831932773,0.29215574
Duration_min,10.92436974789916,0.2951383
Duration_min,12.899159663865547,0.298079
Duration_min,14.873949579831933,0.3009929
Duration_min,16.84873949579832,0.30389062
Duration_min,18.823529411764707,0.30678013
Duration_min,20.798319327731093,0.30966768
Duration_min,22.77310924369748,0.31255808
Duration_min,24.747899159663866,0.3154554
Duration_min,26.722689075630253,0.3183628
Duration_min,28.69747899159664,0.32128295
Duration_min,30.672268907563026,0.324218
Duration_min,32.64705882352941,0.3271698
Duration_min,34.6218487394958,0.33013985
Duration_min,36.596638655462186,0.33312926
Duration_min,38.57142857142857,0.3361392
Duration_min,40.54621848739496,0.33917037
Duration_min,42.52100840336135,0.3422234
Duration_min,44.49579831932773,0.34529877
Duration_min,46.470588235294116,0.3483968
Duration_min,48.445378151260506,0.3515177
Duration_min,50.420168067226896,0.3546616
Duration_min,52.39495798319328,0.3578284
Duration_min,54.36974789915966,0.36101806
Duration_min,56.34453781512605,0.36423036
Duration_min,58.31932773109244,0.367465
Duration_min,60.294117647058826,0.37072155
Duration_min,62.26890756302521,0.3739996
Duration_min,64.2436974789916,0.3772986
Duration_min,66.21848739495799,0.38061786
Duration_min,68.19327731092437,0.3839567
Duration_min,70.16806722689076,0.3873144
Duration_min,72.14285714285714,0.39069
Duration_min,74.11764705882354,0.39408255
Duration_min,76.09243697478992,0.39749107
Duration_min,78.0672268907563,0.40091434
Duration_min,80.0420168067227,0.4043512
Duration_min,82.01680672268908,0.40780035
Duration_min,83.99159663865547,0.41126046
Duration_min,85.96638655462185,0.41472995
Duration_min,87.94117647058823,0.41820732
Duration_min,89.91596638655463,0.42169094
Duration_min,91.89075630252101,0.425179
Duration_min,93.8655462184874,0.42866978
Duration_min,95.84033613445379,0.43216133
Duration_min,97.81512605042018,0.43565163
Duration_min,99.78991596638656,0.43913862
Duration_min,101.76470588235294,0.44262013
Duration_min,103.73949579831933,0.4460939
Duration_min,105.71428571428572,0.4495577
Duration_min,107.6890756302521,0.45300913
Duration_min,109.66386554621849,0.4564458
Duration_min,111.63865546218489,0.45986524
Duration_min,113.61344537815127,0.46326497
Duration_min,115.58823529411765,0.46664247
Duration_min,117.56302521008404,0.46999502
Duration_min,119.53781512605042,0.47332025
Duration_min,121.51260504201682,0.47661558
Duration_min,123.4873949579832,0.4798784
Duration_min,125.46218487394958,0.48310626
Duration_min,127.43697478991598,0.48629674
Duration_min,129.41176470588238,0.48944736
Duration_min,131.38655462184875,0.49255583
Duration_min,133.36134453781514,0.49561992
Duration_min,135.3361344537815,0.49863753
Duration_min,137.3109243697479,0.50160664
Duration_min,139.28571428571428,0.50452524
Duration_min,141.26050420168067,0.50739175
Duration_min,143.23529411764707,0.5102046
Duration_min,145.21008403361344,0.5129623
Duration_min,147.18487394957984,0.51566356
Duration_min,149.15966386554624,0.5183074
Duration_min,151.1344537815126,0.5208928
Duration_min,153.109243697479,0.5234192
Duration_min,155.0840336134454,0.5258861
Duration_min,157.05882352941177,0.5282931
Duration_min,159.03361344537817,0.53064007
Duration_min,161.00840336134453,0.53292704
Duration_min,162.98319327731093,0.53515416
Duration_min,164.95798319327733,0.537322
Duration_min,166.9327731092437,0.539431
Duration_min,168.9075630252101,0.54148173
Duration_min,170.88235294117646,0.5434752
Duration_min,172.85714285714286,0.5454123
Duration_min,174.83193277310926,0.547294
Duration_min,176.80672268907563,0.5491216
Duration_min,178.78151260504202,0.55089635
Duration_min,180.75630252100842,0.5526195
Duration_min,182.7310924369748,0.5542925
Duration_min,184.7058823529412,0.5559168
Duration_min,186.68067226890759,0.5574939
Duration_min,188.65546218487395,0.55902535
Duration_min,190.63025210084035,0.5605127
Duration_min,192.60504201680672,0.56195754
Duration_min,194.57983193277312,0.5633614
Duration_min,196.55462184873952,0.5647258
Duration_min,198.52941176470588,0.5660524
Duration_min,200.50420168067228,0.5673427
Duration_min,202.47899159663865,0.5685983
Duration_min,204.45378151260505,0.56982046
Duration_min,206.42857142857144,0.5710109
Duration_min,208.4033613445378,0.5721709
Duration_min,210.3781512605042,0.573302
Duration_min,212.3529411764706,0.57440525
Duration_min,214.32773109243698,0.5754823
Duration_min,216.30252100840337,0.57653415
Duration_min,218.27731092436977,0.5775621
Duration_min,220.25210084033614,0.5785673
Duration_min,222.22689075630254,0.5795509
Duration_min,224.2016806722689,0.580514
Duration_min,226.1764705882353,0.58145773
Duration_min,228.1512605042017,0.58238286
Duration_min,230.12605042016807,0.58329034
Duration_min,232.10084033613447,0.58418125
Duration_min,234.07563025210084,0.5850563
Duration_min,236.05042016806723,0.58591634
Duration_min,238.02521008403363,0.5867622
Duration_min,240.0,0.58759457
Distance_km,0.0,0.31591156
Distance_km,0.04201680672268908,0.3206543
Distance_km,0.08403361344537816,0.32382968
Distance_km,0.12605042016806722,0.32673636
Distance_km,0.16806722689075632,0.3295023
Distance_km,0.2100840336134454,0.3321791
Distance_km,0.25210084033613445,0.33479476
Distance_km,0.29411764705882354,0.33736655
Distance_km,0.33613445378151263,0.33990625
Distance_km,0.3781512605042017,0.3424224
Distance_km,0.4201680672268908,0.34492123
Distance_km,0.46218487394957986,0.34740755
Distance_km,0.5042016806722689,0.349885
Distance_km,0.546218487394958,0.35235646
Distance_km,0.5882352941176471,0.3548243
Distance_km,0.6302521008403362,0.35729012
Distance_km,0.6722689075630253,0.35975537
Distance_km,0.7142857142857143,0.362221
Distance_km,0.7563025210084034,0.36468777
Distance_km,0.7983193277310925,0.36715618
Distance_km,0.8403361344537816,0.3696266
Distance_km,0.8823529411764707,0.37209907
Distance_km,0.9243697478991597,0.3745737
Distance_km,0.9663865546218489,0.3770504
Distance_km,1.0084033613445378,0.3795289
Distance_km,1.050420168067227,0.38200894
Distance_km,1.092436974789916,0.3844901
Distance_km,1.1344537815126052,0.38697198
Distance_km,1.1764705882352942,0.38945413
Distance_km,1.2184873949579833,0.3919359
Distance_km,1.2605042016806725,0.39441678
Distance_km,1.3025210084033614,0.3968961
Distance_km,1.3445378151260505,0.39937317
Distance_km,1.3865546218487397,0.40184733
Distance_km,1.4285714285714286,0.40431786
Distance_km,1.4705882352941178,0.40678397
Distance_km,1.512605042016807,0.4092449
Distance_km,1.5546218487394958,0.4116998
Distance_km,1.596638655462185,0.41414797
Distance_km,1.6386554621848741,0.41658846
Distance_km,1.6806722689075633,0.4190205
Distance_km,1.7226890756302522,0.4214431
Distance_km,1.7647058823529413,0.42385545
Distance_km,1.8067226890756305,0.42625666
Distance_km,1.8487394957983194,0.42864582
Distance_km,1.8907563025210086,0.4310219
Distance_km,1.9327731092436977,0.43338403
Distance_km,1.9747899159663866,0.43573114
Distance_km,2.0168067226890756,0.4380624
Distance_km,2.058823529411765,0.44037676
Distance_km,2.100840336134454,0.4426733
Distance_km,2.1428571428571432,0.44495085
Distance_km,2.184873949579832,0.44720864
Distance_km,2.226890756302521,0.44944552
Distance_km,2.2689075630252105,0.45166048
Distance_km,2.3109243697478994,0.45385256
Distance_km,2.3529411764705883,0.45602083
Distance_km,2.3949579831932777,0.4581642
Distance_km,2.4369747899159666,0.4602817
Distance_km,2.4789915966386555,0.46237245
Distance_km,2.521008403361345,0.4644355
Distance_km,2.563025210084034,0.46646985
Distance_km,2.6050420168067228,0.46847472
Distance_km,2.647058823529412,0.4704492
Distance_km,2.689075630252101,0.4723926
Distance_km,2.73109243697479,0.47430408
Distance_km,2.7731092436974794,0.4761829
Distance_km,2.8151260504201683,0.4780285
Distance_km,2.857142857142857,0.47984028
Distance_km,2.8991596638655466,0.4816177
Distance_km,2.9411764705882355,0.48336026
Distance_km,2.9831932773109244,0.4850676
Distance_km,3.025210084033614,0.48673952
Distance_km,3.0672268907563027,0.48837566
Distance_km,3.1092436974789917,0.48997602
Distance_km,3.151260504201681,0.49154043
Distance_km,3.19327731092437,0.49306893
Distance_km,3.235294117647059,0.49456164
Distance_km,3.2773109243697482,0.4960188
Distance_km,3.319327731092437,0.49744058
Distance_km,3.3613445378151265,0.49882746
Distance_km,3.4033613445378155,0.5001797
Distance_km,3.4453781512605044,0.5014979
Distance_km,3.4873949579831938,0.5027826
Distance_km,3.5294117647058827,0.50403434
Distance_km,3.5714285714285716,0.5052539
Distance_km,3.613445378151261,0.5064419
Distance_km,3.65546218487395,0.5075992
Distance_km,3.697478991596639,0.5087264
Distance_km,3.739495798319328,0.5098246
Distance_km,3.781512605042017,0.5108945
Distance_km,3.823529411764706,0.51193696
Distance_km,3.8655462184873954,0.512953
Distance_km,3.9075630252100844,0.5139434
Distance_km,3.9495798319327733,0.514909
Distance_km,3.9915966386554627,0.51585096
Distance_km,4.033613445378151,0.51676995
Distance_km,4.075630252100841,0.51766706
Distance_km,4.11764705882353,0.518543
Distance_km,4.159663865546219,0.5193988
Distance_km,4.201680672268908,0.52023524
Distance_km,4.243697478991597,0.52105314
Distance_km,4.2857142857142865,0.5218534
Distance_km,4.327731092436975,0.5226366
Distance_km,4.369747899159664,0.5234038
Distance_km,4.411764705882353,0.52415556
Distance_km,4.453781512605042,0.52489275
Distance_km,4.495798319327731,0.525616
Distance_km,4.537815126050421,0.52632594
Distance_km,4.57983193277311,0.52702326
Distance_km,4.621848739495799,0.52770853
Distance_km,4.663865546218488,0.52838236
Distance_km,4.705882352941177,0.5290454
Distance_km,4.7478991596638656,0.52969813
Distance_km,4.789915966386555,0.53034097
Distance_km,4.831932773109244,0.53097457
Distance_km,4.873949579831933,0.53159934
Distance_km,4.915966386554622,0.5322157
Distance_km,4.957983193277311,0.5328241
Distance_km,5.0,0.5334249
