period,Elevation_m,p_report,psi,p_det
Pre-Maria,0,0.033942673,0.121777244,0.2786814
Pre-Maria,10,0.03610898,0.12950924,0.2786814
Pre-Maria,20,0.038489763,0.13800853,0.2786814
Pre-Maria,30,0.041107118,0.14735429,0.2786814
Pre-Maria,40,0.043977838,0.15760805,0.2786814
Pre-Maria,50,0.04710239,0.1687728,0.2786814
Pre-Maria,60,0.05051892,0.18098621,0.2786814
Pre-Maria,70,0.054235846,0.19428043,0.2786814
Pre-Maria,80,0.058240447,0.20861213,0.2786814
Pre-Maria,90,0.0625241,0.22395237,0.2786814
Pre-Maria,100,0.06709813,0.24034399,0.2786814
Pre-Maria,110,0.07193177,0.25767776,0.2786814
Pre-Maria,120,0.07699407,0.2758455,0.2786814
Pre-Maria,130,0.08225966,0.29475525,0.2786814
Pre-Maria,140,0.08766336,0.31417394,0.2786814
Pre-Maria,150,0.093126215,0.33381534,0.2786814
Pre-Maria,160,0.098607086,0.35353044,0.2786814
Pre-Maria,170,0.10400528,0.3729538,0.2786814
Pre-Maria,180,0.10920668,0.39167035,0.2786814
Pre-Maria,190,0.11417425,0.40954253,0.2786814
Pre-Maria,200,0.11880621,0.42620015,0.2786814
Pre-Maria,210,0.12302941,0.4413753,0.2786814
Pre-Maria,220,0.12679969,0.4549061,0.2786814
Pre-Maria,230,0.1300476,0.46653882,0.2786814
Pre-Maria,240,0.13279028,0.4763329,0.2786814
Pre-Maria,250,0.1349562,0.48403153,0.2786814
Pre-Maria,260,0.13661632,0.4898863,0.2786814
Pre-Maria,270,0.13774161,0.49379447,0.2786814
Pre-Maria,280,0.13836169,0.4958631,0.2786814
Pre-Maria,290,0.13852943,0.49628493,0.2786814
Pre-Maria,300,0.13826227,0.4951234,0.2786814
Pre-Maria,310,0.13765533,0.4927274,0.2786814
Pre-Maria,320,0.13672423,0.4891493,0.2786814
Pre-Maria,330,0.13558722,0.48482755,0.2786814
Pre-Maria,340,0.13425785,0.47980615,0.2786814
Pre-Maria,350,0.13286395,0.4745581,0.2786814
Pre-Maria,360,0.13141032,0.46909583,0.2786814
Pre-Maria,370,0.13002916,0.46390712,0.2786814
Pre-Maria,380,0.12873118,0.4590292,0.2786814
Pre-Maria,390,0.12754843,0.45457503,0.2786814
Pre-Maria,400,0.12655185,0.450809,0.2786814
Pre-Maria,410,0.12573268,0.4476938,0.2786814
Pre-Maria,420,0.12514798,0.445441,0.2786814
Pre-Maria,430,0.12479789,0.44404542,0.2786814
Pre-Maria,440,0.12471002,0.44361237,0.2786814
Pre-Maria,450,0.12488157,0.4441246,0.2786814
Pre-Maria,460,0.12535526,0.44574168,0.2786814
Pre-Maria,470,0.12613527,0.44847545,0.2786814
Pre-Maria,480,0.12727098,0.45250228,0.2786814
Pre-Maria,490,0.12876679,0.45784068,0.2786814
Pre-Maria,500,0.1307034,0.46478108,0.2786814
Pre-Maria,510,0.1330718,0.47329214,0.2786814
Pre-Maria,520,0.1360005,0.48383763,0.2786814
Pre-Maria,530,0.13952649,0.4965538,0.2786814
Pre-Maria,540,0.14354542,0.5110634,0.2786814
Pre-Maria,550,0.14844215,0.5287624,0.2786814
Pre-Maria,560,0.15410315,0.5492385,0.2786814
Pre-Maria,570,0.16036135,0.57189274,0.2786814
Pre-Maria,580,0.16766644,0.59835356,0.2786814
Pre-Maria,590,0.17575033,0.627654,0.2786814
Pre-Maria,600,0.18450026,0.6593855,0.2786814
Pre-Maria,610,0.19342059,0.69174725,0.2786814
Pre-Maria,620,0.20294426,0.7263121,0.2786814
Pre-Maria,630,0.21236144,0.7605004,0.2786814
Pre-Maria,640,0.2214334,0.7934418,0.2786814
Pre-Maria,650,0.22950141,0.8227394,0.2786814
Pre-Maria,660,0.23704036,0.8501169,0.2786814
Pre-Maria,670,0.2435755,0.873843,0.2786814
Pre-Maria,680,0.24889512,0.89315253,0.2786814
Pre-Maria,690,0.25348583,0.9098087,0.2786814
Pre-Maria,700,0.25718448,0.92321944,0.2786814
Pre-Maria,710,0.26011384,0.93383235,0.2786814
Pre-Maria,720,0.26235524,0.9419443,0.2786814
Pre-Maria,730,0.26420414,0.94862723,0.2786814
Pre-Maria,740,0.26565853,0.953876,0.2786814
Pre-Maria,750,0.2667676,0.95787126,0.2786814
Pre-Maria,760,0.26770142,0.9612284,0.2786814
Pre-Maria,770,0.26846087,0.9639519,0.2786814
Pre-Maria,780,0.2690908,0.96620506,0.2786814
Pre-Maria,790,0.2696053,0.96804094,0.2786814
Pre-Maria,800,0.27007267,0.9697041,0.2786814
Pre-Maria,810,0.27047896,0.9711469,0.2786814
Pre-Maria,820,0.27084574,0.9724467,0.2786814
Pre-Maria,830,0.27117193,0.9736004,0.2786814
Pre-Maria,840,0.27148256,0.97469735,0.2786814
Pre-Maria,850,0.27177787,0.9757392,0.2786814
Pre-Maria,860,0.2720463,0.976685,0.2786814
Pre-Maria,870,0.2723071,0.9776035,0.2786814
Pre-Maria,880,0.2725604,0.97849494,0.2786814
Pre-Maria,890,0.27280512,0.9793559,0.2786814
Pre-Maria,900,0.27303174,0.9801528,0.2786814
Pre-Maria,910,0.27325007,0.98092026,0.2786814
Pre-Maria,920,0.2734703,0.9816944,0.2786814
Pre-Maria,930,0.27368268,0.98244065,0.2786814
Pre-Maria,940,0.2738879,0.98316175,0.2786814
Pre-Maria,950,0.274088,0.98386496,0.2786814
Pre-Maria,960,0.27428246,0.9845481,0.2786814
Pre-Maria,970,0.27447078,0.98520964,0.2786814
Pre-Maria,980,0.2746506,0.9858415,0.2786814
Pre-Maria,990,0.27481028,0.98640233,0.2786814
Pre-Maria,1000,0.27498248,0.9870073,0.2786814
Pre-Maria,1010,0.27514648,0.9875834,0.2786814
Pre-Maria,1020,0.275305,0.98814017,0.2786814
Pre-Maria,1030,0.27545878,0.9886804,0.2786814
Pre-Maria,1040,0.27560583,0.9891968,0.2786814
Pre-Maria,1050,0.27574712,0.9896932,0.2786814
Pre-Maria,1060,0.27587426,0.9901398,0.2786814
Pre-Maria,1070,0.2760078,0.99060893,0.2786814
Pre-Maria,1080,0.27613366,0.991051,0.2786814
Pre-Maria,1090,0.27625632,0.99148184,0.2786814
Pre-Maria,1100,0.2763737,0.99189407,0.2786814
Pre-Maria,1110,0.27648625,0.9922895,0.2786814
Pre-Maria,1120,0.27659407,0.99266815,0.2786814
Pre-Maria,1130,0.27669173,0.9930113,0.2786814
Pre-Maria,1140,0.2767893,0.993354,0.2786814
Pre-Maria,1150,0.27688533,0.99369127,0.2786814
Pre-Maria,1160,0.2769758,0.994009,0.2786814
Pre-Maria,1170,0.27706185,0.99431133,0.2786814
Pre-Maria,1180,0.2771466,0.99460906,0.2786814
Pre-Maria,1190,0.27722487,0.99488395,0.2786814
Pre-Maria,1200,0.27729663,0.995136,0.2786814
Pre-Maria,1210,0.27736834,0.99538785,0.2786814
Pre-Maria,1220,0.27743813,0.99563295,0.2786814
Pre-Maria,1230,0.2775031,0.99586123,0.2786814
Pre-Maria,1240,0.27756593,0.996082,0.2786814
Pre-Maria,1250,0.27762637,0.99629426,0.2786814
Pre-Maria,1260,0.2776831,0.9964935,0.2786814
Pre-Maria,1270,0.27773258,0.9966672,0.2786814
Pre-Maria,1280,0.2777842,0.9968486,0.2786814
Pre-Maria,1290,0.2778337,0.99702245,0.2786814
Pre-Maria,1300,0.2778794,0.997183,0.2786814
Inter-Hurricanes,0,0.020190977,0.06785087,0.29816043
Inter-Hurricanes,10,0.021924986,0.073729604,0.29816043
Inter-Hurricanes,20,0.02388469,0.08036988,0.29816043
Inter-Hurricanes,30,0.026105283,0.08788836,0.29816043
Inter-Hurricanes,40,0.028637445,0.0964532,0.29816043
Inter-Hurricanes,50,0.031504717,0.10614131,0.29816043
Inter-Hurricanes,60,0.03477138,0.117165126,0.29816043
Inter-Hurricanes,70,0.03845,0.12956394,0.29816043
Inter-Hurricanes,80,0.042549144,0.14336313,0.29816043
Inter-Hurricanes,90,0.04704073,0.15846658,0.29816043
Inter-Hurricanes,100,0.051906604,0.17481057,0.29816043
Inter-Hurricanes,110,0.057072166,0.19214495,0.29816043
Inter-Hurricanes,120,0.06245548,0.21019709,0.29816043
Inter-Hurricanes,130,0.06792951,0.2285431,0.29816043
Inter-Hurricanes,140,0.07338493,0.24682434,0.29816043
Inter-Hurricanes,150,0.07863225,0.26441702,0.29816043
Inter-Hurricanes,160,0.08353406,0.2808731,0.29816043
Inter-Hurricanes,170,0.087906934,0.29559478,0.29816043
Inter-Hurricanes,180,0.091616005,0.30814245,0.29816043
Inter-Hurricanes,190,0.09461593,0.31837085,0.29816043
Inter-Hurricanes,200,0.09688053,0.3261917,0.29816043
Inter-Hurricanes,210,0.098480046,0.33183157,0.29816043
Inter-Hurricanes,220,0.09951202,0.33560547,0.29816043
Inter-Hurricanes,230,0.10007606,0.3378345,0.29816043
Inter-Hurricanes,240,0.100269265,0.33883464,0.29816043
Inter-Hurricanes,250,0.10018757,0.33891687,0.29816043
Inter-Hurricanes,260,0.099877715,0.3382387,0.29816043
Inter-Hurricanes,270,0.09941,0.3370296,0.29816043
Inter-Hurricanes,280,0.0988377,0.33546445,0.29816043
Inter-Hurricanes,290,0.098176755,0.3335923,0.29816043
Inter-Hurricanes,300,0.09749857,0.33165157,0.29816043
Inter-Hurricanes,310,0.09685058,0.3297943,0.29816043
Inter-Hurricanes,320,0.096215874,0.32797062,0.29816043
Inter-Hurricanes,330,0.09566065,0.32639012,0.29816043
Inter-Hurricanes,340,0.095172405,0.3250196,0.29816043
Inter-Hurricanes,350,0.09477621,0.32393518,0.29816043
Inter-Hurricanes,360,0.09445954,0.32310113,0.29816043
Inter-Hurricanes,370,0.094251595,0.3226103,0.29816043
Inter-Hurricanes,380,0.09412953,0.32238957,0.29816043
Inter-Hurricanes,390,0.09409052,0.32243472,0.29816043
Inter-Hurricanes,400,0.09415054,0.32279405,0.29816043
Inter-Hurricanes,410,0.094289295,0.32340652,0.29816043
Inter-Hurricanes,420,0.09451436,0.32429367,0.29816043
Inter-Hurricanes,430,0.09483504,0.32549214,0.29816043
Inter-Hurricanes,440,0.095239125,0.32695797,0.29816043
Inter-Hurricanes,450,0.09574463,0.32875618,0.29816043
Inter-Hurricanes,460,0.09636023,0.33091363,0.29816043
Inter-Hurricanes,470,0.09710026,0.33348036,0.29816043
Inter-Hurricanes,480,0.09800569,0.3365955,0.29816043
Inter-Hurricanes,490,0.09908137,0.34027234,0.29816043
Inter-Hurricanes,500,0.10041303,0.3448023,0.29816043
Inter-Hurricanes,510,0.101988606,0.35014066,0.29816043
Inter-Hurricanes,520,0.10396958,0.35683155,0.29816043
Inter-Hurricanes,530,0.106428,0.36511168,0.29816043
Inter-Hurricanes,540,0.10935856,0.37496328,0.29816043
Inter-Hurricanes,550,0.11316002,0.3877165,0.29816043
Inter-Hurricanes,560,0.117900215,0.40359354,0.29816043
Inter-Hurricanes,570,0.12361646,0.42270663,0.29816043
Inter-Hurricanes,580,0.13095169,0.44719803,0.29816043
Inter-Hurricanes,590,0.13998182,0.47729662,0.29816043
Inter-Hurricanes,600,0.15080424,0.51330835,0.29816043
Inter-Hurricanes,610,0.16301388,0.5538487,0.29816043
Inter-Hurricanes,620,0.17741506,0.60156596,0.29816043
Inter-Hurricanes,630,0.19306175,0.6533063,0.29816043
Inter-Hurricanes,640,0.20927678,0.70682216,0.29816043
Inter-Hurricanes,650,0.22457303,0.7572147,0.29816043
Inter-Hurricanes,660,0.23934358,0.80582,0.29816043
Inter-Hurricanes,670,0.25220823,0.84810716,0.29816043
Inter-Hurricanes,680,0.26251844,0.8819869,0.29816043
Inter-Hurricanes,690,0.2710127,0.9099017,0.29816043
Inter-Hurricanes,700,0.27750465,0.93124837,0.29816043
Inter-Hurricanes,710,0.2823663,0.94724894,0.29816043
Inter-Hurricanes,720,0.28576532,0.9584484,0.29816043
Inter-Hurricanes,730,0.28835616,0.9669984,0.29816043
Inter-Hurricanes,740,0.29022413,0.9731755,0.29816043
Inter-Hurricanes,750,0.29152548,0.97748965,0.29816043
Inter-Hurricanes,760,0.2925276,0.9808204,0.29816043
Inter-Hurricanes,770,0.29326478,0.98327845,0.29816043
Inter-Hurricanes,780,0.29382277,0.98514587,0.29816043
Inter-Hurricanes,790,0.29423875,0.986543,0.29816043
Inter-Hurricanes,800,0.29458287,0.9877035,0.29816043
Inter-Hurricanes,810,0.29486346,0.98865336,0.29816043
Inter-Hurricanes,820,0.29509625,0.9894441,0.29816043
Inter-Hurricanes,830,0.29528952,0.99010307,0.29816043
Inter-Hurricanes,840,0.29546478,0.990702,0.29816043
Inter-Hurricanes,850,0.29562062,0.9912359,0.29816043
Inter-Hurricanes,860,0.29575837,0.99170893,0.29816043
Inter-Hurricanes,870,0.29588747,0.9921527,0.29816043
Inter-Hurricanes,880,0.2960069,0.9925637,0.29816043
Inter-Hurricanes,890,0.29611996,0.9929533,0.29816043
Inter-Hurricanes,900,0.29622224,0.993306,0.29816043
Inter-Hurricanes,910,0.29631817,0.9936369,0.29816043
Inter-Hurricanes,920,0.29641327,0.99396485,0.29816043
Inter-Hurricanes,930,0.2965026,0.9942732,0.29816043
Inter-Hurricanes,940,0.29658785,0.99456763,0.29816043
Inter-Hurricanes,950,0.2966698,0.99485064,0.29816043
Inter-Hurricanes,960,0.29674616,0.99511427,0.29816043
Inter-Hurricanes,970,0.2968204,0.9953707,0.29816043
Inter-Hurricanes,980,0.29688945,0.9956093,0.29816043
Inter-Hurricanes,990,0.29695204,0.9958253,0.29816043
Inter-Hurricanes,1000,0.29701516,0.9960434,0.29816043
Inter-Hurricanes,1010,0.29707614,0.99625415,0.29816043
Inter-Hurricanes,1020,0.29713294,0.9964502,0.29816043
Inter-Hurricanes,1030,0.2971883,0.99664146,0.29816043
Inter-Hurricanes,1040,0.29723966,0.996819,0.29816043
Inter-Hurricanes,1050,0.29729024,0.9969937,0.29816043
Inter-Hurricanes,1060,0.2973337,0.99714375,0.29816043
Inter-Hurricanes,1070,0.29737756,0.9972952,0.29816043
Inter-Hurricanes,1080,0.29742047,0.9974435,0.29816043
Inter-Hurricanes,1090,0.29746237,0.9975882,0.29816043
Inter-Hurricanes,1100,0.2975005,0.99772,0.29816043
Inter-Hurricanes,1110,0.29753685,0.99784565,0.29816043
Inter-Hurricanes,1120,0.29757163,0.9979658,0.29816043
Inter-Hurricanes,1130,0.29760146,0.9980688,0.29816043
Inter-Hurricanes,1140,0.29763338,0.99817914,0.29816043
Inter-Hurricanes,1150,0.29766324,0.99828225,0.29816043
Inter-Hurricanes,1160,0.29769102,0.9983782,0.29816043
Inter-Hurricanes,1170,0.29771754,0.9984698,0.29816043
Inter-Hurricanes,1180,0.2977428,0.99855715,0.29816043
Inter-Hurricanes,1190,0.29776677,0.9986398,0.29816043
Inter-Hurricanes,1200,0.29778758,0.9987119,0.29816043
Inter-Hurricanes,1210,0.29780886,0.9987853,0.29816043
Inter-Hurricanes,1220,0.2978293,0.99885607,0.29816043
Inter-Hurricanes,1230,0.29784825,0.9989214,0.29816043
Inter-Hurricanes,1240,0.2978668,0.99898547,0.29816043
Inter-Hurricanes,1250,0.2978836,0.99904346,0.29816043
Inter-Hurricanes,1260,0.2978996,0.99909896,0.29816043
Inter-Hurricanes,1270,0.29791364,0.99914736,0.29816043
Inter-Hurricanes,1280,0.29792818,0.9991975,0.29816043
Inter-Hurricanes,1290,0.29794204,0.99924546,0.29816043
Inter-Hurricanes,1300,0.29795477,0.99928933,0.29816043
Post-Fiona,0,0.022079742,0.07671696,0.28830174
Post-Fiona,10,0.023866953,0.08299338,0.28830174
Post-Fiona,20,0.025846051,0.089946054,0.28830174
Post-Fiona,30,0.028039394,0.09765377,0.28830174
Post-Fiona,40,0.030467935,0.10618945,0.28830174
Post-Fiona,50,0.03313562,0.11556473,0.28830174
Post-Fiona,60,0.036095664,0.12596674,0.28830174
Post-Fiona,70,0.039346967,0.13738842,0.28830174
Post-Fiona,80,0.04290299,0.14987743,0.28830174
Post-Fiona,90,0.046757918,0.16341053,0.28830174
Post-Fiona,100,0.05092551,0.1780361,0.28830174
Post-Fiona,110,0.055381957,0.19366843,0.28830174
Post-Fiona,120,0.060102087,0.21022312,0.28830174
Post-Fiona,130,0.06504199,0.22754675,0.28830174
Post-Fiona,140,0.070152156,0.2454726,0.28830174
Post-Fiona,150,0.0753513,0.2637237,0.28830174
Post-Fiona,160,0.08057175,0.28206685,0.28830174
Post-Fiona,170,0.08571068,0.3001551,0.28830174
Post-Fiona,180,0.09064881,0.3175763,0.28830174
Post-Fiona,190,0.09535321,0.33423343,0.28830174
Post-Fiona,200,0.09970319,0.34970513,0.28830174
Post-Fiona,210,0.10363737,0.3637863,0.28830174
Post-Fiona,220,0.10709039,0.3762528,0.28830174
Post-Fiona,230,0.11003823,0.38702014,0.28830174
Post-Fiona,240,0.11246099,0.39601722,0.28830174
Post-Fiona,250,0.114373066,0.40328416,0.28830174
Post-Fiona,260,0.11583083,0.40901875,0.28830174
Post-Fiona,270,0.11684307,0.41323864,0.28830174
Post-Fiona,280,0.11746878,0.41614118,0.28830174
Post-Fiona,290,0.11778146,0.41796932,0.28830174
Post-Fiona,300,0.11780751,0.41880703,0.28830174
Post-Fiona,310,0.11760331,0.41883686,0.28830174
Post-Fiona,320,0.11723968,0.41831553,0.28830174
Post-Fiona,330,0.11675751,0.41735354,0.28830174
Post-Fiona,340,0.11618354,0.41606155,0.28830174
Post-Fiona,350,0.11558684,0.41465047,0.28830174
Post-Fiona,360,0.114988565,0.4132134,0.28830174
Post-Fiona,370,0.114442505,0.411909,0.28830174
Post-Fiona,380,0.11395899,0.41078413,0.28830174
Post-Fiona,390,0.1135748,0.40996802,0.28830174
Post-Fiona,400,0.11334348,0.40962863,0.28830174
Post-Fiona,410,0.113278985,0.40982476,0.28830174
Post-Fiona,420,0.11340323,0.41061935,0.28830174
Post-Fiona,430,0.113773815,0.4122158,0.28830174
Post-Fiona,440,0.11439979,0.41463634,0.28830174
Post-Fiona,450,0.115333974,0.41806707,0.28830174
Post-Fiona,460,0.11660794,0.42260495,0.28830174
Post-Fiona,470,0.11828846,0.42847788,0.28830174
Post-Fiona,480,0.12048151,0.43604425,0.28830174
Post-Fiona,490,0.12318063,0.4452759,0.28830174
Post-Fiona,500,0.12658791,0.45685259,0.28830174
Post-Fiona,510,0.13069238,0.4707309,0.28830174
Post-Fiona,520,0.13574834,0.48776546,0.28830174
Post-Fiona,530,0.14184059,0.5082345,0.28830174
Post-Fiona,540,0.14873958,0.5313675,0.28830174
Post-Fiona,550,0.15707205,0.5592631,0.28830174
Post-Fiona,560,0.1666251,0.591204,0.28830174
Post-Fiona,570,0.17688723,0.6254824,0.28830174
Post-Fiona,580,0.1883723,0.6638217,0.28830174
Post-Fiona,590,0.20045362,0.70412827,0.28830174
Post-Fiona,600,0.2126758,0.74488956,0.28830174
Post-Fiona,610,0.22404717,0.78280514,0.28830174
Post-Fiona,620,0.23508441,0.81960726,0.28830174
Post-Fiona,630,0.24490166,0.85234517,0.28830174
Post-Fiona,640,0.25333044,0.88046473,0.28830174
Post-Fiona,650,0.2600648,0.90294504,0.28830174
Post-Fiona,660,0.26571235,0.9218159,0.28830174
Post-Fiona,670,0.2701607,0.9366996,0.28830174
Post-Fiona,680,0.27344108,0.94769555,0.28830174
Post-Fiona,690,0.27606532,0.9565155,0.28830174
Post-Fiona,700,0.27804226,0.9631822,0.28830174
Post-Fiona,710,0.2795306,0.96822333,0.28830174
Post-Fiona,720,0.28061542,0.97191834,0.28830174
Post-Fiona,730,0.28148258,0.9748905,0.28830174
Post-Fiona,740,0.2821478,0.9771888,0.28830174
Post-Fiona,750,0.28265244,0.9789488,0.28830174
Post-Fiona,760,0.2830771,0.98044366,0.28830174
Post-Fiona,770,0.28342327,0.98167515,0.28830174
Post-Fiona,780,0.28371313,0.98271674,0.28830174
Post-Fiona,790,0.28395376,0.9835898,0.28830174
Post-Fiona,800,0.28417206,0.9843883,0.28830174
Post-Fiona,810,0.28437075,0.9851212,0.28830174
Post-Fiona,820,0.28455067,0.9857889,0.28830174
Post-Fiona,830,0.28471053,0.9863853,0.28830174
Post-Fiona,840,0.2848625,0.9869543,0.28830174
Post-Fiona,850,0.2850095,0.9875068,0.28830174
Post-Fiona,860,0.28514245,0.9880077,0.28830174
Post-Fiona,870,0.28527448,0.9885061,0.28830174
Post-Fiona,880,0.28539935,0.9889783,0.28830174
Post-Fiona,890,0.2855203,0.98943615,0.28830174
Post-Fiona,900,0.28563312,0.9898636,0.28830174
Post-Fiona,910,0.28574067,0.9902713,0.28830174
Post-Fiona,920,0.2858477,0.99067736,0.28830174
Post-Fiona,930,0.28595117,0.99107,0.28830174
Post-Fiona,940,0.28605112,0.99144936,0.28830174
Post-Fiona,950,0.2861485,0.9918189,0.28830174
Post-Fiona,960,0.2862425,0.992176,0.28830174
Post-Fiona,970,0.2863318,0.9925151,0.28830174
Post-Fiona,980,0.28641856,0.9928446,0.28830174
Post-Fiona,990,0.2864959,0.9931383,0.28830174
Post-Fiona,1000,0.28657657,0.993445,0.28830174
Post-Fiona,1010,0.2866544,0.99374074,0.28830174
Post-Fiona,1020,0.28673044,0.9940295,0.28830174
Post-Fiona,1030,0.28680104,0.99429774,0.28830174
Post-Fiona,1040,0.28687084,0.9945629,0.28830174
Post-Fiona,1050,0.28693807,0.9948184,0.28830174
Post-Fiona,1060,0.28699672,0.9950413,0.28830174
Post-Fiona,1070,0.28706062,0.9952841,0.28830174
Post-Fiona,1080,0.28711948,0.99550766,0.28830174
Post-Fiona,1090,0.28717613,0.99572295,0.28830174
Post-Fiona,1100,0.28723156,0.99593353,0.28830174
Post-Fiona,1110,0.28728262,0.99612755,0.28830174
Post-Fiona,1120,0.2873341,0.99632317,0.28830174
Post-Fiona,1130,0.28737912,0.9964941,0.28830174
Post-Fiona,1140,0.287425,0.9966685,0.28830174
Post-Fiona,1150,0.2874699,0.9968392,0.28830174
Post-Fiona,1160,0.28751138,0.9969968,0.28830174
Post-Fiona,1170,0.28755188,0.99715066,0.28830174
Post-Fiona,1180,0.28759146,0.99730104,0.28830174
Post-Fiona,1190,0.2876285,0.9974418,0.28830174
Post-Fiona,1200,0.28766084,0.9975648,0.28830174
Post-Fiona,1210,0.28769526,0.99769545,0.28830174
Post-Fiona,1220,0.28772652,0.99781436,0.28830174
Post-Fiona,1230,0.28775755,0.9979322,0.28830174
Post-Fiona,1240,0.28778693,0.9980437,0.28830174
Post-Fiona,1250,0.28781465,0.9981491,0.28830174
Post-Fiona,1260,0.28784153,0.99825126,0.28830174
Post-Fiona,1270,0.28786477,0.9983396,0.28830174
Post-Fiona,1280,0.28788915,0.9984322,0.28830174
Post-Fiona,1290,0.2879115,0.9985172,0.28830174
Post-Fiona,1300,0.28793338,0.9986003,0.28830174
