period,NDVI,p_report,psi
Pre-Maria,-0.3251231527093569,0.01638434,0.058471877
Pre-Maria,-0.31466610258359234,0.0165049,0.05890536
Pre-Maria,-0.30420905245782776,0.016630413,0.05935665
Pre-Maria,-0.2937520023320632,0.016761579,0.059828218
Pre-Maria,-0.28329495220629863,0.016896456,0.06031305
Pre-Maria,-0.2728379020805341,0.01703494,0.06081086
Pre-Maria,-0.26238085195476957,0.017178407,0.061326455
Pre-Maria,-0.251923801829005,0.017325625,0.061855543
Pre-Maria,-0.24146675170324042,0.017486619,0.062433973
Pre-Maria,-0.23100970157747586,0.017645992,0.06300656
Pre-Maria,-0.2205526514517113,0.017810447,0.06359743
Pre-Maria,-0.21009560132594673,0.017975923,0.06419185
Pre-Maria,-0.1996385512001822,0.018147675,0.064808756
Pre-Maria,-0.18918150107441764,0.018327028,0.065452985
Pre-Maria,-0.17872445094865308,0.018507982,0.06610268
Pre-Maria,-0.16826740082288852,0.01869644,0.06677952
Pre-Maria,-0.15781035069712396,0.018899117,0.067507274
Pre-Maria,-0.1473533005713594,0.019099763,0.068227515
Pre-Maria,-0.13689625044559484,0.01930367,0.06895957
Pre-Maria,-0.12643920031983027,0.019513708,0.0697135
Pre-Maria,-0.11598215019406571,0.019731745,0.07049593
Pre-Maria,-0.10552510006830118,0.01995291,0.07128974
Pre-Maria,-0.09506804994253662,0.020178778,0.07210036
Pre-Maria,-0.08461099981677206,0.0204132,0.07294154
Pre-Maria,-0.07415394969100753,0.02065358,0.073803976
Pre-Maria,-0.06369689956524294,0.020911979,0.07473116
Pre-Maria,-0.053239849439478404,0.021162601,0.0756304
Pre-Maria,-0.042782799313713815,0.0214232,0.07656535
Pre-Maria,-0.03232574918794928,0.021689476,0.07752058
Pre-Maria,-0.021868699062184693,0.021959431,0.07848897
Pre-Maria,-0.01141164893642016,0.022239901,0.07949497
Pre-Maria,-0.0009545988106555714,0.022527285,0.080525845
Pre-Maria,0.009502451315108962,0.022818727,0.08157127
Pre-Maria,0.019959501440873495,0.023126299,0.08267439
Pre-Maria,0.030416551566638084,0.023430793,0.08376661
Pre-Maria,0.04087360169240262,0.023753626,0.08492441
Pre-Maria,0.051330651818167206,0.024073606,0.08607211
Pre-Maria,0.06178770194393174,0.02439895,0.087239034
Pre-Maria,0.07224475206969633,0.02473517,0.08844485
Pre-Maria,0.08270180219546086,0.025082426,0.089690514
Pre-Maria,0.09315885232122545,0.025427612,0.09092858
Pre-Maria,0.10361590244698998,0.025779508,0.09219078
Pre-Maria,0.11407295257275452,0.026139624,0.09348249
Pre-Maria,0.1245300026985191,0.026504839,0.094792545
Pre-Maria,0.13498705282428364,0.026883522,0.09615084
Pre-Maria,0.14544410295004823,0.02725499,0.09748363
Pre-Maria,0.15590115307581276,0.027637457,0.09885564
Pre-Maria,0.16635820320157735,0.028022885,0.100238465
Pre-Maria,0.17681525332734183,0.02841828,0.10165732
Pre-Maria,0.18727230345310641,0.02880785,0.10305544
Pre-Maria,0.197729353578871,0.0292025,0.10447151
Pre-Maria,0.2081864037046356,0.029598279,0.105892114
Pre-Maria,0.21864345383040007,0.030005373,0.10735335
Pre-Maria,0.22910050395616466,0.03040388,0.10878419
Pre-Maria,0.23955755408192925,0.03080014,0.1102071
Pre-Maria,0.25001460420769384,0.031197185,0.1116331
Pre-Maria,0.2604716543334583,0.031598788,0.11307585
Pre-Maria,0.2709287044592229,0.031988148,0.11447472
Pre-Maria,0.2813857545849875,0.032377288,0.11587304
Pre-Maria,0.29184280471075197,0.03275985,0.11724841
Pre-Maria,0.30229985483651656,0.03313472,0.118596286
Pre-Maria,0.31275690496228115,0.033504676,0.11992675
Pre-Maria,0.32321395508804573,0.033868764,0.12123675
Pre-Maria,0.3336710052138102,0.034217734,0.12249282
Pre-Maria,0.3441280553395748,0.034560036,0.12372538
Pre-Maria,0.3545851054653394,0.0348852,0.124897026
Pre-Maria,0.36504215559110387,0.035205726,0.1260522
Pre-Maria,0.37549920571686846,0.03550693,0.12713845
Pre-Maria,0.38595625584263304,0.03579698,0.1281851
Pre-Maria,0.39641330596839763,0.036067616,0.1291629
Pre-Maria,0.4068703560941621,0.036322217,0.13008334
Pre-Maria,0.4173274062199267,0.03655823,0.13093749
Pre-Maria,0.4277844563456913,0.0367766,0.13172896
Pre-Maria,0.43824150647145577,0.03697512,0.13244961
Pre-Maria,0.44869855659722035,0.03715763,0.1331133
Pre-Maria,0.45915560672298494,0.037319317,0.13370252
Pre-Maria,0.46961265684874953,0.03746097,0.13422047
Pre-Maria,0.480069706974514,0.037583094,0.1346686
Pre-Maria,0.4905267571002786,0.037679933,0.13502656
Pre-Maria,0.5009838072260432,0.037757505,0.13531572
Pre-Maria,0.5114408573518078,0.037815597,0.13553554
Pre-Maria,0.5218979074775723,0.037849743,0.13566941
Pre-Maria,0.5323549576033368,0.037868567,0.1357489
Pre-Maria,0.5428120077291014,0.037859168,0.13572736
Pre-Maria,0.5532690578548659,0.03783366,0.13564797
Pre-Maria,0.5637261079806305,0.037784696,0.13548483
Pre-Maria,0.5741831581063951,0.037717197,0.13525528
Pre-Maria,0.5846402082321597,0.037630152,0.13495548
Pre-Maria,0.5950972583579242,0.037525102,0.13459133
Pre-Maria,0.6055543084836887,0.037400067,0.13415526
Pre-Maria,0.6160113586094533,0.037253384,0.1336417
Pre-Maria,0.6264684087352178,0.037094817,0.13308536
Pre-Maria,0.6369254588609824,0.03691883,0.13246615
Pre-Maria,0.647382508986747,0.036721352,0.1317696
Pre-Maria,0.6578395591125116,0.036512375,0.1310318
Pre-Maria,0.668296609238276,0.03628123,0.13021433
Pre-Maria,0.6787536593640405,0.036041,0.12936343
Pre-Maria,0.6892107094898051,0.035786778,0.12846226
Pre-Maria,0.6996677596155697,0.035516817,0.12750433
Pre-Maria,0.7101248097413343,0.035234436,0.12650125
Pre-Maria,0.7205818598670989,0.034938484,0.12544914
Pre-Maria,0.7310389099928635,0.03463354,0.12436402
Pre-Maria,0.7414959601186281,0.034314122,0.12322689
Pre-Maria,0.7519530102443927,0.0339871,0.12206173
Pre-Maria,0.762410060370157,0.03364727,0.12085024
Pre-Maria,0.7728671104959216,0.033298768,0.119606934
Pre-Maria,0.7833241606216862,0.03294134,0.11833122
Pre-Maria,0.7937812107474508,0.03256506,0.11698719
Pre-Maria,0.8042382608732154,0.032192763,0.115656935
Pre-Maria,0.81469531099898,0.031808157,0.114282064
Pre-Maria,0.8251523611247445,0.03141543,0.11287736
Pre-Maria,0.8356094112505089,0.031002833,0.1114007
Pre-Maria,0.8460664613762735,0.030592175,0.10993039
Pre-Maria,0.8565235115020381,0.030175665,0.10843852
Pre-Maria,0.8669805616278027,0.029748194,0.10690677
Pre-Maria,0.8774376117535673,0.029313242,0.10534773
Pre-Maria,0.8878946618793319,0.028858155,0.103715606
Pre-Maria,0.8983517120050964,0.028404653,0.102088906
Pre-Maria,0.9088087621308608,0.027948892,0.10045325
Pre-Maria,0.9192658122566254,0.027480518,0.09877202
Inter-Hurricanes,-0.3251231527093569,0.0050903508,0.017188566
Inter-Hurricanes,-0.31466610258359234,0.0051890337,0.017520504
Inter-Hurricanes,-0.30420905245782776,0.0052917055,0.017865939
Inter-Hurricanes,-0.2937520023320632,0.0053958525,0.018216295
Inter-Hurricanes,-0.28329495220629863,0.005505753,0.018585926
Inter-Hurricanes,-0.2728379020805341,0.0056185923,0.018965425
Inter-Hurricanes,-0.26238085195476957,0.0057361894,0.019360943
Inter-Hurricanes,-0.251923801829005,0.005856888,0.01976676
Inter-Hurricanes,-0.24146675170324042,0.005989107,0.020211348
Inter-Hurricanes,-0.23100970157747586,0.0061194613,0.020649483
Inter-Hurricanes,-0.2205526514517113,0.006251935,0.021094546
Inter-Hurricanes,-0.21009560132594673,0.0063922233,0.021565937
Inter-Hurricanes,-0.1996385512001822,0.006537372,0.022053614
Inter-Hurricanes,-0.18918150107441764,0.006686738,0.022555336
Inter-Hurricanes,-0.17872445094865308,0.0068423464,0.02307795
Inter-Hurricanes,-0.16826740082288852,0.007002327,0.023615064
Inter-Hurricanes,-0.15781035069712396,0.0071764304,0.024199704
Inter-Hurricanes,-0.1473533005713594,0.0073486716,0.024777846
Inter-Hurricanes,-0.13689625044559484,0.0075249965,0.02536968
Inter-Hurricanes,-0.12643920031983027,0.0077104405,0.02599209
Inter-Hurricanes,-0.11598215019406571,0.007899568,0.02662687
Inter-Hurricanes,-0.10552510006830118,0.0080969585,0.027289325
Inter-Hurricanes,-0.09506804994253662,0.008300796,0.02797337
Inter-Hurricanes,-0.08461099981677206,0.008511581,0.028680786
Inter-Hurricanes,-0.07415394969100753,0.008727647,0.029405812
Inter-Hurricanes,-0.06369689956524294,0.008961772,0.030191245
Inter-Hurricanes,-0.053239849439478404,0.009194434,0.030972093
Inter-Hurricanes,-0.042782799313713815,0.009434354,0.031777278
Inter-Hurricanes,-0.03232574918794928,0.009682571,0.032610208
Inter-Hurricanes,-0.021868699062184693,0.009939727,0.033473004
Inter-Hurricanes,-0.01141164893642016,0.010203805,0.034359287
Inter-Hurricanes,-0.0009545988106555714,0.010477971,0.03527906
Inter-Hurricanes,0.009502451315108962,0.010760192,0.03622611
Inter-Hurricanes,0.019959501440873495,0.011059892,0.037231755
Inter-Hurricanes,0.030416551566638084,0.011363275,0.038249474
Inter-Hurricanes,0.04087360169240262,0.01168105,0.039315615
Inter-Hurricanes,0.051330651818167206,0.0120013235,0.040390026
Inter-Hurricanes,0.06178770194393174,0.01233308,0.041503195
Inter-Hurricanes,0.07224475206969633,0.012675334,0.042651292
Inter-Hurricanes,0.08270180219546086,0.013034309,0.04385594
Inter-Hurricanes,0.09315885232122545,0.013396636,0.045071512
Inter-Hurricanes,0.10361590244698998,0.013765681,0.046310034
Inter-Hurricanes,0.11407295257275452,0.014142287,0.047573823
Inter-Hurricanes,0.1245300026985191,0.014527864,0.04886828
Inter-Hurricanes,0.13498705282428364,0.014931901,0.05022509
Inter-Hurricanes,0.14544410295004823,0.015332687,0.051571112
Inter-Hurricanes,0.15590115307581276,0.01573755,0.052931484
Inter-Hurricanes,0.16635820320157735,0.016143901,0.05429736
Inter-Hurricanes,0.17681525332734183,0.016566886,0.05572018
Inter-Hurricanes,0.18727230345310641,0.01698219,0.057117533
Inter-Hurricanes,0.197729353578871,0.017397074,0.058514625
Inter-Hurricanes,0.2081864037046356,0.017811358,0.0599108
Inter-Hurricanes,0.21864345383040007,0.018232912,0.061332148
Inter-Hurricanes,0.22910050395616466,0.018641328,0.06271046
Inter-Hurricanes,0.23955755408192925,0.019045318,0.064075135
Inter-Hurricanes,0.25001460420769384,0.019440934,0.06541274
Inter-Hurricanes,0.2604716543334583,0.019843975,0.066776246
Inter-Hurricanes,0.2709287044592229,0.02022606,0.06807005
Inter-Hurricanes,0.2813857545849875,0.020597978,0.06933089
Inter-Hurricanes,0.29184280471075197,0.020968573,0.07058812
Inter-Hurricanes,0.30229985483651656,0.021321177,0.07178495
Inter-Hurricanes,0.31275690496228115,0.02166205,0.072942786
Inter-Hurricanes,0.32321395508804573,0.02199229,0.07406553
Inter-Hurricanes,0.3336710052138102,0.022306465,0.075133495
Inter-Hurricanes,0.3441280553395748,0.02260793,0.07615886
Inter-Hurricanes,0.3545851054653394,0.022888789,0.07711392
Inter-Hurricanes,0.36504215559110387,0.023157133,0.078026325
Inter-Hurricanes,0.37549920571686846,0.023403414,0.07886354
Inter-Hurricanes,0.38595625584263304,0.023632629,0.07964196
Inter-Hurricanes,0.39641330596839763,0.023837065,0.08033555
Inter-Hurricanes,0.4068703560941621,0.024019524,0.08095354
Inter-Hurricanes,0.4173274062199267,0.024181644,0.081501625
Inter-Hurricanes,0.4277844563456913,0.024311645,0.08193975
Inter-Hurricanes,0.43824150647145577,0.024418226,0.08229756
Inter-Hurricanes,0.44869855659722035,0.024496786,0.082559146
Inter-Hurricanes,0.45915560672298494,0.024546325,0.08272133
Inter-Hurricanes,0.46961265684874953,0.024563016,0.082771204
Inter-Hurricanes,0.480069706974514,0.024551764,0.08272536
Inter-Hurricanes,0.4905267571002786,0.024509808,0.08257417
Inter-Hurricanes,0.5009838072260432,0.024440425,0.08232952
Inter-Hurricanes,0.5114408573518078,0.024339192,0.08197597
Inter-Hurricanes,0.5218979074775723,0.024208697,0.08152283
Inter-Hurricanes,0.5323549576033368,0.024049385,0.08097124
Inter-Hurricanes,0.5428120077291014,0.023864845,0.0803338
Inter-Hurricanes,0.5532690578548659,0.023651237,0.07959785
Inter-Hurricanes,0.5637261079806305,0.023413235,0.07877941
Inter-Hurricanes,0.5741831581063951,0.02315121,0.07788012
Inter-Hurricanes,0.5846402082321597,0.022860756,0.07688519
Inter-Hurricanes,0.5950972583579242,0.022552973,0.075832374
Inter-Hurricanes,0.6055543084836887,0.022218412,0.07469008
Inter-Hurricanes,0.6160113586094533,0.02186659,0.07349038
Inter-Hurricanes,0.6264684087352178,0.021493832,0.072220914
Inter-Hurricanes,0.6369254588609824,0.021102523,0.07089023
Inter-Hurricanes,0.647382508986747,0.020699563,0.06952133
Inter-Hurricanes,0.6578395591125116,0.020281954,0.06810444
Inter-Hurricanes,0.668296609238276,0.019847898,0.06663325
Inter-Hurricanes,0.6787536593640405,0.019409277,0.06514796
Inter-Hurricanes,0.6892107094898051,0.01895913,0.06362478
Inter-Hurricanes,0.6996677596155697,0.018500006,0.062072963
Inter-Hurricanes,0.7101248097413343,0.018037815,0.06051192
Inter-Hurricanes,0.7205818598670989,0.017564736,0.05891484
Inter-Hurricanes,0.7310389099928635,0.017092155,0.05732088
Inter-Hurricanes,0.7414959601186281,0.016611876,0.05570203
Inter-Hurricanes,0.7519530102443927,0.016134962,0.054095376
Inter-Hurricanes,0.762410060370157,0.015649794,0.052461773
Inter-Hurricanes,0.7728671104959216,0.015171547,0.05085228
Inter-Hurricanes,0.7833241606216862,0.01469189,0.04923888
Inter-Hurricanes,0.7937812107474508,0.014205298,0.04760276
Inter-Hurricanes,0.8042382608732154,0.013730307,0.046006333
Inter-Hurricanes,0.81469531099898,0.013258506,0.044421088
Inter-Hurricanes,0.8251523611247445,0.012791601,0.04285276
Inter-Hurricanes,0.8356094112505089,0.012316938,0.041258827
Inter-Hurricanes,0.8460664613762735,0.011861995,0.03973141
Inter-Hurricanes,0.8565235115020381,0.011411093,0.03821782
Inter-Hurricanes,0.8669805616278027,0.01096879,0.036733422
Inter-Hurricanes,0.8774376117535673,0.010535255,0.035278466
Inter-Hurricanes,0.8878946618793319,0.010098565,0.03381324
Inter-Hurricanes,0.8983517120050964,0.009684148,0.03242289
Inter-Hurricanes,0.9088087621308608,0.0092770355,0.031057136
Inter-Hurricanes,0.9192658122566254,0.008879811,0.029724443
Post-Fiona,-0.3251231527093569,0.008589946,0.030170687
Post-Fiona,-0.31466610258359234,0.008706606,0.03057342
Post-Fiona,-0.30420905245782776,0.008824459,0.030980036
Post-Fiona,-0.2937520023320632,0.00894725,0.031403467
Post-Fiona,-0.28329495220629863,0.009073947,0.031840462
Post-Fiona,-0.2728379020805341,0.00920408,0.03228871
Post-Fiona,-0.26238085195476957,0.009335354,0.032741047
Post-Fiona,-0.251923801829005,0.009473832,0.033217713
Post-Fiona,-0.24146675170324042,0.00962332,0.03373243
Post-Fiona,-0.23100970157747586,0.009766083,0.034224223
Post-Fiona,-0.2205526514517113,0.009914909,0.034736622
Post-Fiona,-0.21009560132594673,0.010066592,0.035258677
Post-Fiona,-0.1996385512001822,0.0102229,0.035796415
Post-Fiona,-0.18918150107441764,0.010384089,0.036351178
Post-Fiona,-0.17872445094865308,0.010548654,0.03691787
Post-Fiona,-0.16826740082288852,0.010716465,0.037495546
Post-Fiona,-0.15781035069712396,0.01089481,0.0381091
Post-Fiona,-0.1473533005713594,0.011072431,0.03872133
Post-Fiona,-0.13689625044559484,0.011250631,0.039334737
Post-Fiona,-0.12643920031983027,0.011436462,0.039975163
Post-Fiona,-0.11598215019406571,0.011621497,0.04061252
Post-Fiona,-0.10552510006830118,0.011816424,0.041284237
Post-Fiona,-0.09506804994253662,0.012011544,0.04195692
Post-Fiona,-0.08461099981677206,0.012211353,0.0426462
Post-Fiona,-0.07415394969100753,0.012415096,0.04334898
Post-Fiona,-0.06369689956524294,0.012634079,0.04410472
Post-Fiona,-0.053239849439478404,0.0128461,0.044837058
Post-Fiona,-0.042782799313713815,0.013061424,0.045580518
Post-Fiona,-0.03232574918794928,0.013282657,0.046344656
Post-Fiona,-0.021868699062184693,0.013507572,0.04712269
Post-Fiona,-0.01141164893642016,0.013734158,0.047906097
Post-Fiona,-0.0009545988106555714,0.013964596,0.048703928
Post-Fiona,0.009502451315108962,0.01419958,0.049517225
Post-Fiona,0.019959501440873495,0.01444585,0.05037043
Post-Fiona,0.030416551566638084,0.01469,0.051216733
Post-Fiona,0.04087360169240262,0.014941696,0.0520889
Post-Fiona,0.051330651818167206,0.015192284,0.052958813
Post-Fiona,0.06178770194393174,0.015446679,0.053841624
Post-Fiona,0.07224475206969633,0.015703613,0.05473372
Post-Fiona,0.08270180219546086,0.01597271,0.05566896
Post-Fiona,0.09315885232122545,0.016238008,0.056591164
Post-Fiona,0.10361590244698998,0.01650656,0.05752464
Post-Fiona,0.11407295257275452,0.016777877,0.058468595
Post-Fiona,0.1245300026985191,0.017053915,0.059429232
Post-Fiona,0.13498705282428364,0.017339462,0.060422856
Post-Fiona,0.14544410295004823,0.017622808,0.06141004
Post-Fiona,0.15590115307581276,0.017907655,0.062402125
Post-Fiona,0.16635820320157735,0.018197114,0.06341063
Post-Fiona,0.17681525332734183,0.018495938,0.064452015
Post-Fiona,0.18727230345310641,0.018790018,0.065477155
Post-Fiona,0.197729353578871,0.019088058,0.06651615
Post-Fiona,0.2081864037046356,0.01938498,0.06755123
Post-Fiona,0.21864345383040007,0.019693302,0.06862657
Post-Fiona,0.22910050395616466,0.019995654,0.069681115
Post-Fiona,0.23955755408192925,0.02029694,0.07073154
Post-Fiona,0.25001460420769384,0.020600261,0.07178954
Post-Fiona,0.2604716543334583,0.020909935,0.07286936
Post-Fiona,0.2709287044592229,0.02121147,0.07392099
Post-Fiona,0.2813857545849875,0.021509012,0.07495905
Post-Fiona,0.29184280471075197,0.021811202,0.076012366
Post-Fiona,0.30229985483651656,0.022104947,0.077036686
Post-Fiona,0.31275690496228115,0.022393713,0.07804339
Post-Fiona,0.32321395508804573,0.022680247,0.079042286
Post-Fiona,0.3336710052138102,0.02295941,0.08001494
Post-Fiona,0.3441280553395748,0.023232257,0.08096496
Post-Fiona,0.3545851054653394,0.023492867,0.08187238
Post-Fiona,0.36504215559110387,0.023748634,0.08276236
Post-Fiona,0.37549920571686846,0.02399224,0.083609916
Post-Fiona,0.38595625584263304,0.024225017,0.08441919
Post-Fiona,0.39641330596839763,0.024442801,0.085175775
Post-Fiona,0.4068703560941621,0.024646243,0.08588148
Post-Fiona,0.4173274062199267,0.024834534,0.08653454
Post-Fiona,0.4277844563456913,0.025007054,0.087131284
Post-Fiona,0.43824150647145577,0.025164055,0.08767313
Post-Fiona,0.44869855659722035,0.025298366,0.08813608
Post-Fiona,0.45915560672298494,0.025415847,0.08853925
Post-Fiona,0.46961265684874953,0.025511995,0.08886778
Post-Fiona,0.480069706974514,0.025586419,0.08911929
Post-Fiona,0.4905267571002786,0.02563901,0.08929354
Post-Fiona,0.5009838072260432,0.025666298,0.08937936
Post-Fiona,0.5114408573518078,0.025668994,0.089379035
Post-Fiona,0.5218979074775723,0.025647322,0.089292884
Post-Fiona,0.5323549576033368,0.025602296,0.08912441
Post-Fiona,0.5428120077291014,0.02552975,0.08885949
Post-Fiona,0.5532690578548659,0.02543444,0.08851471
Post-Fiona,0.5637261079806305,0.025311584,0.08807353
Post-Fiona,0.5741831581063951,0.025160817,0.08753443
Post-Fiona,0.5846402082321597,0.024985626,0.086910434
Post-Fiona,0.5950972583579242,0.02478792,0.086207025
Post-Fiona,0.6055543084836887,0.024562234,0.08540603
Post-Fiona,0.6160113586094533,0.024314145,0.084526755
Post-Fiona,0.6264684087352178,0.024042465,0.08356559
Post-Fiona,0.6369254588609824,0.023749167,0.0825289
Post-Fiona,0.647382508986747,0.02343665,0.081425935
Post-Fiona,0.6578395591125116,0.023103824,0.08025196
Post-Fiona,0.668296609238276,0.022749355,0.079002716
Post-Fiona,0.6787536593640405,0.02238229,0.077710174
Post-Fiona,0.6892107094898051,0.022002876,0.07637536
Post-Fiona,0.6996677596155697,0.021605536,0.07497858
Post-Fiona,0.7101248097413343,0.02119799,0.073546566
Post-Fiona,0.7205818598670989,0.020775514,0.07206339
Post-Fiona,0.7310389099928635,0.020349724,0.07056952
Post-Fiona,0.7414959601186281,0.019909473,0.06902682
Post-Fiona,0.7519530102443927,0.019468263,0.067480594
Post-Fiona,0.762410060370157,0.019015111,0.06589415
Post-Fiona,0.7728671104959216,0.018563231,0.064312875
Post-Fiona,0.7833241606216862,0.018108023,0.06272166
Post-Fiona,0.7937812107474508,0.01763895,0.0610826
Post-Fiona,0.8042382608732154,0.017179457,0.05947842
Post-Fiona,0.81469531099898,0.016720073,0.057875443
Post-Fiona,0.8251523611247445,0.016257694,0.056263417
Post-Fiona,0.8356094112505089,0.015787762,0.054625694
Post-Fiona,0.8460664613762735,0.01532831,0.053025734
Post-Fiona,0.8565235115020381,0.014871831,0.051437553
Post-Fiona,0.8669805616278027,0.014418714,0.049861874
Post-Fiona,0.8774376117535673,0.013967139,0.04829247
Post-Fiona,0.8878946618793319,0.013511532,0.046710026
Post-Fiona,0.8983517120050964,0.013068594,0.045172464
Post-Fiona,0.9088087621308608,0.01263006,0.04365081
Post-Fiona,0.9192658122566254,0.012200194,0.042160075
