Elevation_m,Period,Elevation_100m,NDVI,Duration_min,Distance_km,predicted_logit,standard_error,lower_logit,upper_logit,predicted_probability,lower_95,upper_95
0,Pre-Maria,0,0.5248074086878045,56.74048944560427,0.8431555468568778,-3.5980547665225706,0.05564879537580444,-3.7071264054591473,-3.488983127585994,0.026647401284400976,0.023959798659139806,0.029627324820820318
10,Pre-Maria,0.1,0.5248074086878045,56.74048944560427,0.8431555468568778,-3.562315608068731,0.054765891665682014,-3.6696567557334676,-3.454974460403994,0.02759022884850432,0.024851861050513045,0.03062085608945649
20,Pre-Maria,0.2,0.5248074086878045,56.74048944560427,0.8431555468568778,-3.52657644961489,0.05391920746291724,-3.6322580962422077,-3.4208948029875725,0.02856543616106568,0.02577447662339738,0.03164879372430007
30,Pre-Maria,0.3,0.5248074086878045,56.74048944560427,0.8431555468568778,-3.4908372911610503,0.053110475023801375,-3.594933822207701,-3.3867407601143995,0.029574064924767118,0.026728469904783603,0.03271242831633606
40,Pre-Maria,0.4,0.5248074086878045,56.74048944560427,0.8431555468568778,-3.4550981327072106,0.052341453566092114,-3.557687381696751,-3.35250888371767,0.030617185310453963,0.027714671432963217,0.03381310355039217
50,Pre-Maria,0.5,0.5248074086878045,56.74048944560427,0.8431555468568778,-3.4193589742533708,0.051613918141347796,-3.5205222538104124,-3.318195694696329,0.03169589636618756,0.028733917133608625,0.03495221771962655
60,Pre-Maria,0.6,0.5248074086878045,56.74048944560427,0.8431555468568778,-3.38361981579953,0.05092964667779419,-3.4834419232880065,-3.2837977083110537,0.032811326402312976,0.029787047829470455,0.036131225055313874
70,Pre-Maria,0.7,0.5248074086878045,56.74048944560427,0.8431555468568778,-3.3478806573456907,0.05029040520696748,-3.446449851551347,-3.2493114631400344,0.03396463334955811,0.030874908919556566,0.037351636829327274
80,Pre-Maria,0.8,0.5248074086878045,56.74048944560427,0.8431555468568778,-3.312141498891851,0.04969793135906,-3.4095494443556085,-3.2147335534280934,0.03515700508699106,0.031998350263116704,0.038615022186800775
90,Pre-Maria,0.9,0.5248074086878045,56.74048944560427,0.8431555468568778,-3.276402340438011,0.04915391629556614,-3.372744016377321,-3.1800606644987015,0.03638965973646492,0.03315822630122679,0.039923008668513775
100,Pre-Maria,1,0.5248074086878045,56.74048944560427,0.8431555468568778,-3.2406631819841705,0.048659985340585896,-3.3360367532517188,-3.145289610716622,0.03766384591997818,0.034355396443958484,0.041277282386863894
110,Pre-Maria,1.1,0.5248074086878045,56.74048944560427,0.8431555468568778,-3.2049240235303307,0.04821767766943336,-3.29943067176242,-3.1104173752982414,0.038980842976170105,0.03559072574386044,0.042679587826050795
120,Pre-Maria,1.2,0.5248074086878045,56.74048944560427,0.8431555468568778,-3.169184865076491,0.04782842550882832,-3.2629285790737943,-3.0754411510791875,0.04034196113195866,0.036865085866791644,0.0441317272462686
130,Pre-Maria,1.3,0.5248074086878045,56.74048944560427,0.8431555468568778,-3.13344570662265,0.04749353338936295,-3.2265330320658014,-3.040358381179499,0.04174854162511088,0.038179356359276335,0.04563555968304863
140,Pre-Maria,1.4,0.5248074086878045,56.74048944560427,0.8431555468568778,-3.0977065481688104,0.047214158059763756,-3.190246297965947,-3.0051667983716737,0.04320195677331581,0.03953442619800518,0.047192999545907006
150,Pre-Maria,1.5,0.5248074086878045,56.74048944560427,0.8431555468568778,-3.0619673897149706,0.046991289715339835,-3.1540703175570366,-2.9698644618729046,0.04470360998510771,0.04093119559264781,0.048806014834371504
160,Pre-Maria,1.6,0.5248074086878045,56.74048944560427,0.8431555468568778,-3.026228231261131,0.04682573520258363,-3.1180066722581947,-2.934449790264067,0.046254935707761895,0.042370577998742324,0.0504766250033149
170,Pre-Maria,1.7,0.5248074086878045,56.74048944560427,0.8431555468568778,-2.99048907280729,0.046718103832955195,-3.0820565563198823,-2.898921589294698,0.04785739930706186,0.04385350228420229,0.052206898522204837
180,Pre-Maria,1.8,0.5248074086878045,56.74048944560427,0.8431555468568778,-2.9547499143534504,0.04666879636935063,-3.0462207552373775,-2.8632790734695233,0.04951249687361241,0.045380914982056215,0.053998950183262014
190,Pre-Maria,1.9,0.5248074086878045,56.74048944560427,0.8431555468568778,-2.9190107558996106,0.04667799764036448,-3.0104996312747248,-2.8275218805244964,0.0512217549501531,0.04695378255442441,0.05585493822059525
200,Pre-Maria,2,0.5248074086878045,56.74048944560427,0.8431555468568778,-2.8832715974457703,0.046745673095984604,-2.9748931167139,-2.7916500781776405,0.052986730174108466,0.0485730935892004,0.0577770613053945
210,Pre-Maria,2.1,0.5248074086878045,56.74048944560427,0.8431555468568778,-2.8475324389919296,0.04687156945326529,-2.9394007151203296,-2.7556641628635297,0.054809008829402386,0.05023986085184039,0.05976755548082239
220,Pre-Maria,2.2,0.5248074086878045,56.74048944560427,0.8431555468568778,-2.81179328053809,0.047055219404022686,-2.9040215105699745,-2.7195650505062052,0.05669020630136079,0.051955123120038436,0.0618286910943869
230,Pre-Maria,2.3,0.5248074086878045,56.74048944560427,0.8431555468568778,-2.7760541220842496,0.04729595018225114,-2.8687541844414617,-2.6833540597270376,0.05863196642833618,0.05371994673841558,0.0639627697757737
240,Pre-Maria,2.4,0.5248074086878045,56.74048944560427,0.8431555468568778,-2.74031496363041,0.04759289563008409,-2.8335970390653746,-2.647032888195445,0.06063596074350773,0.05553542684283206,0.06617212149521721
250,Pre-Maria,2.5,0.5248074086878045,56.74048944560427,0.8431555468568778,-2.7045758051765696,0.047945011269192546,-2.798548027264187,-2.610603583088952,0.06270388760015001,0.057402688218443076,0.06845910172260769
260,Pre-Maria,2.6,0.5248074086878045,56.74048944560427,0.8431555468568778,-2.66883664672273,0.04835109178790847,-2.7636047866270306,-2.574068506818429,0.06483747117351805,0.05932288577092051,0.0708260886919063
270,Pre-Maria,2.7,0.5248074086878045,56.74048944560427,0.8431555468568778,-2.6330974882688896,0.04880979029759633,-2.7287646772521783,-2.537430299285601,0.06703846033237658,0.06129720460516598,0.07327548076028248
280,Pre-Maria,2.8,0.5248074086878045,56.74048944560427,0.8431555468568778,-2.5973583298150498,0.04931963869535881,-2.694024821657953,-2.5006918379721466,0.06930862737310438,0.06332685971929426,0.07580969383774343
290,Pre-Maria,2.9,0.5248074086878045,56.74048944560427,0.8431555468568778,-2.5616191713612095,0.049879068490890716,-2.6593821456033555,-2.4638561971190636,0.07164976660923957,0.06541309533289609,0.07843115885169566
300,Pre-Maria,3,0.5248074086878045,56.74048944560427,0.8431555468568778,-2.5258800129073697,0.05048643150718842,-2.624833418661459,-2.4269266071532805,0.0740636928092972,0.06755718387711188,0.08114231920234119
310,Pre-Maria,3.1,0.5248074086878045,56.74048944560427,0.8431555468568778,-2.4901408544535295,0.05114001994010088,-2.5903752935361273,-2.3899064153709317,0.07655223947569721,0.06976042467970019,0.08394562815925685
320,Pre-Maria,3.2,0.5248074086878045,56.74048944560427,0.8431555468568778,-2.4544016959996893,0.051838085351897704,-2.5560043432894086,-2.35279904870997,0.07911725695768489,0.07202414238116421,0.08684354614683434
330,Pre-Maria,3.3,0.5248074086878045,56.74048944560427,0.8431555468568778,-2.4186625375458495,0.05257885627094006,-2.521717095836892,-2.315607979254807,0.08176061039122177,0.07434968511842038,0.08983853786618376
340,Pre-Maria,3.4,0.5248074086878045,56.74048944560427,0.8431555468568778,-2.3829233790920092,0.05336055416599929,-2.487510065257368,-2.2783366929266506,0.08448417745896758,0.07673842251090218,0.09293306920317955
350,Pre-Maria,3.5,0.5248074086878045,56.74048944560427,0.8431555468568778,-2.3471842206381694,0.05418140765408132,-2.453379779640169,-2.24098866163617,0.08728984596367532,0.07919174348089494,0.09612960387606877
360,Pre-Maria,3.6,0.5248074086878045,56.74048944560427,0.8431555468568778,-2.311445062184329,0.055039664880754555,-2.419322805350608,-2.2035673190180503,0.09017951120858485,0.0817110539358109,0.09943059978096698
370,Pre-Maria,3.7,0.5248074086878045,56.74048944560427,0.8431555468568778,-2.2757059037304894,0.05593360407953898,-2.385335767726386,-2.166076039734593,0.09315507317872722,0.08429777433549673,0.10283850499918186
380,Pre-Maria,3.8,0.5248074086878045,56.74048944560427,0.8431555468568778,-2.239966745276649,0.056861542370923245,-2.351415368323659,-2.1285181222296394,0.09621843351745554,0.08695333716291713,0.10635575343625737
390,Pre-Maria,3.9,0.5248074086878045,56.74048944560427,0.8431555468568778,-2.2042275868228094,0.05782184290220095,-2.3175583989111233,-2.0908967747344955,0.0993714922929923,0.08967918431197813,0.1099847600686221
400,Pre-Maria,4,0.5248074086878045,56.74048944560427,0.8431555468568778,-2.168488428368969,0.05881292045755032,-2.2837617524657676,-2.0532151042721707,0.1026161445503464,0.09247676440206612,0.11372791577955474
410,Pre-Maria,4.1,0.5248074086878045,56.74048944560427,0.8431555468568778,-2.1327492699151294,0.05983324568513983,-2.2500224314580035,-2.015476108372255,0.1059542766445962,0.09534753002521401,0.11758758177171874
420,Pre-Maria,4.2,0.5248074086878045,56.74048944560427,0.8431555468568778,-2.097010111461289,0.060881348096303634,-2.2163375537300443,-1.977682669192534,0.10938776235227657,0.09829293492874365,0.12156608354870924
430,Pre-Maria,4.3,0.5248074086878045,56.74048944560427,0.8431555468568778,-2.061270953007449,0.06195581799283349,-2.1827043562734025,-1.9398375497414952,0.11291845875843869,0.10131443113378175,0.12566570446288883
440,Pre-Maria,4.4,0.5248074086878045,56.74048944560427,0.8431555468568778,-2.025531794553609,0.06305530747392923,-2.1491201972025102,-1.9019433919047077,0.11654820191788899,0.10441346598819468,0.12988867883129435
450,Pre-Maria,4.5,0.5248074086878045,56.74048944560427,0.8431555468568778,-1.9897926360997689,0.0641785306659106,-2.1155825562049535,-1.864002715994584,0.12027880229014917,0.10759147915118243,0.1342371846256224
460,Pre-Maria,4.6,0.5248074086878045,56.74048944560427,0.8431555468568778,-1.954053477645929,0.0653242633067647,-2.082089033727188,-1.8260179215646701,0.1241120399488235,0.11084989950595762,0.13871333574631506
470,Pre-Maria,4.7,0.5248074086878045,56.74048944560427,0.8431555468568778,-1.9183143191920888,0.06649134180508508,-2.048637349130056,-1.787991289254122,0.12804965956731335,0.11419014199654814,0.14331917389462956
480,Pre-Maria,4.8,0.5248074086878045,56.74048944560427,0.8431555468568778,-1.882575160738249,0.0676786618798171,-2.0152253380226908,-1.7499249834538075,0.13209336518417866,0.1176136043847299,0.14805666006035162
490,Pre-Maria,4.9,0.5248074086878045,56.74048944560427,0.8431555468568778,-1.8468360022844088,0.06888517687410979,-1.9818509489576641,-1.7118210556111535,0.13624481475291916,0.121121663923366,0.15292766564655957
500,Pre-Maria,5,0.5248074086878045,56.74048944560427,0.8431555468568778,-1.8110968438305686,0.07010989582394912,-1.9485122396455088,-1.6736814480156283,0.1405056144825264,0.1247156739429345,0.15793396325660322
510,Pre-Maria,5.1,0.5248074086878045,56.74048944560427,0.8431555468568778,-1.7753576853767288,0.07135188135042715,-1.915207372823566,-1.6355079979298917,0.1448773129768463,0.12839696034873269,0.1630772171722693
520,Pre-Maria,5.2,0.5248074086878045,56.74048944560427,0.8431555468568778,-1.7396185269228885,0.07261024743366945,-1.8819346118928806,-1.5973024419528965,0.14936139518257818,0.132166818027098,0.16835897355597668
530,Pre-Maria,5.3,0.5248074086878045,56.74048944560427,0.8431555468568778,-1.7038793684690487,0.07388415711669717,-1.8486923164177753,-1.5590664205203222,0.15395927615762342,0.13602650715995981,0.17378065041379284
540,Pre-Maria,5.4,0.5248074086878045,56.74048944560427,0.8431555468568778,-1.6681402100152085,0.07517282017886326,-1.8154789375657805,-1.5208014824646365,0.1586722946734748,0.13997724944810236,0.1793435273600848
550,Pre-Maria,5.5,0.5248074086878045,56.74048944560427,0.8431555468568778,-1.6324010515613687,0.07647549081094843,-1.7822930135508277,-1.4825090895719097,0.1635017066673918,0.14402022424465097,0.18504873522869228
560,Pre-Maria,5.6,0.5248074086878045,56.74048944560427,0.8431555468568778,-1.5966618931075285,0.07779146531747573,-1.749133165129781,-1.444190621085276,0.16844867856224022,0.1481565646014825,0.1908972455796219
570,Pre-Maria,5.7,0.5248074086878045,56.74048944560427,0.8431555468568778,-1.5609227346536887,0.07912007986622253,-1.715998091191485,-1.4058473781158924,0.17351428047405648,0.15238735323248148,0.19688986015436505
580,Pre-Maria,5.8,0.5248074086878045,56.74048944560427,0.8431555468568778,-1.5251835761998485,0.08046070830018626,-1.6828865644682136,-1.3674805879314833,0.17869947932963123,0.15671361839881814,0.20302720033700253
590,Pre-Maria,5.9,0.5248074086878045,56.74048944560427,0.8431555468568778,-1.4894444177460082,0.08181276002330393,-1.649797427391684,-1.3290914081003324,0.18400513191865878,0.16113632972268954,0.20930969668221797
600,Pre-Maria,6,0.5248074086878045,56.74048944560427,0.8431555468568778,-1.4537052592921684,0.08317567796794086,-1.6167295881093324,-1.2906809304750044,0.18943197790726565,0.16565639393724707,0.21573757857515036
610,Pre-Maria,6.1,0.5248074086878045,56.74048944560427,0.8431555468568778,-1.4179661008383286,0.08454893664946539,-1.5836820166712808,-1.2522501850053764,0.19498063284197806,0.1702746505817129,0.22231086409159895
620,Pre-Maria,6.2,0.5248074086878045,56.74048944560427,0.8431555468568778,-1.3822269423844884,0.08593204031103213,-1.5506537413941115,-1.2138001433748653,0.2006515811754012,0.17499186765196778,0.22902935013039205
630,Pre-Maria,6.3,0.5248074086878045,56.74048944560427,0.8431555468568778,-1.3464877839306482,0.08732452115993088,-1.5176438454041126,-1.1753317224571838,0.20644516934703191,0.17980873721815996,0.23589260289266992
640,Pre-Maria,6.4,0.5248074086878045,56.74048944560427,0.8431555468568778,-1.3107486254768084,0.08872593769545865,-1.4846514633599073,-1.1368457875937095,0.2123615989546869,0.18472587102213756,0.24289994878533322
650,Pre-Maria,6.5,0.5248074086878045,56.74048944560427,0.8431555468568778,-1.2750094670229681,0.09013587312717634,-1.4516757783522338,-1.0983431556937024,0.21840092005396752,0.18974379606873423,0.25005046582790136
660,Pre-Maria,6.6,0.5248074086878045,56.74048944560427,0.8431555468568778,-1.2392703085691283,0.09155393388157211,-1.4187160189770096,-1.059824598161247,0.22456302462497738,0.1948629502261321,0.2573429756434316
670,Pre-Maria,6.7,0.5248074086878045,56.74048944560427,0.8431555468568778,-1.203531150115288,0.09297974819452329,-1.3857714565765538,-1.0212908436540225,0.23084764024712073,0.20008367785168588,0.2647760361149014
680,Pre-Maria,6.8,0.5248074086878045,56.74048944560427,0.8431555468568778,-1.1677919916614483,0.09441296478649243,-1.3528414026429734,-0.98274258067992315,0.23725432402421018,0.2054062254606961,0.27234793478846836
690,Pre-Maria,6.9,0.5248074086878045,56.74048944560427,0.8431555468568778,-1.132052833207608,0.09585325161707761,-1.31992520637708,-0.9441804600381359,0.24378245680327362,0.21083073745666936,0.2800566831042592
700,Pre-Maria,7,0.5248074086878045,56.74048944560427,0.8431555468568778,-1.0963136747537683,0.09730029471533448,-1.287022252395824,-0.9056050971117127,0.25043123773132653,0.21635725194258418,0.2879000115337031
710,Pre-Maria,7.1,0.5248074086878045,56.74048944560427,0.8431555468568778,-1.060574516299928,0.09875379708217771,-1.2541319585809965,-0.8670170740188597,0.2571996791949565,0.2219856966335806,0.29587536569990813
720,Pre-Maria,7.2,0.5248074086878045,56.74048944560427,0.8431555468568778,-1.0248353578460878,0.10021347766112973,-1.221253774061902,-0.8284169416302736,0.26408660218779884,0.22771588489230196,0.3039799035541068
730,Pre-Maria,7.3,0.5248074086878045,56.74048944560427,0.8431555468568778,-0.989096199392248,0.10167907037370269,-1.1883871773247052,-0.7898052214597908,0.2710906321508565,0.23354751190882472,0.3122104936767719
740,Pre-Maria,7.4,0.5248074086878045,56.74048944560427,0.8431555468568778,-0.9533570409384078,0.10315032321576048,-1.1555316744412982,-0.7511824074355172,0.2782101953300953,0.23948015104770554,0.3205637147665874
750,Pre-Maria,7.5,0.5248074086878045,56.74048944560427,0.8431555468568778,-0.917617882484568,0.10462699741129988,-1.1226867974107158,-0.7125489675584202,0.2854435156948069,0.24551325038514082,0.32903585637407085
760,Pre-Maria,7.6,0.5248074086878045,56.74048944560427,0.8431555468568778,-0.881878724030728,0.10610886662020884,-1.0898521026063372,-0.6739053454551187,0.2927886124588665,0.2516461294595668,0.33762292092929597
770,Pre-Maria,7.7,0.5248074086878045,56.74048944560427,0.8431555468568778,-0.846139565576888,0.10759571619669263,-1.0570271693224056,-0.6352519618313704,0.30024329824518353,0.2578779762592043,0.34632062710488365
780,Pre-Maria,7.8,0.5248074086878045,56.74048944560427,0.8431555468568778,-0.810400407123048,0.10908734249520427,-1.0242115984136484,-0.5965892158324476,0.30780517793136974,0.26420784447007667,0.3551244145462821
790,Pre-Maria,7.9,0.5248074086878045,56.74048944560427,0.8431555468568778,-0.7746612486692079,0.11058355222086877,-0.9914050110221108,-0.5579174863163051,0.3154716482118972,0.27063465100787837,0.3640294499914049
800,Pre-Maria,8,0.5248074086878045,56.74048944560427,0.8431555468568778,-0.7389220902153679,0.1120841618215439,-0.958607047385594,-0.5192371330451419,0.32323989790881213,0.2771571738567423,0.37303063479102294
810,Pre-Maria,8.1,0.5248074086878045,56.74048944560427,0.8431555468568778,-0.7031829317615279,0.11358899691881823,-0.9258173657224116,-0.4805484978006442,0.331106909059399,0.283774050237439,0.38212261383003043
820,Pre-Maria,8.2,0.5248074086878045,56.74048944560427,0.8431555468568778,-0.6674437733076881,0.11509789177539867,-0.8930356411874695,-0.44185190542790675,0.3390694588050849,0.2904837751268292,0.3912997858379336
830,Pre-Maria,8.3,0.5248074086878045,56.74048944560427,0.8431555468568778,-0.6317046148538477,0.11661068879649199,-0.860261564894972,-0.40314766481272335,0.34712412210133664,0.2972847001494837,0.40055631506479145
840,Pre-Maria,8.4,0.5248074086878045,56.74048944560427,0.8431555468568778,-0.5959654564000076,0.1181272380629296,-0.8274948430033496,-0.36443606979666565,0.3552672752633822,0.304175032861268,0.4098861442865039
850,Pre-Maria,8.5,0.5248074086878045,56.74048944560427,0.8431555468568778,-0.5602262979461676,0.11964739689392584,-0.7947351958582622,-0.325717400034073,0.36349510035730337,0.3111528364433797,0.41928300909098115
860,Pre-Maria,8.6,0.5248074086878045,56.74048944560427,0.8431555468568778,-0.5244871394923278,0.12117102943749389,-0.7619823571898159,-0.2869919217948398,0.3718035904404457,0.3182160298238,0.4287404533844614
870,Pre-Maria,8.7,0.5248074086878045,56.74048944560427,0.8431555468568778,-0.4887479810384878,0.12269800628667213,-0.7292360733603652,-0.24825988871661045,0.3801885556492265,0.32536238824140606,0.43825184604529566
880,Pre-Maria,8.8,0.5248074086878045,56.74048944560427,0.8431555468568778,-0.45300882258464736,0.1242282041198346,-0.6964961026595231,-0.20952154250977156,0.3886456301263402,0.33258954426607357,0.44781039864102157
890,Pre-Maria,8.9,0.5248074086878045,56.74048944560427,0.8431555468568778,-0.41726966413080757,0.12576150536347427,-0.6637622146432172,-0.170777113618398,0.3971702797731307,0.33989498928599776,0.457409184113689
900,Pre-Maria,9,0.5248074086878045,56.74048944560427,0.8431555468568778,-0.38153050567696756,0.1272977978759565,-0.6310341895138423,-0.13202682184009285,0.4057578108065811,0.34727607547118555,0.46704115632835286
910,Pre-Maria,9.1,0.5248074086878045,56.74048944560427,0.8431555468568778,-0.34579134722312743,0.12883697465084085,-0.5983118175387755,-0.09327087690747937,0.41440337909403463,0.3547300182196233,0.47669917037055104
920,Pre-Maria,9.2,0.5248074086878045,56.74048944560427,0.8431555468568778,-0.31005218876928764,0.13037893353846614,-0.5655948985046813,-0.054509479033894026,0.4231020002324848,0.36225389909004224,0.4863760034706022
930,Pre-Maria,9.3,0.5248074086878045,56.74048944560427,0.8431555468568778,-0.2743130303154472,0.1319235769845821,-0.532883241205228,-0.0157428194256663,0.4318485603331192,0.36984466922247816,0.4960643764258005
940,Pre-Maria,9.4,0.5248074086878045,56.74048944560427,0.8431555468568778,-0.23857387186160717,0.13347081178489542,-0.5001766629600022,0.023028919236787848,0.440637827465857,0.377499153244993,0.5057569753861781
950,Pre-Maria,9.5,0.5248074086878045,56.74048944560427,0.8431555468568778,-0.20283471340776738,0.13502054885447556,-0.4674749891625395,0.06180556234700474,0.4494644637129587,0.3852140536620113,0.5154464738655289
960,Pre-Maria,9.6,0.5248074086878045,56.74048944560427,0.8431555468568778,-0.16709555495392736,0.1365727030110391,-0.434778052855564,0.10058694294770926,0.45832303777546707,0.39298595571673833,0.5251255548369126
970,Pre-Maria,9.7,0.5248074086878045,56.74048944560427,0.8431555468568778,-0.13135639650008735,0.1381271927711991,-0.40208569433163754,0.13937290133146285,0.46720803807135397,0.4008113327171149,0.5347869327709235
980,Pre-Maria,9.8,0.5248074086878045,56.74048944560427,0.8431555468568778,-0.09561723804624689,0.139683940158829,-0.36939776075755176,0.17816328466505799,0.4761138862598378,0.4086865518117333,0.54442337547563
990,Pre-Maria,9.9,0.5248074086878045,56.74048944560427,0.8431555468568778,-0.059878079592407096,0.14124287052475065,-0.3367141058209184,0.21695794663610418,0.4850349511224851,0.41660788019913336,0.554027725599264
1000,Pre-Maria,10,0.5248074086878045,56.74048944560427,0.8431555468568778,-0.024138921138567086,0.14280391237700896,-0.3040345893975046,0.25575674712037044,0.4939655627284502,0.4245714917509389,0.5635929216604173
1010,Pre-Maria,10.1,0.5248074086878045,56.74048944560427,0.8431555468568778,0.011600237315272929,0.14436699722104862,-0.27135907723798236,0.2945595518685282,0.5029000268085932,0.43257347402641233,0.5731120184756308
1020,Pre-Maria,10.2,0.5248074086878045,56.74048944560427,0.8431555468568778,0.047339395769112724,0.14593205940915416,-0.23868744067282943,0.3333662322110549,0.5118326392612919,0.44060983565323975,0.5825782068607601
1030,Pre-Maria,10.3,0.5248074086878045,56.74048944560427,0.8431555468568778,0.08307855422295318,0.14749903599855954,-0.20601955633422353,0.3721766647801299,0.5207577007115356,0.4486765140467176,0.5919848324902531
1040,Pre-Maria,10.4,0.5248074086878045,56.74048944560427,0.8431555468568778,0.1188177126767932,0.14906786661767402,-0.17335530589384784,0.41099073124743424,0.5296695310444011,0.4567693834370503,0.6013254138073553
1050,Pre-Maria,10.5,0.5248074086878045,56.74048944560427,0.8431555468568778,0.15455687113063304,0.1506384933399089,-0.14069457581558836,0.44980831807685445,0.5385624838342415,0.4648842631721908,0.6105936588881457
1060,Pre-Maria,10.6,0.5248074086878045,56.74048944560427,0.8431555468568778,0.19029602958447295,0.15221086056462502,-0.10803725712219209,0.488629316291138,0.5474309605918921,0.4730169262616011,0.619783481173008
1070,Pre-Maria,10.7,0.5248074086878045,56.74048944560427,0.8431555468568778,0.22603518803831285,0.1537849149047542,-0.07538324517500539,0.5274536212516311,0.5562694247538783,0.48116310812449414,0.6288890139905323
1080,Pre-Maria,10.8,0.5248074086878045,56.74048944560427,0.8431555468568778,0.2617743464921534,0.15536060508067706,-0.042732439465973604,0.5662811324502804,0.56507241533999,0.489318515504569,0.6379046238107272
1090,Pre-Maria,10.9,0.5248074086878045,56.74048944560427,0.8431555468568778,0.2975135049459933,0.15693788181996893,-0.010084743421145792,0.6051117533131325,0.5738345602086168,0.497478835511977,0.6468249221766325
1100,Pre-Maria,11,0.5248074086878045,56.74048944560427,0.8431555468568778,0.3332526633998332,0.15851669776265145,0.0225599357850364,0.64394539101463,0.582550588842897,0.5056397447522836,0.6556447762757941
1110,Pre-Maria,11.1,0.5248074086878045,56.74048944560427,0.8431555468568778,0.36899182185367313,0.16009700737161162,0.05520168740531439,0.6827819563020319,0.5912153446049464,0.5137969185015154,0.664359318125411
1120,Pre-Maria,11.2,0.5248074086878045,56.74048944560427,0.8431555468568778,0.40473098030751303,0.16167876684787266,0.08784059728568261,0.7216213633293435,0.5998237964001611,0.5219460398860335,0.6729639523571492
1130,Pre-Maria,11.3,0.5248074086878045,56.74048944560427,0.8431555468568778,0.4404701387613536,0.16326193405042252,0.12047674802252545,0.7604635295001818,0.6083710496987645,0.5300828090259291,0.6814543625994646
1140,Pre-Maria,11.4,0.5248074086878045,56.74048944560427,0.8431555468568778,0.4762092972151935,0.16484646842032463,0.15311021911135725,0.7993083753190298,0.6168523568673134,0.5382029521009254,0.6898265164666677
1150,Pre-Maria,11.5,0.5248074086878045,56.74048944560427,0.8431555468568778,0.5119484556690335,0.1664323309088546,0.18574108708767845,0.8381558242503885,0.6252631267687395,0.5463022302983663,0.698076669174759
1160,Pre-Maria,11.6,0.5248074086878045,56.74048944560427,0.8431555468568778,0.5476876141228734,0.16801948390942253,0.21836942566040518,0.8770058025853416,0.6335989335955824,0.5543764486037723,0.7062013658141564
1170,Pre-Maria,11.7,0.5248074086878045,56.74048944560427,0.8431555468568778,0.5834267725767133,0.16960789119305664,0.25099530583832225,0.9158582393151042,0.6418555249073175,0.5624214643956573,0.7141974423187497
1180,Pre-Maria,11.8,0.5248074086878045,56.74048944560427,0.8431555468568778,0.6191659310305538,0.17119751784723872,0.283618796049966,0.9547130660111417,0.6500288288490065,0.5704331958077796,0.7220620251791509
1190,Pre-Maria,11.9,0.5248074086878045,56.74048944560427,0.8431555468568778,0.6549050894843937,0.172788330217895,0.31623996225731954,0.993570216711468,0.6581149605348253,0.5784076298237599,0.729792529955527
1200,Pre-Maria,12,0.5248074086878045,56.74048944560427,0.8431555468568778,0.6906442479382336,0.17438029585435924,0.34885886806368954,1.0324296278127778,0.6661102275863019,0.5863408300709961,0.7373866586519638
1210,Pre-Maria,12.1,0.5248074086878045,56.74048944560427,0.8431555468568778,0.7263834063920735,0.17597338345713595,0.38147557481608707,1.07129123796806,0.674011134821228,0.5942289442830329,0.7448423960198701
1220,Pre-Maria,12.2,0.5248074086878045,56.74048944560427,0.8431555468568778,0.7621225648459135,0.17756756282830316,0.41409014170243924,1.1101549879893877,0.6818143880951627,0.6020682114019649,0.7521580048625256
1230,Pre-Maria,12.3,0.5248074086878045,56.74048944560427,0.8431555468568778,0.797861723299754,0.17916280482440383,0.4467026258439225,1.1490208207555854,0.6895168973031455,0.6098549682950509,0.7593320204164727
1240,Pre-Maria,12.4,0.5248074086878045,56.74048944560427,0.8431555468568778,0.8336008817535939,0.18075908131168475,0.4793130823826918,1.187888681124496,0.6971157785546301,0.6175856560624532,0.7663632438880994
1250,Pre-Maria,12.5,0.5248074086878045,56.74048944560427,0.8431555468568778,0.8693400402074338,0.1823563651235512,0.5119215645652735,1.2267585158495942,0.7046083555397142,0.6252568259158762,0.7732507352254883
1260,Pre-Maria,12.6,0.5248074086878045,56.74048944560427,0.8431555468568778,0.9050791986612737,0.1839546300201123,0.5445281238218536,1.265630273500694,0.7119921601094048,0.6328651446108139,0.7799938052064562
1270,Pre-Maria,12.7,0.5248074086878045,56.74048944560427,0.8431555468568778,0.9408183571151136,0.1855538506497015,0.5771328098416987,1.3045039043885285,0.7192649320969254,0.6404073994181161,0.7865920069237361
1280,Pre-Maria,12.8,0.5248074086878045,56.74048944560427,0.8431555468568778,0.9765575155689542,0.18715400251226233,0.6097356706449201,1.3433793604929885,0.7264246184108953,0.6478805026236019,0.7930451267475317
1290,Pre-Maria,12.9,0.5248074086878045,56.74048944560427,0.8431555468568778,1.012296674022794,0.18875506192449745,0.642336752650779,1.3822565953948092,0.7334693714345786,0.6552814955474728,0.7993531748442492
1300,Pre-Maria,13,0.5248074086878045,56.74048944560427,0.8431555468568778,1.048035832476634,0.1903570059866846,0.6749361007427321,1.4211355642105357,0.7403975467683167,0.6626075520782629,0.8055163753281823
0,Inter-Hurricanes,0,0.5248074086878045,56.74048944560427,0.8431555468568778,-4.101323608426908,0.045413546229308675,-4.190334159036353,-4.012313057817463,0.016281286607333353,0.014915387224889404,0.017770013908094334
10,Inter-Hurricanes,0.1,0.5248074086878045,56.74048944560427,0.8431555468568778,-4.061894219761722,0.04468272741307892,-4.149472365491357,-3.9743160740320875,0.016924989613000485,0.015527820311129715,0.018445518595899577
20,Inter-Hurricanes,0.2,0.5248074086878045,56.74048944560427,0.8431555468568778,-4.022464831096537,0.04397029501416036,-4.108646609324291,-3.9362830528687827,0.017593687135828203,0.016164414429520216,0.019146877983843427
30,Inter-Hurricanes,0.3,0.5248074086878045,56.74048944560427,0.8431555468568778,-3.9830354424313508,0.043277157078577815,-4.067858670305363,-3.898212214557338,0.01828831305567611,0.016826035305938476,0.01987510206472619
40,Inter-Hurricanes,0.4,0.5248074086878045,56.74048944560427,0.8431555468568778,-3.9436060537661652,0.04260425533425414,-4.027110394221303,-3.8601017133110274,0.019009833199386105,0.017513572214700113,0.020631241948849216
50,Inter-Hurricanes,0.5,0.5248074086878045,56.74048944560427,0.8431555468568778,-3.9041766651009806,0.04195256353287089,-3.9864036896254076,-3.8219496405765536,0.01975924619450827,0.018227938065516605,0.02141639152962644
60,Inter-Hurricanes,0.6,0.5248074086878045,56.74048944560427,0.8431555468568778,-3.864747276435794,0.04132308517020042,-3.945740523369387,-3.783754029502201,0.020537584325498494,0.018970069468446836,0.022231689177197953
70,Inter-Hurricanes,0.7,0.5248074086878045,56.74048944560427,0.8431555468568778,-3.8253178877706087,0.04071685051177864,-3.905122914773695,-3.7455128607675223,0.0213459143902853,0.01974092678266553,0.023078319449871397
80,Inter-Hurricanes,0.8,0.5248074086878045,56.74048944560427,0.8431555468568778,-3.785888499105423,0.040134912854324745,-3.8645529282999,-3.7072240699109464,0.022185338554886264,0.02054149415648311,0.023957514811143957
90,Inter-Hurricanes,0.9,0.5248074086878045,56.74048944560427,0.8431555468568778,-3.7464591104402385,0.0395783439605648,-3.8240326646029454,-3.6688855562775315,0.023056995203520843,0.02137277956770001,0.0248705573379125
100,Inter-Hurricanes,1,0.5248074086878045,56.74048944560427,0.8431555468568778,-3.707029721775052,0.03904822861677765,-3.7835642498639364,-3.630495193686168,0.02396205978142023,0.022235814874988182,0.025818780403344295
110,Inter-Hurricanes,1.1,0.5248074086878045,56.74048944560427,0.8431555468568778,-3.6676003331098666,0.03854565827906318,-3.7431498233368306,-3.5920508428829026,0.024901745627270842,0.023131655892457772,0.026803570315851885
120,Inter-Hurricanes,1.2,0.5248074086878045,56.74048944560427,0.8431555468568778,-3.628170944444682,0.038071723796478045,-3.702791523085779,-3.5535503658035847,0.025877304791950592,0.024061382500767357,0.027826367893821726
130,Inter-Hurricanes,1.3,0.5248074086878045,56.74048944560427,0.8431555468568778,-3.5887415557794955,0.03762750722696278,-3.6624914699443427,-3.5149916416146483,0.026890028839920904,0.02502609880892971,0.028888669954317225
140,Inter-Hurricanes,1.4,0.5248074086878045,56.74048944560427,0.8431555468568778,-3.54931216711431,0.03721407279519108,-3.6222517497928846,-3.4763725844357354,0.027941249629326117,0.026026933381205694,0.02999203069306893
150,Inter-Hurricanes,1.5,0.5248074086878045,56.74048944560427,0.8431555468568778,-3.5098827784491253,0.03683245707941907,-3.5820743943247866,-3.437691162573464,0.029032340066524474,0.02706503954301938,0.031138062932819333
160,Inter-Hurricanes,1.6,0.5248074086878045,56.74048944560427,0.8431555468568778,-3.47045338978394,0.03648365855584575,-3.5419613605533975,-3.398945419014482,0.030164714830428072,0.028141595778535297,0.032328439217635764
170,Inter-Hurricanes,1.7,0.5248074086878045,56.74048944560427,0.8431555468568778,-3.4310240011187534,0.03616862667205721,-3.5019145093959856,-3.360133492841521,0.03133983106166801,0.02925780623032181,0.03356489273224335
180,Inter-Hurricanes,1.8,0.5248074086878045,56.74048944560427,0.8431555468568778,-3.3915946124535687,0.03588825066336587,-3.4619355837537658,-3.3212536411533717,0.03255918901122173,0.030414901308334717,0.03484921802780084
190,Inter-Hurricanes,1.9,0.5248074086878045,56.74048944560427,0.8431555468568778,-3.352165223788383,0.03564334836433491,-3.4220261865824795,-3.282304260994287,0.03382433264274431,0.03161413841131997,0.036183271538824086
200,Inter-Hurricanes,2,0.5248074086878045,56.74048944560427,0.8431555468568778,-3.312735835123197,0.03543465529925349,-3.382187759509734,-3.24328391073666,0.03513685018243313,0.03285680275875787,0.0375689718800456
210,Inter-Hurricanes,2.1,0.5248074086878045,56.74048944560427,0.8431555468568778,-3.2733064464580113,0.03526281435653304,-3.342421562596816,-3.2041913303192064,0.03649837460982964,0.03414420832585317,0.039008299916695875
220,Inter-Hurricanes,2.2,0.5248074086878045,56.74048944560427,0.8431555468568778,-3.233877057792826,0.03512836635997373,-3.302728655858375,-3.1650254597272776,0.03791058408252035,0.03547769886809031,0.040503298606719744
230,Inter-Hurricanes,2.3,0.5248074086878045,56.74048944560427,0.8431555468568778,-3.1944476691276407,0.03503174184234317,-3.2631098831386334,-3.125785455116648,0.03937520228724391,0.0368586490158713,0.042056072618456314
240,Inter-Hurricanes,2.4,0.5248074086878045,56.74048944560427,0.8431555468568778,-3.1550182804624556,0.03497325430250155,-3.2235658588953586,-3.0864707020295525,0.040893998709445635,0.03828846541412353,0.0436687877319314
250,Inter-Hurricanes,2.5,0.5248074086878045,56.74048944560427,0.8431555468568778,-3.115588891797269,0.03495309518650859,-3.184096958362826,-3.0470808252317125,0.042468788812844105,0.039768587876899436,0.04534367003574289
260,Inter-Hurricanes,2.6,0.5248074086878045,56.74048944560427,0.8431555468568778,-3.076159503132084,0.034971330777333026,-3.1447033114556566,-3.0076156948085115,0.04410143412008914,0.04130049052324417,0.04708300493421265
270,Inter-Hurricanes,2.7,0.5248074086878045,56.74048944560427,0.8431555468568778,-3.036730114466899,0.03502790110995763,-3.105384800642416,-2.968075428291382,0.045793842185102095,0.04288568285826376,0.048889135980763394
280,Inter-Hurricanes,2.8,0.5248074086878045,56.74048944560427,0.8431555468568778,-2.9973007258017135,0.03512262095304285,-3.0661410628696775,-2.9284603887337495,0.04754796644719455,0.0445257107625446,0.050764463553189636
290,Inter-Hurricanes,2.9,0.5248074086878045,56.74048944560427,0.8431555468568778,-2.9578713371365275,0.03525518281989331,-3.0269714954635183,-2.8887711788095367,0.04936580595657137,0.046222157353896676,0.05271144338460922
300,Inter-Hurricanes,3,0.5248074086878045,56.74048944560427,0.8431555468568778,-2.9184419484713424,0.0354251618955778,-2.9878752657866747,-2.84900863115601,0.05124940496033583,0.04797664368770802,0.05473258496051403
310,Inter-Hurricanes,3.1,0.5248074086878045,56.74048944560427,0.8431555468568778,-2.879012559806157,0.035632022698725896,-2.9488513242956595,-2.8091737953166542,0.05320085233763645,0.04979082926578203,0.056830449787725015
320,Inter-Hurricanes,3.2,0.5248074086878045,56.74048944560427,0.8431555468568778,-2.839583171140971,0.03587512724002465,-2.909898420531419,-2.7692679217505227,0.055222280872129895,0.05166641232805623,0.05900764953553248
330,Inter-Hurricanes,3.3,0.5248074086878045,56.74048944560427,0.8431555468568778,-2.8001537824757854,0.03615374439783828,-2.8710151214955486,-2.729292443456022,0.0573158663494902,0.05360512990669285,0.06126684404326408
340,Inter-Hurricanes,3.4,0.5248074086878045,56.74048944560427,0.8431555468568778,-2.7607243938106003,0.036467060206319186,-2.832199831814986,-2.6892489558062147,0.05948382646727432,0.055608757627291096,0.06361073918237405
350,Inter-Hurricanes,3.5,0.5248074086878045,56.74048944560427,0.8431555468568778,-2.7212950051454152,0.036814188743054164,-2.7934508150818016,-2.649139195209029,0.061728419544066396,0.0576791092470304,0.06604208455527666
360,Inter-Hurricanes,3.6,0.5248074086878045,56.74048944560427,0.8431555468568778,-2.681865616480229,0.03719418331053857,-2.7547662157688846,-2.608965017191573,0.06405194301447646,0.05981803592411108,0.0685636710078749
370,Inter-Hurricanes,3.7,0.5248074086878045,56.74048944560427,0.8431555468568778,-2.6424362278150437,0.03760604762637916,-2.716144081162747,-2.5687283744673404,0.06645673169626867,0.06202742521668174,0.07117832792830875
380,Inter-Hurricanes,3.8,0.5248074086878045,56.74048944560427,0.8431555468568778,-2.603006839149858,0.03804874676816402,-2.6775823828154595,-2.528431295484257,0.06894515581565369,0.06430919981240783,0.07388892030101786
390,Inter-Hurricanes,3.9,0.5248074086878045,56.74048944560427,0.8431555468568778,-2.563577450484673,0.038521217657144065,-2.6390790370926753,-2.488075863876671,0.07151961877660014,0.06666531599188823,0.07669834548284588
400,Inter-Hurricanes,4,0.5248074086878045,56.74048944560427,0.8431555468568778,-2.524148061819487,0.03902237890699496,-2.6006319244771974,-2.447664199161777,0.07418255465992486,0.06909776183031366,0.07960952966660374
410,Inter-Hurricanes,4.1,0.5248074086878045,56.74048944560427,0.8431555468568778,-2.4847186731543016,0.039551139907010584,-2.562238907372042,-2.407198438936561,0.07693642543790638,0.07160855514216254,0.08262542399718083
420,Inter-Hurricanes,4.2,0.5248074086878045,56.74048944560427,0.8431555468568778,-2.4452892844891165,0.04010640905064411,-2.5238978462283788,-2.3666807227498543,0.07978371789025665,0.07419974117349354,0.08574900030584633
430,Inter-Hurricanes,4.3,0.5248074086878045,56.74048944560427,0.8431555468568778,-2.4058598958239306,0.040687101058469025,-2.48560661389853,-2.326113177749331,0.08272694020748395,0.07687339004566392,0.08898324642968462
440,Inter-Hurricanes,4.4,0.5248074086878045,56.74048944560427,0.8431555468568778,-2.366430507158745,0.041292143378097695,-2.4473631081798164,-2.2854979061376737,0.08576861826800339,0.07963159395324643,0.09233116108503447
450,Inter-Hurricanes,4.5,0.5248074086878045,56.74048944560427,0.8431555468568778,-2.32700111849356,0.04192048167165432,-2.4091652625700024,-2.2448369744171175,0.08891129157581538,0.08247646411768059,0.09579574826623014
460,Inter-Hurricanes,4.6,0.5248074086878045,56.74048944560427,0.8431555468568778,-2.2875717298283744,0.042571084423825234,-2.3710110552990717,-2.204132404357677,0.0921575088461822,0.08541012749691171,0.099380011143766
470,Inter-Hurricanes,4.7,0.5248074086878045,56.74048944560427,0.8431555468568778,-2.2481423411631885,0.043242946720456366,-2.332898516735283,-2.1633861655910938,0.0955098232275126,0.08843472325005171,0.10308694543915696
480,Inter-Hurricanes,4.8,0.5248074086878045,56.74048944560427,0.8431555468568778,-2.2087129524980034,0.04393509325956668,-2.294825735286754,-2.1226001697092527,0.09897078714862079,0.09155239895503053,0.1069195322571759
490,Inter-Hurricanes,4.9,0.5248074086878045,56.74048944560427,0.8431555468568778,-2.169283563832818,0.044646580664102806,-2.2567908619344594,-2.0817762657311762,0.10254294678167554,0.09476530657635295,0.11088073035979652
500,Inter-Hurricanes,5,0.5248074086878045,56.74048944560427,0.8431555468568778,-2.129854175167632,0.04537649916946521,-2.218792113539784,-2.04091623679548,0.10622883611250972,0.09807559817948218,0.11497346787002502
510,Inter-Hurricanes,5.1,0.5248074086878045,56.74048944560427,0.8431555468568778,-2.090424786502447,0.04612397375950534,-2.1808277750710774,-2.000021797933816,0.11003097061153597,0.1014854213880614,0.1192006333978888
520,Inter-Hurricanes,5.2,0.5248074086878045,56.74048944560427,0.8431555468568778,-2.0509953978372613,0.046888164823006444,-2.142896200890354,-1.9590945947841687,0.11395184050031913,0.10499691458017017,0.1235650665851555
530,Inter-Hurricanes,5.3,0.5248074086878045,56.74048944560427,0.8431555468568778,-2.011566009172076,0.04766826839924147,-2.1049958152345893,-1.9181362031095628,0.11799390361089981,0.1086122018200957,0.12806954806991344
540,Inter-Hurricanes,5.4,0.5248074086878045,56.74048944560427,0.8431555468568778,-1.9721366205068898,0.04846351607658745,-2.0671251120170013,-1.8771481289967784,0.1221595778372647,0.11233338752267842,0.13271678887697608
550,Inter-Hurricanes,5.5,0.5248074086878045,56.74048944560427,0.8431555468568778,-1.9327072318417047,0.04927317460282013,-2.0292826540632323,-1.8361318096201773,0.12645123318090848,0.11616255084814954,0.13750941924518678
560,Inter-Hurricanes,5.6,0.5248074086878045,56.74048944560427,0.8431555468568778,-1.8932778431765196,0.05009654525997944,-1.9914670718860794,-1.7950886144669598,0.13087118339525652,0.12010173982651176,0.14244997690813482
570,Inter-Hurricanes,5.7,0.5248074086878045,56.74048944560427,0.8431555468568778,-1.853848454511334,0.05093296305086875,-1.9536770620910369,-1.7540198469316313,0.135421677236793,0.12415296521190007,0.14754089485053373
580,Inter-Hurricanes,5.8,0.5248074086878045,56.74048944560427,0.8431555468568778,-1.814419065846148,0.05178179573854093,-1.9159113854936882,-1.712926746198608,0.14010488933409285,0.12831819406899084,0.15278448856859014
590,Inter-Hurricanes,5.9,0.5248074086878045,56.74048944560427,0.8431555468568778,-1.7749896771809626,0.05264244277468147,-1.8781688650193382,-1.671810489342587,0.1449229106895598,0.13259934309538343,0.15818294286907694
600,Inter-Hurricanes,6,0.5248074086878045,56.74048944560427,0.8431555468568778,-1.7355602885157775,0.05351433414772225,-1.8404483834453131,-1.6306721935862418,0.14987773883253333,0.13699827168594808,0.16373829824851627
610,Inter-Hurricanes,6.1,0.5248074086878045,56.74048944560427,0.8431555468568778,-1.6961308998505924,0.05439692917686946,-1.8027488810372565,-1.5895129186639283,0.1549712676465245,0.14151677474739877,0.16945243690084064
620,Inter-Hurricanes,6.2,0.5248074086878045,56.74048944560427,0.8431555468568778,-1.656701511185406,0.055289715274031336,-1.7650693531225075,-1.5483336692483045,0.16020527689765984,0.1461565752738003,0.1753270684090999
630,Inter-Hurricanes,6.3,0.5248074086878045,56.74048944560427,0.8431555468568778,-1.617272122520221,0.05619220669189259,-1.7274088476363303,-1.5071353974041115,0.16558142149592817,0.15091931669633274,0.18136371518415811
640,Inter-Hurricanes,6.4,0.5248074086878045,56.74048944560427,0.8431555468568778,-1.5778427338550354,0.05710394327308865,-1.689766462670289,-1.4659190050397817,0.1711012205255149,0.15580655502340524,0.1875636977208255
650,Inter-Hurricanes,6.5,0.5248074086878045,56.74048944560427,0.8431555468568778,-1.5384133451898494,0.05802448921256175,-1.6521413440464705,-1.4246853463332283,0.17676604608532145,0.1608197507901051,0.1939281197493942
660,Inter-Hurricanes,6.6,0.5248074086878045,56.74048944560427,0.8431555468568778,-1.4989839565246643,0.0589534318427018,-1.6145326829363598,-1.3834352301129689,0.1825771119856891,0.16596026083898402,0.20045785336803737
670,Inter-Hurricanes,6.7,0.5248074086878045,56.74048944560427,0.8431555468568778,-1.4595545678594788,0.059890380448752355,-1.5769397135390335,-1.342169422179924,0.18853546235230287,0.17122932995728443,0.20715352424885092
680,Inter-Hurricanes,6.8,0.5248074086878045,56.74048944560427,0.8431555468568778,-1.4201251791942937,0.06083496512016205,-1.5393617108298114,-1.300888647558776,0.19464196019320432,0.17662808239887778,0.21401549701737246
690,Inter-Hurricanes,6.9,0.5248074086878045,56.74048944560427,0.8431555468568778,-1.3806957905291077,0.06178683564204588,-1.5017979883875177,-1.2595935926706978,0.20089727598973253,0.18215751332240096,0.22104386091208136
700,Inter-Hurricanes,7,0.5248074086878045,56.74048944560427,0.8431555468568778,-1.3412664018639222,0.06274566042965736,-1.4642478963060506,-1.2182849074217939,0.20730187637696407,0.18781848018029562,0.22823841583651333
710,Inter-Hurricanes,7.1,0.5248074086878045,56.74048944560427,0.8431555468568778,-1.3018370131987371,0.06371112550772721,-1.4267108191938824,-1.1769632072035918,0.2138560129837786,0.1936116940966611,0.23559865892210302
720,Inter-Hurricanes,7.2,0.5248074086878045,56.74048944560427,0.8431555468568778,-1.262407624533551,0.06468293353566838,-1.389186174263461,-1.1356290748036408,0.22055971150694703,0.19953771127497272,0.2431237717245235
730,Inter-Hurricanes,7.3,0.5248074086878045,56.74048944560427,0.8431555468568778,-1.2229782358683656,0.06566080287895387,-1.3516734095111151,-1.094283062225616,0.22741276109755418,0.20559692447977038,0.25081260818000084
740,Inter-Hurricanes,7.4,0.5248074086878045,56.74048944560427,0.8431555468568778,-1.1835488472031803,0.06664446672641927,-1.314172001986962,-1.0529256924193986,0.23441470414154245,0.21178955463934054,0.25866368345068846
750,Inter-Hurricanes,7.5,0.5248074086878045,56.74048944560427,0.8431555468568778,-1.1441194585379952,0.06763367225280316,-1.2766814561534894,-1.011557460922501,0.2415648265191021,0.2181156426191476,0.26667516378953826
760,Inter-Hurricanes,7.6,0.5248074086878045,56.74048944560427,0.8431555468568778,-1.1046900698728095,0.06862817982550029,-1.2392013023307902,-0.9701788374148289,0.24886214842996995,0.2245750412182893,0.2748448575550946
770,Inter-Hurricanes,7.7,0.5248074086878045,56.74048944560427,0.8431555468568778,-1.0652606812076237,0.06962776225424483,-1.2017310952259437,-0.9287902671893039,0.256305415873324,0.231167407443493,0.2831702075051105
780,Inter-Hurricanes,7.8,0.5248074086878045,56.74048944560427,0.8431555468568778,-1.0258312925424384,0.07063220408225199,-1.1642704125436523,-0.8873921725412246,0.26389309287181845,0.23789219511709533,0.2916482844947582
790,Inter-Hurricanes,7.9,0.5248074086878045,56.74048944560427,0.8431555468568778,-0.9864019038772531,0.07164130091721514,-1.1268188536749948,-0.8459849540795115,0.27162335452928804,0.24474864787700748,0.3002757827003703
800,Inter-Hurricanes,8,0.5248074086878045,56.74048944560427,0.8431555468568778,-0.9469725152120676,0.0726548588004675,-1.0893760384609839,-0.8045689919631513,0.2794940810107133,0.2517357926278124,0.3090490164830511
810,Inter-Hurricanes,8.1,0.5248074086878045,56.74048944560427,0.8431555468568778,-0.9075431265468819,0.07367269361256985,-1.0519416060275188,-0.763144647066245,0.28750285253110003,0.25885243350282394,0.31796391899809145
820,Inter-Hurricanes,8.2,0.5248074086878045,56.74048944560427,0.8431555468568778,-0.8681137378816965,0.07469463051356592,-1.0145152136882858,-0.7217122620751073,0.29564694543694303,0.2660971463971165,0.3270160426458932
830,Inter-Hurricanes,8.3,0.5248074086878045,56.74048944560427,0.8431555468568778,-0.8286843492165108,0.07572050341615208,-0.9770965359121688,-0.6802721625208528,0.3039233294598699,0.2734682741311636,0.3362005614480917
840,Inter-Hurricanes,8.4,0.5248074086878045,56.74048944560427,0.8431555468568778,-0.7892549605513253,0.0767501544900314,-0.9396852633517868,-0.6388246577508637,0.3123286662168687,0.2809639223037697,0.34551227541879875
850,Inter-Hurricanes,8.5,0.5248074086878045,56.74048944560427,0.8431555468568778,-0.74982557188614,0.07778343369576003,-0.9022811019298296,-0.59737004184245035,0.3208593090251929,0.28858195589141045,0.3549456169854888
860,Inter-Hurricanes,8.6,0.5248074086878045,56.74048944560427,0.8431555468568778,-0.7103961832209547,0.07882019834644244,-0.8648837719799818,-0.5559085944619275,0.32951130409259677,0.29631999664888076,0.3644946594971264
870,Inter-Hurricanes,8.7,0.5248074086878045,56.74048944560427,0.8431555468568778,-0.6709667945557696,0.07986031269568873,-0.8274930074393194,-0.5144405816722197,0.3382803931350345,0.3041754213632745,0.37415312783886734
880,Inter-Hurricanes,8.8,0.5248074086878045,56.74048944560427,0.8431555468568778,-0.6315374058905834,0.08090364755030924,-0.7901085550891895,-0.4729662566919773,0.3471620174643811,0.31214536100977397,0.3839144111532638
890,Inter-Hurricanes,8.9,0.5248074086878045,56.74048944560427,0.8431555468568778,-0.5921080172253981,0.0819500799062878,-0.7527301738417221,-0.431485860609074,0.3561513235781863,0.32022670085349825,0.39377157764758886
900,Inter-Hurricanes,9,0.5248074086878045,56.74048944560427,0.8431555468568778,-0.5526786285602125,0.08299949260664233,-0.7153576340692315,-0.3899996230511936,0.3652431702720369,0.32841608153677676,0.4037173914459666
910,Inter-Hurricanes,9.1,0.5248074086878045,56.74048944560427,0.8431555468568778,-0.513249239895027,0.0840517740198505,-0.677990716973934,-0.34850776281612006,0.3744321372828769,0.33670990118566724,0.41374433142370803
920,Inter-Hurricanes,9.2,0.5248074086878045,56.74048944560427,0.8431555468568778,-0.47381985122984194,0.08510681773758658,-0.6406292139955116,-0.3070104884641722,0.38371253545877315,0.3451043185633855,0.42384461193997147
930,Inter-Hurricanes,9.3,0.5248074086878045,56.74048944560427,0.8431555468568778,-0.43439046256465597,0.08616452229058295,-0.6032729262541986,-0.26550799887511334,0.3930784184372294,0.353595257291572,0.43401020536388596
940,Inter-Hurricanes,9.4,0.5248074086878045,56.74048944560427,0.8431555468568778,-0.39496107389947044,0.08722479088149639,-0.5659216640272033,-0.22400048377173754,0.40252359580043473,0.36217841115305294,0.4442328662689519
950,Inter-Hurricanes,9.5,0.5248074086878045,56.74048944560427,0.8431555468568778,-0.35553168523428524,0.08828753113372241,-0.5285752462563812,-0.18248812421218932,0.41204164766195267,0.3708492504820249,0.45450415715122244
960,Inter-Hurricanes,9.6,0.5248074086878045,56.74048944560427,0.8431555468568778,-0.3161022965690997,0.08935265485516394,-0.49123350008522104,-0.1409710930529784,0.421625940625485,0.37960302963945947,0.4648154755087628
970,Inter-Hurricanes,9.7,0.5248074086878045,56.74048944560427,0.8431555468568778,-0.2766729079039143,0.09042007781601898,-0.4538962604233115,-0.09944955538451711,0.4312696450427123,0.38843479556308663,0.47515808210355864
980,Inter-Hurricanes,9.8,0.5248074086878045,56.74048944560427,0.8431555468568778,-0.23724351923872833,0.09148971953970908,-0.41656336953655815,-0.05792366894089854,0.44096575348398104,0.3973393973726616,0.4855231302126405
990,Inter-Hurricanes,9.9,0.5248074086878045,56.74048944560427,0.8431555468568778,-0.19781413057354302,0.09256150310612477,-0.37923467666154753,-0.016393584485538487,0.4507071003230023,0.4063114970024317,0.4959016956630127
1000,Inter-Hurricanes,10,0.5248074086878045,56.74048944560427,0.8431555468568778,-0.1583847419083576,0.0936353549664147,-0.3419100376425304,0.025140553825815204,0.46048638232494055,0.4153455808239307,0.5062848074352331
1010,Inter-Hurricanes,10.1,0.5248074086878045,56.74048944560427,0.8431555468568778,-0.11895535324317208,0.09471120476859454,-0.30458931458961735,0.06667860810327322,0.4702961801164701,0.4244359722135191,0.5166634786133596
1020,Inter-Hurricanes,10.2,0.5248074086878045,56.74048944560427,0.8431555468568778,-0.07952596457798689,0.09578898519329676,-0.2672723755568486,0.10822044640087478,0.48012898040677376,0.4335768450105938,0.5270287374546273
1030,Inter-Hurricanes,10.3,0.5248074086878045,56.74048944560427,0.8431555468568778,-0.040096575912800914,0.09686863179902686,-0.22995909423889355,0.14976594241329172,0.4899771988201744,0.4427622378042133,0.5373716583506931
1040,Inter-Hurricanes,10.4,0.5248074086878045,56.74048944560427,0.8431555468568778,-6.671872476155007e-4,0.09795008287633075,-0.19264934968522376,0.19131497518999277,0.4998332031942834,0.4519860689781326,0.5476833924536323
1050,Inter-Hurricanes,10.5,0.5248074086878045,56.74048944560427,0.8431555468568778,0.03876220141757014,0.09903327931031827,-0.15534302603065367,0.23286742886579395,0.5096893371923426,0.46124215243704053,0.5579551977440784
1060,Inter-Hurricanes,10.6,0.5248074086878045,56.74048944560427,0.8431555468568778,0.07819159008275534,0.10011816445102151,-0.11804001224124683,0.2744231924067575,0.5195379440748855,0.4705242139302199,0.5681784683258453
1070,Inter-Hurricanes,10.7,0.5248074086878045,56.74048944560427,0.8431555468568778,0.11762097874794064,0.1012046839911023,-0.08074020187461986,0.3159821593705011,0.5293713904740581,0.4798259078830323,0.5783447627409775
1080,Inter-Hurricanes,10.8,0.5248074086878045,56.74048944560427,0.8431555468568778,0.15705036741312678,0.10229278585045377,-0.043443492853762616,0.35754422768001615,0.539182090013897,0.4891408346416171,0.588445831111213
1090,Inter-Hurricanes,10.9,0.5248074086878045,56.74048944560427,0.8431555468568778,0.19647975607831203,0.1033824200672703,-0.006149787253537764,0.3991092994101618,0.5489625266216102,0.4984625580321021,0.5984736409261202
1100,Inter-Hurricanes,11,0.5248074086878045,56.74048944560427,0.8431555468568778,0.2359091447434975,0.10447353869518872,0.031141008900927608,0.44067728058606737,0.5587052773783857,0.5077846231324757,0.6084204013144096
1110,Inter-Hurricanes,11.1,0.5248074086878045,56.74048944560427,0.8431555468568778,0.275338533408683,0.10556609570612846,0.06842898582467119,0.4822480809926948,0.5684030347634087,0.5171005741531365,0.61827858565282
1120,Inter-Hurricanes,11.2,0.5248074086878045,56.74048944560427,0.8431555468568778,0.3147679220738682,0.10666004689848341,0.10571423015284076,0.5238216139948957,0.5780486281515249,0.5264039723210517,0.6280409523862519
1130,Inter-Hurricanes,11.3,0.5248074086878045,56.74048944560427,0.8431555468568778,0.3541973107390544,0.10775534981033984,0.14299682511078834,0.5653977963673205,0.5876350444332188,0.5356884136624208,0.6377005639530856
1140,Inter-Hurricanes,11.4,0.5248074086878045,56.74048944560427,0.8431555468568778,0.3936266994042396,0.10885196363741702,0.18027685067490226,0.6069765481335769,0.5971554476351413,0.544947546579764,0.6472508037305844
1150,Inter-Hurricanes,11.5,0.5248074086878045,56.74048944560427,0.8431555468568778,0.43305608806942486,0.10994984915544553,0.2175543837247516,0.6485577924140982,0.6066031974301831,0.5541750891214355,0.6566853909365755
1160,Inter-Hurricanes,11.6,0.5248074086878045,56.74048944560427,0.8431555468568778,0.47248547673461033,0.11104896864671783,0.25482949818704337,0.6901414552821773,0.6159718664378423,0.5633648458446311,0.6659983934448853
1170,Inter-Hurricanes,11.7,0.5248074086878045,56.74048944560427,0.8431555468568778,0.5119148653997958,0.11214928583056172,0.29210226517189486,0.7317274656276967,0.6252552562282219,0.5725107241770134,0.675184238492994
1180,Inter-Hurricanes,11.8,0.5248074086878045,56.74048944560427,0.8431555468568778,0.5513442540649818,0.1132507657975043,0.32937275310187336,0.7733157550280902,0.6344474119562,0.5816067501870268,0.6842377212807224
1190,Inter-Hurricanes,11.9,0.5248074086878045,56.74048944560427,0.8431555468568778,0.5907736427301671,0.11435337494690802,0.36664102783422736,0.8149062576261068,0.643542635565944,0.5906470836787462,0.6931540114782461
1200,Inter-Hurricanes,12,0.5248074086878045,56.74048944560427,0.8431555468568778,0.6302030313953524,0.11545708092787516,0.40390715277671707,0.8564989100139877,0.6525354975198024,0.5996260325336337,0.7019286576800686
1210,Inter-Hurricanes,12.1,0.5248074086878045,56.74048944560427,0.8431555468568778,0.6696324200605378,0.11656185258322944,0.4411711889974081,0.8980936511236675,0.661420847019491,0.6085380662287393,0.710557589858594
1220,Inter-Hurricanes,12.2,0.5248074086878045,56.74048944560427,0.8431555468568778,0.7090618087257231,0.11766765989639608,0.4784331953287868,0.9396904221226594,0.6701938207012205,0.6173778284686006,0.7190371198864353
1230,Inter-Hurricanes,12.3,0.5248074086878045,56.74048944560427,0.8431555468568778,0.7484911973909092,0.11877447394101219,0.5156932284665253,0.9812891663152931,0.678849849799803,0.6261401488762514,0.7273639402104535
1240,Inter-Hurricanes,12.4,0.5248074086878045,56.74048944560427,0.8431555468568778,0.7879205860560945,0.11988226683311111,0.5529513430631967,1.0228898290489923,0.6873846657896645,0.6348200536972207,0.735535120772632
1250,Inter-Hurricanes,12.5,0.5248074086878045,56.74048944560427,0.8431555468568778,0.8273499747212799,0.12099101168573287,0.5902075918172435,1.0644923576253162,0.6957943045229377,0.6434127754791019,0.7435481042832159
1260,Inter-Hurricanes,12.6,0.5248074086878045,56.74048944560427,0.8431555468568778,0.8667793633864652,0.12210068256582293,0.6274620255574523,1.106096701215478,0.70407510889627,0.6519137616980548,0.7514006999600309
1270,Inter-Hurricanes,12.7,0.5248074086878045,56.74048944560427,0.8431555468568778,0.9062087520516506,0.12321125445329005,0.6647146933232021,1.147702810780099,0.7122237300885665,0.6603186823123903,0.7590910758545842
1280,Inter-Hurricanes,12.8,0.5248074086878045,56.74048944560427,0.8431555468568778,0.9456381407168367,0.12432270320210123,0.7019656424407184,1.189310638992955,0.720237127421492,0.6686234362320473,0.7666177498904466
1290,Inter-Hurricanes,12.9,0.5248074086878045,56.74048944560427,0.8431555468568778,0.985067529382022,0.1254350055033001,0.7392149185955538,1.2309201401684902,0.728112566903116,0.676824156701227,0.773979579742607
1300,Inter-Hurricanes,13,0.5248074086878045,56.74048944560427,0.8431555468568778,1.0244969180472074,0.12654813884984217,0.7764625659015167,1.2725312701928981,0.73584761852256,0.6849172155995931,0.7811757516880653
0,Post-Fiona,0,0.5248074086878045,56.74048944560427,0.8431555468568778,-3.8556764776020365,0.04035991966736397,-3.93478192015007,-3.776571035054003,0.020720846397535776,0.019175090028026198,0.022388366107821852
10,Post-Fiona,0.1,0.5248074086878045,56.74048944560427,0.8431555468568778,-3.8151164047494186,0.039765385883775484,-3.8930565610816186,-3.7371762484172186,0.021560069947916517,0.019975783619004064,0.023267023477037165
20,Post-Fiona,0.2,0.5248074086878045,56.74048944560427,0.8431555468568778,-3.7745563318968,0.03918669852021981,-3.8513622609964306,-3.697750402797169,0.022432504629206037,0.020808569543575385,0.02418004471769662
30,Post-Fiona,0.3,0.5248074086878045,56.74048944560427,0.8431555468568778,-3.7339962590441824,0.03862456983376196,-3.809700415918356,-3.6582921021700088,0.023339400526290844,0.021674618035933214,0.02512876714450919
40,Post-Fiona,0.4,0.5248074086878045,56.74048944560427,0.8431555468568778,-3.6934361861915646,0.03807973314338272,-3.7680724631525946,-3.6187999092305345,0.02428204949163787,0.022575132395189285,0.02611457923296507
50,Post-Fiona,0.5,0.5248074086878045,56.74048944560427,0.8431555468568778,-3.6528761133389467,0.037552941099184986,-3.7264798778933494,-3.579272348784544,0.025261786099747656,0.023511349217919177,0.027138922332197647
60,Post-Fiona,0.6,0.5248074086878045,56.74048944560427,0.8431555468568778,-3.612316040486328,0.03704496351227792,-3.684924168970393,-3.539707912002263,0.026279988584037562,0.02448453859758414,0.028203292375928647
70,Post-Fiona,0.7,0.5248074086878045,56.74048944560427,0.8431555468568778,-3.5717559676337114,0.03655658470854024,-3.64340687366245,-3.5001050616049727,0.027338079751598625,0.025496004294145638,0.029309241578822146
80,Post-Fiona,0.8,0.5248074086878045,56.74048944560427,0.8431555468568778,-3.5311958947810935,0.03608860037434097,-3.601929551514802,-3.460462238047385,0.0284375278708726,0.026547083878265203,0.030458380103667543
90,Post-Fiona,0.9,0.5248074086878045,56.74048944560427,0.8431555468568778,-3.4906358219284757,0.0356418138694514,-3.5604937771126,-3.420777866744351,0.029579847526874755,0.027639148855530458,0.03165237768288294
100,Post-Fiona,1,0.5248074086878045,56.74048944560427,0.8431555468568778,-3.450075749075857,0.03521703199206149,-3.5191011317802974,-3.3810503663714164,0.030766600438148325,0.028773604777108396,0.03289296517594999
110,Post-Fiona,1.1,0.5248074086878045,56.74048944560427,0.8431555468568778,-3.409515676223239,0.034815060193178995,-3.47775319420187,-3.341278158244608,0.03199939622917157,0.02995189134401761,0.03418193604262651
120,Post-Fiona,1.2,0.5248074086878045,56.74048944560427,0.8431555468568778,-3.3689556033706216,0.03443669725277093,-3.4364515299860527,-3.3014596767551905,0.033279893151455145,0.031175482512747633,0.03552114771023275
130,Post-Fiona,1.3,0.5248074086878045,56.74048944560427,0.8431555468568778,-3.328395530518003,0.03408272944766681,-3.39519768023543,-3.261593380800576,0.034609798746060544,0.03244588661014056,0.03691252281205624
140,Post-Fiona,1.4,0.5248074086878045,56.74048944560427,0.8431555468568778,-3.2878354576653845,0.03375392426113203,-3.3539931492172035,-3.2216777661135656,0.0359908704397452,0.03376464646519475,0.038358050273071244
150,Post-Fiona,1.5,0.5248074086878045,56.74048944560427,0.8431555468568778,-3.2472753848127667,0.03345102370554824,-3.312839391275641,-3.1817113783498923,0.037424916066394774,0.035133339564665154,0.03985978621880842
160,Post-Fiona,1.6,0.5248074086878045,56.74048944560427,0.8431555468568778,-3.2067153119601493,0.03317473735196095,-3.2717377971699926,-3.141692826750306,0.03891379430483946,0.03655357823794741,0.041419854683410355
170,Post-Fiona,1.7,0.5248074086878045,56.74048944560427,0.8431555468568778,-3.1661552391075305,0.032925735182279,-3.2306896800647973,-3.1016207981502637,0.040459415023572746,0.038027009874702825,0.04304044809372096
180,Post-Fiona,1.8,0.5248074086878045,56.74048944560427,0.8431555468568778,-3.1255951662549126,0.0327046404003326,-3.1896962614395648,-3.0614940710702605,0.04206373952229734,0.0395553171759954,0.044723827507691286
190,Post-Fiona,1.9,0.5248074086878045,56.74048944560427,0.8431555468568778,-3.0850350934022948,0.03251202235537031,-3.1487586572188206,-3.021311529585769,0.04372878065961974,0.041140218436411614,0.04647232258741279
200,Post-Fiona,2,0.5248074086878045,56.74048944560427,0.8431555468568778,-3.0444750205496764,0.03234838974441634,-3.1078778644487324,-2.9810721766506205,0.045456602855600915,0.04278346785079907,0.04828833128962893
210,Post-Fiona,2.1,0.5248074086878045,56.74048944560427,0.8431555468568778,-3.003914947697058,0.03221418426682183,-3.067054748860029,-2.9407751465340874,0.04724932195725438,0.044486855835034214,0.0501743192595026
220,Post-Fiona,2.2,0.5248074086878045,56.74048944560427,0.8431555468568778,-2.9633548748444403,0.03210977490416854,-3.0262900336566108,-2.90041971603227,0.04910910495446559,0.046252209345791495,0.05213281891655269
230,Post-Fiona,2.3,0.5248074086878045,56.74048944560427,0.8431555468568778,-2.922794801991822,0.03203545299064026,-2.985584289853477,-2.860005314130167,0.05103816953319348,0.048081392179858316,0.05416642822480902
240,Post-Fiona,2.4,0.5248074086878045,56.74048944560427,0.8431555468568778,-2.882234729139204,0.03199142822279434,-2.944937928455881,-2.819531529822527,0.053038783452212364,0.04997630522936319,0.056277809142143746
250,Post-Fiona,2.5,0.5248074086878045,56.74048944560427,0.8431555468568778,-2.841674656286586,0.031977825733661314,-2.9043511947245624,-2.77899811784861,0.05511326372906773,0.05193888666560093,0.058469685746190325
260,Post-Fiona,2.6,0.5248074086878045,56.74048944560427,0.8431555468568778,-2.8011145834339684,0.031994684325214885,-2.8638241647113896,-2.738405002156547,0.05726397562035627,0.05397111202116658,0.060744842036053154
270,Post-Fiona,2.7,0.5248074086878045,56.74048944560427,0.8431555468568778,-2.76055451058135,0.032041955917007,-2.8233567441786835,-2.6977522769840165,0.05949333138091158,0.056074994138029674,0.06310611940998356
280,Post-Fiona,2.8,0.5248074086878045,56.74048944560427,0.8431555468568778,-2.719994437728732,0.032119506229147096,-2.7829486699378605,-2.657040205519604,0.061803788785987315,0.05825258294810808,0.06555641381925197
290,Post-Fiona,2.9,0.5248074086878045,56.74048944560427,0.8431555468568778,-2.679434364876114,0.032227116677117536,-2.742599513563264,-2.6162692161889636,0.06419784940009174,0.06050596505288178,0.06809867259755907
300,Post-Fiona,3,0.5248074086878045,56.74048944560427,0.8431555468568778,-2.6388742920234964,0.0323644874165559,-2.702308687359946,-2.575439896687047,0.06667805657574985,0.0628372630695872,0.07073589096355683
310,Post-Fiona,3.1,0.5248074086878045,56.74048944560427,0.8431555468568778,-2.598314219170878,0.03253124144037225,-2.662075452394008,-2.5345529859477485,0.06924699316516686,0.06524863471345646,0.07347110819152047
320,Post-Fiona,3.2,0.5248074086878045,56.74048944560427,0.8431555468568778,-2.55775414631826,0.0327269296003568,-2.621898928334959,-2.4936093643015607,0.07190727892754768,0.06774227158814085,0.07630740344211519
330,Post-Fiona,3.3,0.5248074086878045,56.74048944560427,0.8431555468568778,-2.517194073465642,0.03295103640223107,-2.5817781048140147,-2.452610042117269,0.0746615676147109,0.07032039765969372,0.07924789124177167
340,Post-Fiona,3.4,0.5248074086878045,56.74048944560427,0.8431555468568778,-2.476634000613024,0.033202986407778655,-2.54171185397227,-2.411556147253778,0.07751254371763035,0.07298526739305304,0.0822957165956704
350,Post-Fiona,3.5,0.5248074086878045,56.74048944560427,0.8431555468568778,-2.436073927760406,0.033482151070512785,-2.5016989438586115,-2.370448911662201,0.0804629188566648,0.07573916353364547,0.08545404971599564
360,Post-Fiona,3.6,0.5248074086878045,56.74048944560427,0.8431555468568778,-2.395513854907788,0.03378785583196538,-2.4617380523384402,-2.3292896574771356,0.08351542779850844,0.0785843945203346,0.08872608034418333
370,Post-Fiona,3.7,0.5248074086878045,56.74048944560427,0.8431555468568778,-2.35495378205517,0.034119387313289236,-2.421827781189217,-2.2880797829211232,0.08667282408332974,0.08152329151929409,0.09211501164355392
380,Post-Fiona,3.8,0.5248074086878045,56.74048944560427,0.8431555468568778,-2.3143937092025517,0.03447600045026015,-2.3819666700850615,-2.246820748320042,0.08993787524618439,0.084558205071392,0.09562405363713923
390,Post-Fiona,3.9,0.5248074086878045,56.74048944560427,0.8431555468568778,-2.2738336363499343,0.03485692543753627,-2.3421532102075053,-2.2055140624923633,0.09331335761760125,0.08769150134825647,0.0992564161647898
400,Post-Fiona,4,0.5248074086878045,56.74048944560427,0.8431555468568778,-2.233273563497316,0.03526137436869298,-2.3023858572599543,-2.1641612697346777,0.09680205068927576,0.09092555801434458,0.1030153013338419
410,Post-Fiona,4.1,0.5248074086878045,56.74048944560427,0.8431555468568778,-2.192713490644698,0.03568854748066671,-2.2626630437068047,-2.1227639375825915,0.1004067310320707,0.09426275969407176,0.10690389543874211
420,Post-Fiona,4.2,0.5248074086878045,56.74048944560427,0.8431555468568778,-2.15215341779208,0.0361376389335277,-2.222983190101794,-2.0813236454823656,0.10413016575504966,0.09770549304444394,0.11092536032706511
430,Post-Fiona,4.3,0.5248074086878045,56.74048944560427,0.8431555468568778,-2.1115933449394615,0.03660784207789036,-2.183344715412127,-2.039841974466796,0.10797510549605888,0.10125614143473831,0.11508282419226086
440,Post-Fiona,4.4,0.5248074086878045,56.74048944560427,0.8431555468568778,-2.071033272086844,0.03709835418194497,-2.1437460462834563,-1.9983204978902318,0.11194427693645738,0.10491707923569976,0.11937937177719038
450,Post-Fiona,4.5,0.5248074086878045,56.74048944560427,0.8431555468568778,-2.0304731992342258,0.0376083806074901,-2.1041856252249063,-1.9567607732435452,0.11604037483497794,0.10869066572155077,0.12381803397697613
460,Post-Fiona,4.6,0.5248074086878045,56.74048944560427,0.8431555468568778,-1.9899131263816079,0.038137138439140524,-2.064661917722323,-1.9151643350408925,0.12026605357840181,0.11257923858894271,0.1284017768348451
470,Post-Fiona,4.7,0.5248074086878045,56.74048944560427,0.8431555468568778,-1.9493530535289898,0.038683859582958266,-2.025173418311588,-1.8735326887463917,0.12462391824976247,0.11658510709789821,0.13313348993042187
480,Post-Fiona,4.8,0.5248074086878045,56.74048944560427,0.8431555468568778,-1.908792980676372,0.03924779336015497,-1.9857186556622757,-1.8318673056904682,0.12911651521815323,0.12071054484086545,0.13801597416626343
490,Post-Fiona,4.9,0.5248074086878045,56.74048944560427,0.8431555468568778,-1.8682329078237538,0.03982820862841243,-1.9462961967354422,-1.7901696189120655,0.13374632225792385,0.12495778214729926,0.14305192896528054
500,Post-Fiona,5,0.5248074086878045,56.74048944560427,0.8431555468568778,-1.8276728349711355,0.040424395468019035,-1.9069046500884528,-1.7484410198538183,0.13851573820909663,0.12932899813273313,0.14824393889900286
510,Post-Fiona,5.1,0.5248074086878045,56.74048944560427,0.8431555468568778,-1.7871127621185179,0.04103566647272564,-1.8675426684050602,-1.7066828558319755,0.14342707219521897,0.133826312403147,0.15359445977437627
520,Post-Fiona,5.2,0.5248074086878045,56.74048944560427,0.8431555468568778,-1.7465526892658996,0.04166135768630555,-1.8282089503310583,-1.6648964282007408,0.14848253241958698,0.13845177642758397,0.1591058042148865
530,Post-Fiona,5.3,0.5248074086878045,56.74048944560427,0.8431555468568778,-1.7059926164132817,0.042300829225575834,-1.7889022416954103,-1.623082991131153,0.15368421456580145,0.14320736459442754,0.16478012678023043
540,Post-Fiona,5.4,0.5248074086878045,56.74048944560427,0.8431555468568778,-1.6654325435606636,0.0429534656293983,-1.7496213361942843,-1.581243750927043,0.15903408983394654,0.14809496496952504,0.1706194086774633
550,Post-Fiona,5.5,0.5248074086878045,56.74048944560427,0.8431555468568778,-1.6248724707080457,0.04361867597119382,-1.7103650756115856,-1.539379865804506,0.1645339926492668,0.15311636977740326,0.1766254421254628
560,Post-Fiona,5.6,0.5248074086878045,56.74048944560427,0.8431555468568778,-1.5843123978554277,0.04429589377000571,-1.6711323496446389,-1.4974924460662165,0.17018560808604027,0.1582732656301683,0.18279981444361446
570,Post-Fiona,5.7,0.5248074086878045,56.74048944560427,0.8431555468568778,-1.5437523250028098,0.04498457673232894,-1.6319220953981746,-1.455582554607445,0.17599045905534905,0.16356722353226713,0.18914389194474338
580,Post-Fiona,5.8,0.5248074086878045,56.74048944560427,0.8431555468568778,-1.5031922521501917,0.04568420635394117,-1.5927332966039165,-1.413651207696467,0.18194989331158837,0.16899968869309376,0.19565880372141212
590,Post-Fiona,5.9,0.5248074086878045,56.74048944560427,0.8431555468568778,-1.4626321792975734,0.04639428740795248,-1.5535649826171603,-1.3716993759779865,0.1880650703387664,0.17457197018340168,0.20234542542365763
600,Post-Fiona,6,0.5248074086878045,56.74048944560427,0.8431555468568778,-1.4220721064449555,0.04711434734232711,-1.5144162272359167,-1.3297279856539943,0.19433694818386382,0.18028523047559605,0.20920436313493876
610,Post-Fiona,6.1,0.5248074086878045,56.74048944560427,0.8431555468568778,-1.3815120335923379,0.04784393560729221,-1.4752861473826306,-1.287737919802045,0.20076627031066363,0.18614047491217575,0.21623593746137043
620,Post-Fiona,6.2,0.5248074086878045,56.74048944560427,0.8431555468568778,-1.3409519607397196,0.04858262293038049,-1.4361739016832653,-1.2457300197961738,0.20735355255344345,0.1921385411508195,0.22344016795709176
630,Post-Fiona,6.3,0.5248074086878045,56.74048944560427,0.8431555468568778,-1.3003918878871015,0.04933000055438748,-1.397078688973701,-1.203705086800502,0.21409907025565217,0.19828008863881277,0.230816758015689
640,Post-Fiona,6.4,0.5248074086878045,56.74048944560427,0.8431555468568778,-1.2598318150344836,0.05008567945127365,-1.35799974675898,-1.1616638833099873,0.22100284568406897,0.20456558817362677,0.23836508036381887
650,Post-Fiona,6.5,0.5248074086878045,56.74048944560427,0.8431555468568778,-1.2192717421818655,0.05084928952301234,-1.3189363496469697,-1.1196071347167613,0.22806463581385725,0.210995311610419,0.24608416329836713
660,Post-Fiona,6.6,0.5248074086878045,56.74048944560427,0.8431555468568778,-1.1787116693292476,0.051620478798574294,-1.2798878077744533,-1.077535530884042,0.23528392058427236,0.21756932178097038,0.2539726778124745
670,Post-Fiona,6.7,0.5248074086878045,56.74048944560427,0.8431555468568778,-1.1381515964766293,0.05239891263463885,-1.2408534652405214,-1.0354497277127372,0.24265989172844737,0.2242874626920273,0.2620289257583889
680,Post-Fiona,6.8,0.5248074086878045,56.74048944560427,0.8431555468568778,-1.0975915236240117,0.05318427292621852,-1.2018326985594,-0.9933503486886234,0.2501914422835432,0.23114935007410334,0.27025082919618915
690,Post-Fiona,6.9,0.5248074086878045,56.74048944560427,0.8431555468568778,-1.0570314507713934,0.05397625733216426,-1.1628249151424352,-0.9512379864003514,0.2578771568895092,0.23815436235445642,0.2786359210768327
700,Post-Fiona,7,0.5248074086878045,56.74048944560427,0.8431555468568778,-1.016471377918776,0.05477457851946522,-1.123829551816928,-0.9091132040206241,0.26571530298563456,0.24530163213009476,0.28718133740554097
710,Post-Fiona,7.1,0.5248074086878045,56.74048944560427,0.8431555468568778,-0.9759113050661578,0.05557896342935549,-1.0848460733876946,-0.8669765367446209,0.2737038230138888,0.2525900382182369,0.2958838110271618
720,Post-Fiona,7.2,0.5248074086878045,56.74048944560427,0.8431555468568778,-0.9353512322135394,0.05638915256747294,-1.0458739712457863,-0.8248284931812925,0.281840327736645,0.26001819836255174,0.30473966716870915
730,Post-Fiona,7.3,0.5248074086878045,56.74048944560427,0.8431555468568778,-0.8947911593609217,0.05720489931966819,-1.0069127620274714,-0.782669556694372,0.2901220907736863,0.26758446267370434,0.3137448208657399
740,Post-Fiona,7.4,0.5248074086878045,56.74048944560427,0.8431555468568778,-0.8542310865083035,0.058025969294519655,-0.967961986325562,-0.740500186691045,0.29854604445932914,0.2752869078821368,0.3228947763885284
750,Post-Fiona,7.5,0.5248074086878045,56.74048944560427,0.8431555468568778,-0.8136710136556857,0.058852139693160103,-0.9290212074542795,-0.6983208198570919,0.3071087771150182,0.2831233324795865,0.3321846287711589
760,Post-Fiona,7.6,0.5248074086878045,56.74048944560427,0.8431555468568778,-0.7731109408030677,0.05968319870664988,-0.8900900102681015,-0.656131871338034,0.3158065318258294,0.2910912528235391,0.34160906753172027
770,Post-Fiona,7.7,0.5248074086878045,56.74048944560427,0.8431555468568778,-0.7325508679504498,0.060518944940829954,-0.8511680000344765,-0.6139337358664231,0.32463520680093816,0.2991879002755752,0.3511623826548401
780,Post-Fiona,7.8,0.5248074086878045,56.74048944560427,0.8431555468568778,-0.6919907950978318,0.061359186868345066,-0.8122548013597881,-0.5717267888358755,0.33359035738830817,0.30741021944040087,0.36083847288897675
790,Post-Fiona,7.9,0.5248074086878045,56.74048944560427,0.8431555468568778,-0.6514307222452137,0.062203742307334706,-0.7733500571675898,-0.5295113873228376,0.34266719980265686,0.3157548675672137,0.3706308563903782
800,Post-Fiona,8,0.5248074086878045,56.74048944560427,0.8431555468568778,-0.6108706493925957,0.06305243792613925,-0.7344534277278286,-0.4872878710573628,0.35186061661324397,0.32421821516896676,0.3805326837236444
810,Post-Fiona,8.1,0.5248074086878045,56.74048944560427,0.8431555468568778,-0.5703105765399779,0.06390510877325468,-0.695564589735557,-0.4450565633443987,0.3611651640243011,0.3327963479080635,0.39053675320566106
820,Post-Fiona,8.2,0.5248074086878045,56.74048944560427,0.8431555468568778,-0.5297505036873601,0.06476159783168506,-0.6566832354374628,-0.4028177719372574,0.37057508096610725,0.34148506978907905,0.4006355285556217
830,Post-Fiona,8.3,0.5248074086878045,56.74048944560427,0.8431555468568778,-0.48919043083474156,0.06562175559678245,-0.6178090718044351,-0.360571789865048,0.3800842999989716,0.35027990769031386,0.4108211587892642
840,Post-Fiona,8.4,0.5248074086878045,56.74048944560427,0.8431555468568778,-0.4486303579821236,0.06648543967662625,-0.578941819748311,-0.3183188962159361,0.3896864600158917,0.3591761172564006,0.4210855002706879
850,Post-Fiona,8.5,0.5248074086878045,56.74048944560427,0.8431555468568778,-0.4080702851295056,0.06735251441397194,-0.5400812133808905,-0.2760593568781206,0.39937492071262937,0.36816869016390497,0.4314201408105957
860,Post-Fiona,8.6,0.5248074086878045,56.74048944560427,0.8431555468568778,-0.36751021227688785,0.06822285052879143,-0.501226999313319,-0.23379342524045665,0.4091427787765927,0.3772523627609665,0.44181642567590423
870,Post-Fiona,8.7,0.5248074086878045,56.74048944560427,0.8431555468568778,-0.32695013942426987,0.06909632478043146,-0.46237893599391555,-0.19152134285462422,0.4189828857285066,0.3864216260706508,0.4522654853528294
880,Post-Fiona,8.8,0.5248074086878045,56.74048944560427,0.8431555468568778,-0.28639006657165134,0.06997281964842811,-0.4235367930825704,-0.14924334006073225,0.428887867333617,0.3956707371359468,0.4627582648841648
890,Post-Fiona,8.9,0.5248074086878045,56.74048944560427,0.8431555468568778,-0.2458299937190336,0.07085222303103521,-0.38470035085986265,-0.10695963657820459,0.4388501444824017,0.404993731672395,0.4732855545819255
900,Post-Fiona,9,0.5248074086878045,56.74048944560427,0.8431555468568778,-0.20526992086641563,0.071734427960549,-0.3458693996690917,-0.06467044206373959,0.44886195542469615,0.41438443798231717,0.48383802189920116
910,Post-Fiona,9.1,0.5248074086878045,56.74048944560427,0.8431555468568778,-0.16470984801379743,0.07261933233453997,-0.3070437393894958,-0.022375956638099076,0.4589153792260528,0.4238364920727034,0.4944062442302657
920,Post-Fiona,9.2,0.5248074086878045,56.74048944560427,0.8431555468568778,-0.12414977516117968,0.07350683866213442,-0.26822317893896314,0.01992362861660378,0.4690023603013067,0.4333433539071633,0.5049807423960275
930,Post-Fiona,9.3,0.5248074086878045,56.74048944560427,0.8431555468568778,-0.08358970230856118,0.07439685382452196,-0.22940753580462425,0.06222813118750188,0.4791147338679224,0.44289832471112645,0.5155520145629957
940,Post-Fiona,9.4,0.5248074086878045,56.74048944560427,0.8431555468568778,-0.04302962945594321,0.07528928884889964,-0.1905966355997865,0.10453737668790009,0.4892442521509948,0.4524945652388525,0.5261105703382629
950,Post-Fiona,9.5,0.5248074086878045,56.74048944560427,0.8431555468568778,-0.0024695566033254533,0.07618405869509927,-0.15179031164572002,0.1468511984390691,0.4993826111629415,0.4621251149009502,0.5366469647806872
960,Post-Fiona,9.6,0.5248074086878045,56.74048944560427,0.8431555468568778,0.03809051624929252,0.07708108205417948,-0.11298840457689924,0.18916943707548428,0.5095214778741148,0.47178291164213904,0.5471518320695198
970,Post-Fiona,9.7,0.5248074086878045,56.74048944560427,0.8431555468568778,0.0786505891019105,0.07798028115829984,-0.0741907619683572,0.2314919401721782,0.5196525175859059,0.48146081245109185,0.5576159185761712
980,Post-Fiona,9.8,0.5248074086878045,56.74048944560427,0.8431555468568778,0.11921066195452901,0.07888158160122914,-0.035397237983880114,0.27381856189293813,0.5297674213154984,0.49115161437746097,0.5680301150925368
990,Post-Fiona,9.9,0.5248074086878045,56.74048944560427,0.8431555468568778,0.15977073480714676,0.07978491216887298,0.0033923069561557218,0.3161491626581378,0.5398579330012816,0.5008480759257522,0.5783854879801618
1000,Post-Fiona,10,0.5248074086878045,56.74048944560427,0.8431555468568778,0.20033080765976474,0.08069020467924042,0.04217800648845352,0.358483608831076,0.5499158763400889,0.5105429386916462,0.5886733090183062
1010,Post-Fiona,10.1,0.5248074086878045,56.74048944560427,0.8431555468568778,0.2408908805123827,0.08159739383129938,0.08095998860303591,0.40082177242172945,0.5599331810717968,0.520228949103737,0.5988850837453972
1020,Post-Fiona,10.2,0.5248074086878045,56.74048944560427,0.8431555468568778,0.2814509533650005,0.08250641706220292,0.11973837592308276,0.44316353080691817,0.5699019085333888,0.529898880132525,0.6090125781071308
1030,Post-Fiona,10.3,0.5248074086878045,56.74048944560427,0.8431555468568778,0.32201102621761896,0.0834172144123963,0.1585132859693222,0.4855087664659157,0.5798142763131734,0.5395455528288681,0.6190478432452317
1040,Post-Fiona,10.4,0.5248074086878045,56.74048944560427,0.8431555468568778,0.36257109907023694,0.0843297283981441,0.19728483140987452,0.5278573667305994,0.5896626818463355,0.5491618575559535,0.628983238283234
1050,Post-Fiona,10.5,0.5248074086878045,56.74048944560427,0.8431555468568778,0.4031311719228547,0.08524390389104275,0.2360531202964109,0.5702092235492985,0.5994397248052009,0.5587407747821952,0.6388114509892059
1060,Post-Fiona,10.6,0.5248074086878045,56.74048944560427,0.8431555468568778,0.44369124477547256,0.08615968800410924,0.27481825628741846,0.6125642332635266,0.6091382281512755,0.5682753953071998,0.6485255162196739
1070,Post-Fiona,10.7,0.5248074086878045,56.74048944560427,0.8431555468568778,0.4842513176280904,0.08707702998406118,0.3135803388593305,0.6549222963968504,0.6187512577310739,0.5777589397990258,0.6581188320737317
1080,Post-Fiona,10.8,0.5248074086878045,56.74048944560427,0.8431555468568778,0.524811390480709,0.08799588110942616,0.35233946350623374,0.6972833174551842,0.6282721403137077,0.5871847775282787,0.6675851737110068
1090,Post-Fiona,10.9,0.5248074086878045,56.74048944560427,0.8431555468568778,0.5653714633333269,0.08891619459413996,0.3910957219288126,0.7396472047378412,0.6376944799849107,0.5965464441930132,0.6769187048114557
1100,Post-Fiona,11,0.5248074086878045,56.74048944560427,0.8431555468568778,0.6059315361859448,0.08983792549631363,0.42984920221317,0.7820138701587195,0.6470121728293657,0.6058376587378371,0.6861139866784767
1110,Post-Fiona,11.1,0.5248074086878045,56.74048944560427,0.8431555468568778,0.6464916090385626,0.09076103063186843,0.46859998900010047,0.8243832290770248,0.6562194198506033,0.6150523390808558,0.6951659850092741
1120,Post-Fiona,11.2,0.5248074086878045,56.74048944560427,0.8431555468568778,0.6870516818911805,0.09168546849275652,0.5073481636453777,0.8667552001369833,0.6653107380951103,0.6241846166730399,0.7040700743774697
1130,Post-Fiona,11.3,0.5248074086878045,56.74048944560427,0.8431555468568778,0.7276117547437991,0.09261119916950149,0.5460938043715762,0.9091297051160221,0.6742809699643723,0.6332288498260426,0.7128220404924117
1140,Post-Fiona,11.4,0.5248074086878045,56.74048944560427,0.8431555468568778,0.768171827596417,0.09353818427780937,0.5848369864119106,0.9515066687809234,0.6831252907151327,0.6421796357562939,0.7214180803172567
1150,Post-Fiona,11.5,0.5248074086878045,56.74048944560427,0.8431555468568778,0.8087319004490349,0.09446638688901626,0.623577782146563,0.9938860187515067,0.6918392141640098,0.6510318213051884,0.7298548001435788
1160,Post-Fiona,11.6,0.5248074086878045,56.74048944560427,0.8431555468568778,0.8492919733016527,0.09539577146415198,0.6623162612319149,1.0362676853713906,0.7004185966275341,0.6597805123071763,0.7381292117338337
1170,Post-Fiona,11.7,0.5248074086878045,56.74048944560427,0.8431555468568778,0.8898520461542706,0.09632630379141334,0.7010524907231005,1.0786516015854408,0.7088596391425486,0.6684210815894451,0.7462387266544735
1180,Post-Fiona,11.8,0.5248074086878045,56.74048944560427,0.8431555468568778,0.9304121190068891,0.09725795092685288,0.7397865351902575,1.1210377028235208,0.7171588880245698,0.676949175598457,0.7541811489317936
1190,Post-Fiona,11.9,0.5248074086878045,56.74048944560427,0.8431555468568778,0.970972191859507,0.09819068113810049,0.77851845682883,1.1634259268901839,0.7253132338330769,0.6853607196597673,0.7619546661697558
1200,Post-Fiona,12,0.5248074086878045,56.74048944560427,0.8431555468568778,1.011532264712125,0.09912446385094675,0.8172483155642694,1.2058162138599806,0.7333199088226672,0.6936519218881719,0.7695578392741121
1210,Post-Fiona,12.1,0.5248074086878045,56.74048944560427,0.8431555468568778,1.0520923375647429,0.10005926959862693,0.855976169151434,1.2482085059780517,0.7411764829675701,0.701819275775189,0.7769895909302307
1220,Post-Fiona,12.2,0.5248074086878045,56.74048944560427,0.8431555468568778,1.0926524104173607,0.10099506997365414,0.8947020732689986,1.290602747565723,0.7488808586541131,0.7098595614901076,0.7842491929832386
1230,Post-Fiona,12.3,0.5248074086878045,56.74048944560427,0.8431555468568778,1.1332124832699793,0.1019318375820598,0.9334260816091421,1.3329988849308165,0.7564312641413797,0.7177698459392289,0.7913362528685525
1240,Post-Fiona,12.4,0.5248074086878045,56.74048944560427,0.8431555468568778,1.1737725561225971,0.1028695459999074,0.9721482459627786,1.3753968662824156,0.7638262458945385,0.7255474816354457,0.7982506992387404
1250,Post-Fiona,12.5,0.5248074086878045,56.74048944560427,0.8431555468568778,1.214332628975215,0.10380816973195434,1.0108686163005844,1.4177966416498455,0.7710646598981828,0.7331901044369118,0.8049927669291006
1260,Post-Fiona,12.6,0.5248074086878045,56.74048944560427,0.8431555468568778,1.2548927018278329,0.10474768417234315,1.0495872408500402,1.4601981628056255,0.7781456620585724,0.740695630219194,0.8115629813995461
1270,Post-Fiona,12.7,0.5248074086878045,56.74048944560427,0.8431555468568778,1.2954527746804507,0.10568806556721143,1.0883041661687163,1.5026013831921852,0.7850686978039981,0.7480622505500073,0.8179621427844888
1280,Post-Fiona,12.8,0.5248074086878045,56.74048944560427,0.8431555468568778,1.3360128475330693,0.10662929097911582,1.1270194372140023,1.5450062578521362,0.7918334909916855,0.7552884274393763,0.8241913096756522
1290,Post-Fiona,12.9,0.5248074086878045,56.74048944560427,0.8431555468568778,1.3765729203856871,0.10757133825317153,1.1657330974094708,1.5874127433619034,0.7984400322278142,0.7623728872408839,0.8302517827552248
1300,Post-Fiona,13,0.5248074086878045,56.74048944560427,0.8431555468568778,1.417132993238305,0.10851418598481523,1.2044451887080672,1.6298207977685428,0.804888566704471,0.7693146137815886,0.836145088388712
