Predicted,SE,lower,upper,Elevation_m,Elevation,NDVI,predicted_percent,lower_percent,upper_percent
0.5674145797945138,0.08438231942827618,0.4007157611620321,0.720129582902124,0,-0.539924956114685,0,56.74145797945138,40.07157611620321,72.01295829021241
0.5612083984855689,0.0836703418021945,0.3965465565408742,0.7134114767259216,6.53328043727409,-0.5095081653028045,0,56.12083984855689,39.65465565408742,71.34114767259217
0.554983010624139,0.08297474433192632,0.39230164220946945,0.7066766622973008,13.06656087454818,-0.47909137449092404,0,55.4983010624139,39.230164220946946,70.66766622973007
0.5487403190008833,0.0822981582191078,0.3879795143040148,0.6999328110766391,19.59984131182227,-0.4486745836790435,0,54.874031900088326,38.797951430401476,69.9932811076639
0.5424822480508718,0.08164316858554482,0.3835788401405187,0.6931876892674864,26.13312174909636,-0.41825779286716297,0,54.248224805087176,38.35788401405187,69.31876892674865
0.5362107415224856,0.08101229540749065,0.3790984872488199,0.6864491126536468,32.66640218637045,-0.3878410020552825,0,53.62107415224856,37.90984872488199,68.64491126536468
0.529927760095063,0.08040797368731384,0.374537553442306,0.6797248987866642,39.19968262364454,-0.3574242112434019,0,52.9927760095063,37.4537553442306,67.97248987866642
0.5236352789513983,0.07983253309522743,0.3698953974785711,0.6730228170556766,45.732963060918635,-0.3270074204315214,0,52.363527895139825,36.98953974785711,67.30228170556765
0.51733528531141,0.07928817735891874,0.36517166978077203,0.6663505372738979,52.26624349819272,-0.29659062961964094,0,51.733528531141005,36.517166978077206,66.63505372738979
0.5110297759334723,0.0787769637213076,0.36036634261002515,0.6597155775114258,58.79952393546681,-0.2661738388077604,0,51.102977593347234,36.03663426100251,65.97155775114258
0.5047207545900504,0.07830078282366483,0.3554797390109896,0.653125251987207,65.3328043727409,-0.23575704799587993,0,50.47207545900504,35.54797390109896,65.31252519872069
0.49841022952440045,0.07786133940018315,0.3505125598012413,0.6465866198981468,71.866084810015,-0.20534025718399937,0,49.84102295244004,35.05125598012413,64.65866198981468
0.49210021089518474,0.07746013418809859,0.345465907845486,0.6401064361049525,78.39936524728908,-0.17492346637211886,0,49.21002108951848,34.5465907845486,64.01064361049525
0.4857927082159023,0.0770984474621699,0.3403413088528127,0.633691104607393,84.93264568456317,-0.14450667556023836,0,48.57927082159023,34.03413088528127,63.3691104607393
0.479489727796066,0.07677732459181891,0.3351407279627331,0.627346635722404,91.46592612183727,-0.1140898847483578,0,47.9489727796066,33.51407279627331,62.7346635722404
0.47319327019104707,0.07649756399236875,0.3298665814457909,0.6210786078245893,97.99920655911136,-0.08367309393647729,0,47.319327019104705,32.98665814457909,62.107860782458935
0.46690532766746345,0.07625970779839178,0.3245217429372421,0.614892134419867,104.53248699638544,-0.053256303124596796,0,46.690532766746344,32.45217429372421,61.4892134419867
0.46062788169092406,0.0760640355281121,0.31910954374567807,0.608791837201258,111.06576743365953,-0.022839512312716293,0,46.06278816909241,31.910954374567808,60.879183720125795
0.45436290044283045,0.07591056093511896,0.31363376692822886,0.6027818255853151,117.59904787093362,0.007577278499164205,0,45.43629004428305,31.363376692822886,60.27818255853151
0.448112336372809,0.07579903216042855,0.3080986349937889,0.5968656830548288,124.13232830820772,0.03799406931104477,0,44.8112336372809,30.809863499378892,59.68656830548288
0.4418781237931793,0.0757289352081115,0.30250879127752395,0.5910464604463106,130.6656087454818,0.0684108601229252,0,44.18781237931793,30.250879127752395,59.10464604463106
0.4356621765216735,0.07569950067579427,0.2968692752145921,0.5853266761285808,137.1988891827559,0.09882765093480578,0,43.56621765216735,29.68692752145921,58.53266761285808
0.42946638557840555,0.07570971358205457,0.2911854919190283,0.5797083228312474,143.73216962003,0.12924444174668634,0,42.94663855784056,29.118549191902833,57.97083228312474
0.42329261694283726,0.07575832605060605,0.28546317663596166,0.5741928807082627,150.26545005730407,0.15966123255856676,0,42.32926169428373,28.546317663596167,57.41928807082627
0.41714270937622766,0.0758438725402052,0.27970835477374095,0.568781336070298,156.79873049457817,0.19007802337044732,0,41.714270937622764,27.970835477374095,56.8781336070298
0.41101847231475375,0.07596468725255853,0.273927298330879,0.5634742050968952,163.33201093185227,0.22049481418232791,0,41.101847231475375,27.3927298330879,56.34742050968951
0.4049216838381854,0.0761189233102567,0.26812647960685904,0.5582715617495896,169.86529136912634,0.25091160499420834,0,40.49216838381854,26.812647960685904,55.82715617495896
0.3988540887186639,0.07630457327383691,0.26231252312403974,0.5531730690524838,176.39857180640044,0.2813283958060889,0,39.88540887186639,26.231252312403974,55.31730690524837
0.39281739655379094,0.07651949056126944,0.256492156690698,0.5481780128867935,182.93185224367454,0.31174518661796946,0,39.28173965537909,25.649215669069804,54.81780128867935
0.38681327998787385,0.07676141134324162,0.2506721625052939,0.5432853374583252,189.4651326809486,0.3421619774298499,0,38.68132799878738,25.06721625052939,54.328533745832516
0.38084337302480537,0.07702797651152853,0.24485932914363148,0.5384936816376691,195.99841311822271,0.3725787682417305,0,38.084337302480535,24.485932914363147,53.84936816376691
0.37490926943567243,0.0773167533528639,0.2390604051891654,0.5338014154368905,202.5316935554968,0.4029955590536109,0,37.490926943567246,23.90604051891654,53.38014154368905
0.3690125212638069,0.07762525660414057,0.23328205516834782,0.5292066759678671,209.0649739927709,0.4334123498654915,0,36.90125212638069,23.32820551683478,52.92066759678671
0.3631546374295966,0.07795096861348713,0.22753081834382294,0.5247074023201606,215.598254430045,0.463829140677372,0,36.31546374295966,22.753081834382293,52.470740232016055
0.35733708243698364,0.07829135838296711,0.221813070804324,0.5203013688947682,222.13153486731906,0.49424593148925244,0,35.733708243698366,22.1813070804324,52.03013688947682
0.35156127518318475,0.07864389931982353,0.21613499117654525,0.51598621682922,228.66481530459316,0.524662722301133,0,35.15612751831848,21.613499117654523,51.598621682921994
0.34582858787277493,0.07900608557226914,0.21050253017541135,0.5117594832450469,235.19809574186723,0.5550795131130135,0,34.582858787277495,21.050253017541134,51.175948324504695
0.3401403450368935,0.0793754468712031,0.20492138410842475,0.5076186281374003,241.73137617914134,0.585496303924894,0,34.01403450368935,20.492138410842475,50.76186281374003
0.33449782265794764,0.07974956183980215,0.1993969723595382,0.5035610588062307,248.26465661641544,0.6159130947367746,0,33.44978226579477,19.939697235953822,50.35610588062307
0.32890224739981927,0.08012606976802564,0.1939344187997361,0.49958415179754145,254.7979370536895,0.646329885548655,0,32.890224739981925,19.39344187997361,49.95841517975415
0.3233547959432196,0.08050268087841583,0.188538537005857,0.4956852723812058,261.3312174909636,0.6767466763605354,0,32.33547959432196,18.8538537005857,49.56852723812058
0.3178565944254844,0.0808771851332182,0.18321381911612772,0.49186179163869914,267.8644979282377,0.7071634671724162,0,31.785659442548443,18.32138191161277,49.186179163869916
0.3124087179837689,0.0812474596510888,0.17796442810985336,0.4881111012703959,274.3977783655118,0.7375802579842966,0,31.24087179837689,17.796442810985337,48.81111012703959
0.3070121904002767,0.0816114748149592,0.1727941932687871,0.48443062625868033,280.93105880278586,0.767997048796177,0,30.701219040027674,17.27941932687871,48.44306262586803
0.30166798384785415,0.08196729916157304,0.1677066085577392,0.4808178355411338,287.46433924006,0.7984138396080577,0,30.166798384785416,16.77066085577392,48.08178355411338
0.2963770187339917,0.08231310314841093,0.16270483365066651,0.4772702508586987,293.99761967733406,0.8288306304199382,0,29.63770187339917,16.270483365066653,47.72702508586987
0.291140163641002,0.08264716189581306,0.15779169732450632,0.47378545394820437,300.53090011460813,0.8592474212318186,0,29.1140163641002,15.779169732450631,47.378545394820435
0.28595823535989456,0.08296785700169723,0.15296970294507875,0.4703610922481712,307.06418055188226,0.8896642120436993,0,28.595823535989457,15.296970294507876,47.03610922481712
0.2808319990152333,0.08327367752390642,0.1482410357762799,0.4669948832824729,313.59746098915633,0.9200810028555797,0,28.083199901523333,14.824103577627989,46.69948832824729
0.2757621682780494,0.08356322022140283,0.1436075718544256,0.46368461787921883,320.1307414264304,0.9504977936674601,0,27.576216827804938,14.36075718544256,46.36846178792188
0.270749405663692,0.0838351891406773,0.13907088818301885,0.46042816237296086,326.66402186370453,0.9809145844793409,0,27.0749405663692,13.907088818301885,46.04281623729609
0.26579432291132526,0.08408839462822637,0.13463227401857,0.4572234599277531,333.1973023009786,1.0113313752912212,0,26.579432291132527,13.463227401857,45.72234599277531
0.2608974814416278,0.0843217518440537,0.13029274303469804,0.4540685311072744,339.7305827382527,1.0417481661031016,0,26.089748144162776,13.029274303469803,45.40685311072744
0.2560593928891219,0.08453427884511241,0.12605304616900762,0.450961473806639,346.2638631755268,1.0721649569149825,0,25.60593928891219,12.605304616900762,45.0961473806639
0.2512805197054468,0.0847250943015992,0.12191368497469919,0.4479004626490224,352.7971436128009,1.102581747726863,0,25.12805197054468,12.191368497469918,44.79004626490224
0.2465612758297969,0.0848934149031713,0.11787492531616747,0.44488374793908536,359.33042405007495,1.1329985385387433,0,24.65612758297969,11.787492531616747,44.488374793908534
0.24190202742267897,0.08503855250658117,0.11393681126469167,0.44190965425459344,365.8637044873491,1.163415329350624,0,24.190202742267896,11.393681126469167,44.190965425459346
0.23730309365908286,0.08515991107096953,0.11009917906650722,0.4389765787477077,372.39698492462315,1.1938321201625044,0,23.730309365908287,11.009917906650722,43.897657874770765
0.23276474757712945,0.08525698342216756,0.1063616710709259,0.4360829892182617,378.9302653618972,1.2242489109743848,0,23.276474757712943,10.63616710709259,43.60829892182617
0.2282872169782392,0.08532934788284517,0.10272374952063973,0.4332274220129625,385.4635457991713,1.2546657017862652,0,22.82872169782392,10.272374952063974,43.32274220129625
0.22387068537486607,0.08537666480121485,0.0991847101198361,0.43040847979687524,391.99682623644543,1.2850824925981459,0,22.387068537486606,9.918471011983609,43.04084797968753
0.21951529298185296,0.08539867300724187,0.09574369530824632,0.4276248292367417,398.5301066737195,1.3154992834100263,0,21.951529298185296,9.574369530824631,42.76248292367417
0.21522113774749832,0.08539518622191494,0.09239970718073157,0.42487519862962453,405.0633871109936,1.345916074221907,0,21.522113774749833,9.239970718073156,42.48751986296245
0.2109882764204654,0.08536608944206882,0.08915162000250366,0.42215837550500573,411.5966675482677,1.3763328650337876,0,21.09882764204654,8.915162000250367,42.215837550500574
0.2068167256487214,0.08531133532050071,0.08599819227959883,0.4194732042237583,418.1299479855418,1.406749655845668,0,20.681672564872137,8.599819227959884,41.947320422375824
0.20270646310676677,0.0852309405586619,0.08293807835281773,0.4168185835932849,424.66322842281585,1.4371664466575484,0,20.270646310676675,8.293807835281774,41.68185835932849
0.19865742864749056,0.08512498232700311,0.07996983949105349,0.41419346451455036,431.19650886009,1.467583237469429,0,19.865742864749055,7.996983949105349,41.419346451455034
0.19466952547508137,0.08499359472608972,0.07709195446680361,0.41159684767363713,437.72978929736405,1.4980000282813095,0,19.466952547508136,7.709195446680361,41.159684767363714
0.19074262133552097,0.08483696529984995,0.07430282960275016,0.40902778128779915,444.2630697346381,1.52841681909319,0,19.074262133552097,7.430282960275016,40.902778128779914
0.18687654972129655,0.08465533161075643,0.07160080828365474,0.406485358913724,450.79635017191225,1.5588336099050706,0,18.687654972129657,7.160080828365474,40.6485358913724
0.18307111108708155,0.08444897788534964,0.0689841799324984,0.40396871732377915,457.3296306091863,1.589250400716951,0,18.307111108708156,6.898417993249841,40.39687173237792
0.17932607407325596,0.08421823173726697,0.06645118845385523,0.40147703445439475,463.8629110464604,1.6196671915288317,0,17.932607407325595,6.6451188453855226,40.147703445439475
0.17564117673426402,0.08396346097383303,0.06400004015098157,0.3990095274293632,470.39619148373447,1.650083982340712,0,17.564117673426402,6.4000040150981565,39.90095274293632
0.1720161277689369,0.08368507049127352,0.061628911126065514,0.39656545065969606,476.9294719210086,1.6805007731525927,0,17.20161277689369,6.162891112606552,39.65654506596961
0.1684506077500434,0.08338349926272862,0.05933595417557804,0.3941440940207392,483.46275235828267,1.7109175639644731,0,16.845060775004338,5.933595417557804,39.41440940207392
0.16494427035046652,0.08305921742244612,0.057119305194728034,0.3917447811064622,489.99603279555674,1.7413343547763536,0,16.49442703504665,5.711930519472803,39.17447811064622
0.16149674356354546,0.08271272344882306,0.05497708910670269,0.3893668675602225,496.5293132328309,1.7717511455882342,0,16.149674356354545,5.497708910670269,38.93668675602225
0.15810763091525953,0.08234454144832255,0.05290742533370528,0.3870097394807853,503.06259367010495,1.8021679364001146,0,15.810763091525953,5.290742533370528,38.700973948078534
0.15477651266607267,0.08195521854172007,0.050908432827824715,0.38467281190199365,509.595874107379,1.832584727211995,0,15.477651266607268,5.090843282782472,38.467281190199365
0.1515029470003975,0.08154532235361475,0.048978234680519414,0.382355527344163,516.1291545446531,1.8630015180238757,0,15.15029470003975,4.897823468051941,38.2355527344163
0.14828647120177585,0.08111543860567677,0.04711496233000528,0.38005735443504834,522.6624349819272,1.893418308835756,0,14.828647120177585,4.7114962330005286,38.00573544350483
0.14512660281201226,0.08066616881368426,0.045316759386131306,0.37777778659805544,529.1957154192013,1.9238350996476368,0,14.512660281201226,4.53167593861313,37.77777865980554
0.14202284077263191,0.08019812808802586,0.043581785092436785,0.37551634080525337,535.7289958564754,1.9542518904595174,0,14.202284077263192,4.358178509243679,37.55163408052534
0.13897466654716917,0.07971194303700904,0.041908217445034465,0.3732725563926691,542.2622762937494,1.9846686812713976,0,13.897466654716917,4.190821744503446,37.32725563926691
0.13598154522292272,0.0792082497720096,0.04029425598777624,0.3710459939353097,548.7955567310236,2.0150854720832783,0,13.598154522292273,4.029425598777624,37.10459939353097
0.13304292659094286,0.07868769201322795,0.03873812430285657,0.3688362341793467,555.3288371682977,2.045502262895159,0,13.304292659094285,3.8738124302856574,36.88362341793467
0.13015824620313873,0.07815091929457528,0.03723807221560641,0.3666428770289154,561.8621176055717,2.075919053707039,0,13.015824620313873,3.7238072215606413,36.66428770289154
0.12732692640551532,0.07759858526599764,0.03579237773175022,0.3644655405850142,568.3953980428458,2.1063358445189198,0,12.732692640551532,3.5792377731750222,36.44655405850142
0.12454837734666656,0.07703134609135595,0.03439934872485146,0.3623038602340436,574.92867848012,2.1367526353308004,0,12.454837734666656,3.439934872485146,36.23038602340436
0.12182199796076199,0.07644985893981247,0.03305732439107141,0.36015748778358114,581.461958917394,2.1671694261426806,0,12.182199796076198,3.305732439107141,36.015748778358116
0.11914717692437338,0.07585478056852804,0.031764676487727905,0.35802609064306307,587.9952393546681,2.1975862169545612,0,11.914717692437337,3.1764676487727908,35.80260906430631
0.11652329358659108,0.07524676599434843,0.03051981037147006,0.3559093510471207,594.5285197919422,2.228003007766442,0,11.652329358659108,3.051981037147006,35.59093510471207
0.11394971887197718,0.07462646725205002,0.029321165851195135,0.35380696531940004,601.0618002292163,2.258419798578322,0,11.394971887197718,2.9321165851195135,35.38069653194
0.1114258161559976,0.07399453223662388,0.028167217870131083,0.35171864317477974,607.5950806664904,2.2888365893902027,0,11.14258161559976,2.8167217870131083,35.171864317477976
0.10895094211266508,0.0733516036270036,0.027056477030801267,0.3496441070579881,614.1283611037645,2.319253380202084,0,10.895094211266509,2.7056477030801265,34.96441070579881
0.10652444753420673,0.07269831788858032,0.02598748997587888,0.3475830915167077,620.6616415410385,2.3496701710139636,0,10.652444753420673,2.598748997587888,34.758309151670765
0.10414567812265162,0.07203530435180372,0.024958839637238796,0.34553534260734287,627.1949219783127,2.3800869618258447,0,10.414567812265162,2.4958839637238794,34.55353426073429
0.10181397525330851,0.07136318436413336,0.023969145364822468,0.3435006173317105,633.7282024155868,2.4105037526377253,0,10.181397525330851,2.396914536482247,34.35006173317105
0.09952867671017172,0.07068257051258316,0.02301706294625369,0.34147868310299845,640.2614828528608,2.4409205434496055,0,9.952867671017172,2.3017062946253692,34.14786831029984
0.09728911739336105,0.06999406591409128,0.02210128452748343,0.33946931723942,646.7947632901349,2.471337334261486,0,9.728911739336105,2.210128452748343,33.946931723942
0.09509462999876118,0.06929826357094698,0.021220538444099865,0.337472306484069,653.3280437274091,2.501754125073367,0,9.509462999876119,2.1220538444099866,33.7472306484069
0.09294454567008188,0.06859574578851457,0.02037358897231958,0.33548744654955964,659.8613241646831,2.532170915885247,0,9.294454567008188,2.037358897231958,33.54874465495597
0.09083819462361298,0.06788708365251188,0.01955923600807901,0.33351454168610734,666.3946046019572,2.5625877066971277,0,9.083819462361298,1.955923600807901,33.351454168610736
0.088774906745996085,0.06717283656312609,0.018776314682071273,0.3315534042717815,672.9278850392313,2.5930044975090083,0,8.877490674599608,1.8776314682071273,33.155340427178146
0.08675401216537745,0.06645355182328082,0.018023694918024354,0.3296038544237235,679.4611654765054,2.6234212883208885,0,8.675401216537745,1.8023694918024353,32.96038544237235
0.08477484179634664,0.06572976427840792,0.017300280940993014,0.32766571962919316,685.9944459137795,2.653838079132769,0,8.477484179634665,1.7300280940993014,32.766571962919315
0.08283672785910218,0.06500199600512141,0.016605010741937445,0.3257388343953682,692.5277263510536,2.68425486994465,0,8.283672785910218,1.6605010741937445,32.57388343953682
0.08093900437331573,0.0642707560462393,0.015936855504388274,0.32382303991687794,699.0610067883276,2.71467166075653,0,8.093900437331573,1.5936855504388274,32.38230399168779
0.0790810076271967,0.06353654018965471,0.015294818998548808,0.3219181837601111,705.5942872256018,2.7450884515684106,0,7.908100762719671,1.5294818998548807,32.19181837601111
0.07726207662228352,0.06279983078861415,0.014677936947761018,0.32002411956339083,712.1275676628759,2.7755052423802913,0,7.726207662228352,1.4677936947761019,32.00241195633908
0.07548155349450976,0.06206109662102277,0.014085276371862191,0.31814070675215866,718.6608481001499,2.8059220331921715,0,7.548155349450976,1.4085276371862192,31.814070675215866
0.07373878391211287,0.061320792785460466,0.013515934911581777,0.31626781026835993,725.194128537424,2.836338824004052,0,7.373878391211288,1.3515934911581777,31.626781026835992
0.07203311745096923,0.06057936063165988,0.012969040137775157,0.3144053003132658,731.7274089746982,2.866755614815933,0,7.203311745096923,1.2969040137775156,31.44053003132658
0.0703639079479522,0.05983722772326562,0.01244374884895833,0.3125530521030122,738.2606894119722,2.897172405627813,0,7.036390794795221,1.244374884895833,31.25530521030122
0.06873051383292125,0.059094807830764845,0.01193924636029754,0.3107109456361756,744.7939698492463,2.927589196439694,0,6.873051383292125,1.193924636029754,31.071094563617557
0.06713229843995888,0.058352500952551144,0.01145474578691751,0.308878865472743,751.3272502865203,2.9580059872515743,0,6.713229843995888,1.1454745786917508,30.887886547274302
0.06556863029847707,0.0576106933621555,0.01098948732412087,0.30705670052387174,757.8605307237945,2.988422778063455,0,6.556863029847706,1.098948732412087,30.705670052387173
0.064038883404821,0.056869757679752615,0.010542737526859842,0.305244343851867,764.3938111610686,3.0188395688753356,0,6.4038883404821,1.0542737526859842,30.524434385186698
0.06254243747499816,0.056130052966122536,0.010113788590566084,0.303441692479838,770.9270915983426,3.0492563596872158,0,6.254243747499816,1.0113788590566084,30.3441692479838
0.06107867817916205,0.0553919248373224,0.009701957635227635,0.30164864721052426,777.4603720356167,3.0796731504990964,0,6.107867817916205,0.9701957635227635,30.164864721052425
0.059646997358479115,0.05465570559839508,0.009306585994399702,0.2998651124538111,783.9936524728909,3.110089941310977,0,5.964699735847912,0.9306585994399702,29.98651124538111
0.05824679322500278,0.05392171439451464,0.008927038510649653,0.2980909960624821,790.5269329101649,3.1405067321228572,0,5.824679322500278,0.8927038510649653,29.809099606248214
0.056877470545176126,0.05319025737803969,0.008562702838764105,0.2963262091757797,797.060213347439,3.170923522934738,0,5.6877470545176125,0.8562702838764105,29.632620917577967
0.05553844080757814,0.05246162789001725,0.008212988757886923,0.29457066607037014,803.5934937847131,3.2013403137466185,0,5.5538440807578136,0.8212988757886922,29.457066607037014
0.054229122375521494,0.05173610665474874,0.007877327493610585,0.2928242840183326,810.1267742219871,3.2317571045584987,0,5.42291223755215,0.7877327493610584,29.28242840183326
0.052948940625102754,0.05101396198609827,0.007555171050908721,0.29108698315181086,816.6600546592613,3.2621738953703794,0,5.294894062510275,0.7555171050908721,29.108698315181087
0.05169732806929671,0.05029545000429103,0.007245991558674087,0.28935868633398826,823.1933350965354,3.29259068618226,0,5.16973280692967,0.7245991558674088,28.935868633398826
0.050473724468676526,0.049580814862014086,0.006949280626513198,0.2876393190360644,829.7266155338094,3.3230074769941402,0,5.047372446867652,0.6949280626513198,28.763931903606437
0.049277576929331574,0.04887028897869635,0.006664548714345014,0.2859288092199303,836.2598959710836,3.353424267806021,0,4.927757692933158,0.6664548714345014,28.59288092199303
0.048108339988543594,0.04816409328190708,0.006391324515257292,0.28422708722625517,842.7931764083577,3.3838410586179015,0,4.81083399885436,0.6391324515257292,28.42270872262552
0.04696547568876967,0.04746243745487142,0.006129154351987339,0.28253408566771365,849.3264568456317,3.4142578494297817,0,4.696547568876968,0.6129154351987339,28.253408566771366
0.045848453640468814,0.046765520189161296,0.005877601587316525,0.2808497393270966,855.8597372829058,3.4446746402416624,0,4.584845364046881,0.5877601587316525,28.084973932709662
0.04475675107429639,0.04607352944167608,0.005636246048596508,0.27917398506006535,862.39301772018,3.4750914310535435,0,4.475675107429639,0.5636246048596508,27.917398506006535
0.04368985288317701,0.04538664269508209,0.0054046834665611165,0.27750676170231636,868.926298157454,3.5055082218654237,0,4.368985288317702,0.5404683466561117,27.750676170231635
0.04264725165475387,0.04470502722093328,0.005182524928519906,0.2758480099809455,875.4595785947281,3.5359250126773043,0,4.2647251654753875,0.5182524928519906,27.58480099809455
0.0416284476946988,0.04402884034474591,0.004969396345977501,0.27419767242979953,881.9928590320022,3.566341803489185,0,4.16284476946988,0.4969396345977501,27.419767242979955
0.04063294904135329,0.04335822971234898,0.0047649379366756514,0.27255569330862695,888.5261394692762,3.596758594301065,0,4.063294904135329,0.47649379366756517,27.255569330862695
0.03966027147215765,0.042693333556879695,0.004568803721013679,0.27092201852584186,895.0594199065504,3.627175385112946,0,3.966027147215765,0.4568803721013679,27.092201852584186
0.03870993850231055,0.04203428096583733,0.004380661032765127,0.26929659556472674,901.5927003438245,3.6575921759248264,0,3.870993850231055,0.4380661032765127,26.929659556472675
0.03778148137608835,0.04138119214765272,0.00420019004397595,0.26767937341290976,908.1259807810985,3.6880089667367066,0,3.778148137608835,0.420019004397595,26.767937341290978
0.036874439051238786,0.04073417869727144,0.00402708330389986,0.26607030249496155,914.6592612183726,3.7184257575485873,0,3.6874439051238785,0.402708330389986,26.607030249496155
0.03598835817685049,0.040093343860288254,0.003861045291801111,0.2644693346079621,921.1925416556468,3.748842548360468,0,3.5988358176850492,0.3861045291801111,26.446933460796213
0.03512279306508538,0.039458782795207537,0.003701791983432432,0.26287642285989876,927.7258220929208,3.779259339172348,0,3.512279306508538,0.3701791983432432,26.287642285989875
0.03427730565714763,0.0388305828334403,0.003549050430976299,0.26129152161076247,934.2591025301949,3.8096761299842288,0,3.427730565714763,0.35490504309762994,26.129152161076245
0.03345146548384956,0.03820882373668239,0.0034025583562212027,0.25971458641621525,940.7923829674689,3.840092920796109,0,3.345146548384956,0.34025583562212025,25.971458641621524
0.032644849621120915,0.0375935779513503,0.003262063756729962,0.2581455739737112,947.3256634047431,3.8705097116079896,0,3.2644849621120917,0.3262063756729962,25.814557397371118
0.03185704264079542,0.03698491085978175,0.0031273245247454787,0.256584442070956,953.8589438420172,3.9009265024198703,0,3.1857042640795417,0.3127324524745479,25.6584442070956
0.031087636556995053,0.03638288102793695,0.002998108078569035,0.2550311495365997,960.3922242792912,3.9313432932317505,0,3.108763655699505,0.2998108078569035,25.50311495365997
0.030336230768419993,0.035787540449363574,0.0028741910061384165,0.2534856561930569,966.9255047165653,3.961760084043631,0,3.0336230768419994,0.2874191006138416,25.348565619305692
0.029602431996839866,0.03519893478521455,0.002755358720526472,0.25194792281136186,973.4587851538395,3.9921768748555118,0,2.9602431996839864,0.27553587205264723,25.194792281136184
0.02888585422206924,0.034617103600131593,0.00264140512707603,0.25041791106796385,979.9920655911135,4.022593665667392,0,2.888585422206924,0.264140512707603,25.041791106796385
0.02818611861369872,0.03404208059383047,0.002532132301883447,0.24889558350337532,986.5253460283876,4.053010456479273,0,2.818611861369872,0.2532132301883447,24.88955835033753
0.027502853459841332,0.033473893828245324,0.0024273501813408863,0.24738090348259176,993.0586264656617,4.083427247291153,0,2.750285345984133,0.24273501813408863,24.738090348259174
0.026835694093142144,0.032912565950109406,0.002326876262446185,0.24587383515720138,999.5919069029358,4.113844038103034,0,2.6835694093142144,0.23268762624461847,24.587383515720138
0.026184282814288386,0.032358114408868564,0.002230535313589031,0.24437434342911263,1006.1251873402099,4.1442608289149145,0,2.6184282814288387,0.2230535313589031,24.437434342911263
0.025548268813246268,0.03181055166984127,0.0021381590955229205,0.24288239391582608,1012.658467777484,4.174677619726795,0,2.554826881324627,0.21381590955229204,24.288239391582607
0.02492730808844027,0.03126988542255542,0.0020495860922338308,0.24139795291718383,1019.191748214758,4.205094410538675,0,2.492730808844027,0.20495860922338308,24.139795291718382
0.02432106336408041,0.030736118784207393,0.001964661251418785,0.23992098738353054,1025.7250286520323,4.2355112013505565,0,2.432106336408041,0.1964661251418785,23.992098738353054
0.02372920400583347,0.03020925049820345,0.0018832357342903124,0.2384514648852276,1032.2583090893063,4.265927992162436,0,2.372920400583347,0.18832357342903125,23.845146488522758
0.023151405935023767,0.029689275127756022,0.0018051666744261434,0.23698935358345752,1038.7915895265803,4.296344782974317,0,2.3151405935023766,0.18051666744261433,23.69893535834575
0.022587351541540852,0.029176183244520506,0.0017303169453873773,0.23553462220226737,1045.3248699638543,4.326761573786197,0,2.258735154154085,0.17303169453873773,23.553462220226738
0.022036729595621505,0.028669961612268778,0.0016585549368325475,0.234087240001794,1051.8581504011286,4.357178364598078,0,2.2036729595621507,0.16585549368325475,23.4087240001794
0.0214992351586657,0.028170593365606914,0.0015897543388596702,0.23264717675262528,1058.3914308384026,4.387595155409959,0,2.14992351586657,0.15897543388596702,23.264717675262528
0.02097456949323674,0.02767805818375289,0.001523793934313188,0.23121440271124363,1064.9247112756766,4.418011946221839,0,2.097456949323674,0.15237939343131882,23.121440271124364
0.020462439972388814,0.02719233245940033,0.0014605573987979416,0.22978888859651012,1071.4579917129508,4.44842873703372,0,2.0462439972388813,0.14605573987979417,22.97888885965101
0.01996255998845679,0.02671338946270161,0.0013999331081476429,0.22837060556714475,1077.9912721502249,4.4788455278456,0,1.996255998845679,0.1399933108147643,22.837060556714476
0.019474648861435385,0.026241199500410605,0.0013418139531007863,0.22695952520015908,1084.5245525874989,4.5092623186574805,0,1.9474648861435386,0.13418139531007864,22.695952520015908
0.01899843174706844,0.025775730070233226,0.0012860971609427077,0.22555561947020306,1091.0578330247731,4.539679109469361,0,1.899843174706844,0.12860971609427077,22.555561947020305
0.01853363954476115,0.02531694601043866,0.0012326841238781546,0.22415886072978858,1097.5911134620471,4.570095900281242,0,1.8533639544761151,0.12326841238781547,22.415886072978857
0.01808000880542217,0.024864809644790653,0.0011814802339046458,0.22276922169035174,1104.1243938993211,4.6005126910931216,0,1.8080008805422172,0.11814802339046458,22.276922169035174
0.01763728163933563,0.02441928092286231,0.001132394723962735,0.22138667540411947,1110.6576743365954,4.630929481905003,0,1.7637281639335631,0.1132394723962735,22.138667540411948
0.017205205624157446,0.023980317555803207,0.0010853405151452292,0.22001119524675072,1117.1909547738694,4.661346272716883,0,1.7205205624157445,0.10853405151452292,22.001119524675072
0.016783533713123546,0.02354787514762992,0.0010402340697532736,0.21864275490071414,1123.7242352111434,4.6917630635287635,0,1.6783533713123546,0.10402340697532736,21.864275490071414
0.01637202414355345,0.023121907322116685,9.96995249993218e-4,0.21728132833937958,1130.2575156484177,4.722179854340644,0,1.637202414355345,0.0996995249993218,21.72813283393796
0.015970440345725423,0.022702365845363424,9.555471821138925e-4,0.2159268898117883,1136.7907960856917,4.752596645152525,0,1.5970440345725423,0.09555471821138925,21.592688981178828
0.015578550852196012,0.02228920074412318,9.158161257898889e-4,0.21457941382807844,1143.3240765229657,4.783013435964405,0,1.5578550852196011,0.09158161257898889,21.457941382807842
0.015196129207630405,0.021882360419971433,8.777313485620963e-4,0.2132388751455364,1149.85735696024,4.813430226776287,0,1.5196129207630404,0.08777313485620962,21.32388751455364
0.014822953879206593,0.021481791759403047,8.412250051525227e-4,0.21190524875525343,1156.390637397514,4.843847017588166,0,1.4822953879206593,0.08412250051525227,21.190524875525345
0.014458808167650323,0.02108744023994251,8.062320214759275e-4,0.21057850986935514,1162.923917834788,4.874263808400047,0,1.4458808167650323,0.08062320214759275,21.057850986935513
0.014103480118955637,0.02069925003235668,7.726899831765068e-4,0.20925863390879249,1169.4571982720622,4.904680599211928,0,1.4103480118955636,0.07726899831765068,20.925863390879247
0.01375676243683907,0.020317164099057105,7.405390285230689e-4,0.20794559649165986,1175.9904787093362,4.935097390023807,0,1.3756762436839072,0.0740539028523069,20.794559649165986
0.01341845239597414,0.019941124288782617,7.097217455016881e-4,0.20663937342202854,1182.5237591466102,4.965514180835688,0,1.341845239597414,0.07097217455016881,20.663937342202853
0.013088351756047579,0.019571071427651514,6.801830729499259e-4,0.20533994067927072,1189.0570395838845,4.99593097164757,0,1.3088351756047578,0.0680183072949926,20.533994067927072
0.01276626667667561,0.01920694540667338,6.518702055818534e-4,0.20404727440785597,1195.5903200211585,5.026347762459449,0,1.276626667667561,0.06518702055818534,20.404727440785596
0.012452007633215101,0.018848685265810364,6.247325027581288e-4,0.2027613509075994,1202.1236004584325,5.05676455327133,0,1.24520076332151,0.06247325027581288,20.27613509075994
0.01214538933350207,0.01849622927467868,5.987214008603016e-4,0.20148214662435013,1208.6568808957068,5.087181344083211,0,1.214538933350207,0.059872140086030166,20.148214662435013
0.011846230635545258,0.01814951500997847,5.73790329133191e-4,0.2002096381410936,1215.1901613329808,5.117598134895091,0,1.1846230635545258,0.0573790329133191,20.02096381410936
0.011554354466201584,0.017808479429742254,5.498946288639685e-4,0.1989438021694591,1221.7234417702548,5.148014925706971,0,1.1554354466201584,0.05498946288639685,19.89438021694591
0.011269587740856115,0.017473058944489497,5.269914757709985e-4,0.19768461554161385,1228.256722207529,5.178431716518853,0,1.1269587740856115,0.052699147577099856,19.768461554161384
0.010991761284127492,0.01714318948537545,5.050398054799854e-4,0.19643205520252902,1234.790002644803,5.208848507330732,0,1.0991761284127493,0.050503980547998546,19.643205520252902
0.010720709751616469,0.016818806569420086,4.840002419691912e-4,0.19518609820260094,1241.323283082077,5.239265298142613,0,1.0720709751616468,0.04840002419691912,19.518609820260092
0.010456271552714273,0.016499845361903978,4.638350288697651e-4,0.19394672169061972,1247.8565635193513,5.269682088954495,0,1.0456271552714274,0.046383502886976506,19.394672169061973
0.010198288774483538,0.016186240736014386,4.445079635111569e-4,0.19271390290706433,1254.3898439566253,5.300098879766374,0,1.0198288774483537,0.044450796351115686,19.27139029070643
0.009946607106624039,0.015877927329825743,4.259843336056233e-4,0.19148761917771745,1260.9231243938993,5.330515670578254,0,0.9946607106624039,0.04259843336056233,19.148761917771743
0.009701075767532857,0.015574839600696444,4.0823085646961174e-4,0.19026784790758494,1267.4564048311736,5.360932461390136,0,0.9701075767532856,0.040823085646961174,19.026784790758494
0.009461547431466731,0.015276911877162649,3.9121562068350886e-4,0.18905456657510944,1273.9896852684476,5.391349252202015,0,0.9461547431466731,0.039121562068350886,18.905456657510943
0.009227878156812617,0.014984078408408196,3.7490803009482347e-4,0.187847752726664,1280.5229657057216,5.421766043013896,0,0.9227878156812617,0.03749080300948235,18.7847752726664
0.00899992731547157,0.014696273411389457,3.592787500734004e-4,0.18664738397132138,1287.0562461429959,5.452182833825778,0,0.899992731547157,0.03592787500734004,18.664738397132137
0.008777557523358287,0.014413431115690496,3.4429965593054757e-4,0.18545343797587957,1293.5895265802699,5.482599624637657,0,0.8777557523358287,0.03442996559305476,18.545343797587957
0.008560634572018362,0.01413548580618428,3.299437834172797e-4,0.18426589246014202,1300.122807017544,5.513016415449538,0,0.8560634572018363,0.03299437834172797,18.426589246014203
