Site_ID,PreMaria_1,PreMaria_2,PreMaria_3,InterHurricanes_1,InterHurricanes_2,InterHurricanes_3,PostFiona_1,PostFiona_2,PostFiona_3
-65.23_18.32,0,0,0,0,0,0,0,0,0
-65.25_18.31,0,0,NA,0,0,0,0,0,0
-65.25_18.32,0,0,NA,0,0,NA,0,NA,NA
-65.26_18.3,0,NA,NA,0,0,0,0,NA,NA
-65.26_18.31,0,0,0,0,0,0,0,0,0
-65.26_18.32,0,0,0,0,0,0,0,0,0
-65.27_18.14,0,NA,NA,0,NA,NA,0,NA,NA
-65.28_18.31,0,0,0,0,0,0,0,0,0
-65.28_18.32,0,0,NA,0,0,0,0,0,0
-65.29_18.28,0,0,0,0,0,0,0,0,0
-65.29_18.31,0,0,NA,0,0,0,0,0,0
-65.29_18.32,0,0,0,0,0,0,0,0,0
-65.31_18.12,0,0,0,0,0,0,0,0,0
-65.31_18.14,0,0,NA,0,0,0,0,0,0
-65.31_18.31,0,0,0,0,0,0,0,0,0
-65.31_18.32,0,0,0,0,0,0,0,0,0
-65.31_18.33,0,0,NA,0,0,0,0,0,0
-65.32_18.32,0,0,0,0,0,0,0,0,0
-65.32_18.33,0,0,0,0,0,0,0,0,0
-65.33_18.13,0,NA,NA,0,0,NA,0,0,0
-65.33_18.15,0,0,0,0,0,0,0,0,0
-65.34_18.12,0,NA,NA,0,0,0,0,0,0
-65.38_18.11,0,0,0,0,0,0,0,0,0
-65.38_18.12,0,NA,NA,0,0,0,0,0,0
-65.39_18.11,0,0,0,0,0,0,0,0,0
-65.3_18.14,0,0,0,0,0,0,0,0,0
-65.3_18.3,0,0,0,0,0,0,0,0,0
-65.3_18.31,0,0,0,0,0,0,0,0,0
-65.3_18.33,0,NA,NA,0,0,0,0,0,NA
-65.41_18.11,0,0,0,0,0,0,0,0,0
-65.42_18.1,0,0,0,0,0,0,0,0,0
-65.42_18.11,0,0,0,0,0,0,0,0,0
-65.42_18.12,0,NA,NA,0,0,0,0,0,NA
-65.42_18.16,0,NA,NA,0,0,0,0,0,0
-65.43_18.1,0,0,0,0,0,0,0,0,0
-65.43_18.15,0,0,0,0,0,NA,0,0,0
-65.43_18.16,0,NA,NA,0,0,0,0,0,NA
-65.44_18.09,0,0,0,0,NA,NA,0,0,0
-65.44_18.1,0,NA,NA,0,0,0,0,0,0
-65.44_18.11,0,0,NA,0,0,0,0,0,0
-65.44_18.12,0,0,0,0,0,0,0,0,0
-65.44_18.13,0,NA,NA,0,NA,NA,0,0,0
-65.44_18.15,0,0,0,0,0,0,0,0,0
-65.44_18.16,0,0,NA,0,0,0,0,0,0
-65.45_18.09,0,0,0,0,0,0,0,0,0
-65.45_18.1,0,0,0,0,0,0,0,0,0
-65.45_18.11,0,0,0,0,0,0,0,0,0
-65.45_18.14,0,NA,NA,0,0,0,0,0,0
-65.46_18.09,0,NA,NA,0,0,0,0,0,0
-65.46_18.1,0,0,0,0,0,0,0,0,0
-65.46_18.14,0,NA,NA,0,0,0,0,0,0
-65.47_18.09,0,0,0,0,0,0,0,0,0
-65.47_18.1,0,0,0,0,0,0,0,0,0
-65.47_18.14,0,0,0,0,0,0,0,0,0
-65.48_18.1,0,0,0,0,0,0,0,0,0
-65.48_18.11,0,NA,NA,0,0,0,0,NA,NA
-65.49_18.1,0,0,0,0,0,0,0,0,0
-65.49_18.11,0,0,0,0,0,0,0,0,0
-65.49_18.12,0,0,NA,0,0,0,0,0,0
-65.49_18.13,0,NA,NA,0,0,0,0,0,0
-65.51_18.09,0,0,0,0,0,0,0,0,0
-65.51_18.13,0,0,0,0,0,0,0,0,0
-65.51_18.14,0,0,0,0,0,0,0,0,0
-65.51_18.15,0,0,NA,0,0,0,0,0,0
-65.52_18.09,0,0,0,0,0,0,0,0,0
-65.52_18.13,0,0,0,0,0,0,0,0,0
-65.54_18.11,0,0,NA,0,0,0,0,0,0
-65.55_18.1,0,0,0,0,0,0,0,0,0
-65.55_18.11,0,NA,NA,0,0,0,0,0,0
-65.55_18.12,0,NA,NA,0,0,0,0,0,0
-65.56_18.12,0,0,0,0,0,0,0,0,0
-65.57_18.11,0,NA,NA,0,0,0,0,0,0
-65.57_18.34,0,0,NA,0,NA,NA,0,0,0
-65.57_18.35,0,0,0,0,0,0,0,0,0
-65.57_18.38,0,NA,NA,0,NA,NA,0,0,0
-65.58_18.1,0,NA,NA,0,NA,NA,0,NA,NA
-65.61_18.22,0,NA,NA,0,NA,NA,0,NA,NA
-65.61_18.25,0,NA,NA,0,0,0,0,0,0
-65.61_18.26,0,NA,NA,0,NA,NA,0,NA,NA
-65.62_18.34,0,NA,NA,0,0,0,0,NA,NA
-65.62_18.36,0,0,0,0,0,0,0,0,0
-65.62_18.37,0,0,NA,0,0,0,0,0,0
-65.62_18.38,0,0,0,0,0,0,0,0,0
-65.63_18.25,0,0,0,0,0,0,0,0,0
-65.63_18.26,0,0,0,0,0,0,0,0,0
-65.63_18.27,0,0,0,0,0,0,0,0,0
-65.63_18.33,0,1,0,0,0,0,0,0,0
-65.63_18.34,0,0,0,0,0,NA,0,0,0
-65.63_18.35,0,0,NA,0,0,0,0,0,0
-65.63_18.36,0,0,0,0,0,0,0,0,0
-65.63_18.37,0,0,0,0,0,0,0,0,0
-65.63_18.38,0,0,0,0,0,0,0,0,0
-65.64_18.27,0,NA,NA,0,0,0,0,0,0
-65.64_18.28,0,NA,NA,0,0,0,0,0,NA
-65.64_18.29,0,NA,NA,0,0,0,0,0,0
-65.64_18.33,0,0,0,0,0,0,0,0,0
-65.64_18.34,0,0,0,0,0,0,0,0,0
-65.64_18.35,0,0,NA,0,0,0,0,0,0
-65.64_18.36,0,0,NA,0,0,0,0,0,0
-65.64_18.37,0,0,0,0,0,0,0,0,0
-65.64_18.38,0,0,NA,0,0,0,0,0,0
-65.65_18.26,0,0,0,0,0,0,0,0,0
-65.65_18.27,0,NA,NA,0,NA,NA,0,NA,NA
-65.65_18.28,0,NA,NA,0,0,0,0,0,0
-65.65_18.32,0,0,NA,0,NA,NA,0,NA,NA
-65.65_18.33,0,0,NA,0,NA,NA,0,NA,NA
-65.66_18.29,0,NA,NA,0,NA,NA,0,NA,NA
-65.66_18.33,0,NA,NA,0,0,0,0,NA,NA
-65.66_18.34,0,NA,NA,1,NA,NA,0,0,0
-65.67_18.2,0,0,0,0,NA,NA,0,0,NA
-65.67_18.35,0,0,0,0,0,0,0,NA,NA
-65.68_18.27,0,0,0,0,0,0,0,0,0
-65.69_18.36,0,0,NA,0,0,NA,0,NA,NA
-65.6_18.23,0,0,NA,0,0,0,0,0,0
-65.6_18.24,0,0,0,0,0,0,0,0,0
-65.71_18.19,0,0,NA,0,0,0,0,0,0
-65.71_18.37,0,0,0,0,0,0,0,0,0
-65.71_18.38,0,0,0,0,0,0,0,0,0
-65.72_18.19,0,0,0,0,0,0,0,0,0
-65.72_18.33,0,NA,NA,0,0,0,0,0,0
-65.72_18.37,0,0,0,0,0,0,0,NA,NA
-65.72_18.38,1,0,0,0,0,0,0,0,0
-65.72_18.39,0,0,0,0,0,0,0,0,NA
-65.73_18.19,0,0,0,0,0,0,0,0,NA
-65.73_18.32,0,0,0,0,0,0,0,0,0
-65.73_18.33,0,0,0,0,0,0,1,0,0
-65.73_18.34,0,NA,NA,0,0,0,0,0,0
-65.73_18.35,0,0,0,0,0,0,0,0,0
-65.73_18.38,0,0,0,0,0,0,0,0,0
-65.73_18.39,0,0,0,0,0,0,0,0,0
-65.74_18.16,0,0,0,0,0,0,0,0,0
-65.74_18.17,0,0,0,0,0,0,0,0,0
-65.74_18.18,0,1,0,0,0,0,0,0,NA
-65.74_18.21,0,0,NA,0,0,0,0,0,0
-65.74_18.35,0,1,NA,0,NA,NA,0,0,0
-65.74_18.38,0,0,0,0,0,0,0,0,0
-65.75_18.16,0,0,0,0,0,NA,0,0,0
-65.75_18.32,0,0,0,0,0,0,0,0,0
-65.75_18.33,0,NA,NA,0,0,1,0,1,0
-65.75_18.38,0,0,0,0,0,0,0,0,0
-65.75_18.39,0,0,0,0,0,0,0,0,0
-65.76_18.16,0,0,0,0,0,0,0,0,0
-65.76_18.33,0,0,0,0,0,0,1,0,0
-65.76_18.34,0,0,0,0,0,0,0,0,0
-65.76_18.35,0,NA,NA,0,NA,NA,0,0,0
-65.76_18.36,0,NA,NA,0,0,0,0,0,0
-65.76_18.38,0,0,0,0,0,0,0,0,0
-65.76_18.39,0,0,0,0,0,0,0,0,0
-65.76_18.4,0,0,0,0,0,NA,0,0,0
-65.77_18.15,0,0,0,0,0,0,0,0,0
-65.77_18.31,1,1,0,0,0,0,0,0,0
-65.77_18.32,1,0,0,0,0,0,0,0,1
-65.77_18.33,1,0,1,0,0,1,0,0,0
-65.77_18.34,0,NA,NA,0,0,NA,0,0,1
-65.77_18.35,0,NA,NA,0,1,0,0,0,0
-65.77_18.36,0,0,0,0,0,0,0,0,0
-65.77_18.37,0,0,0,0,0,0,0,0,0
-65.77_18.38,0,NA,NA,0,0,0,0,0,NA
-65.77_18.39,0,NA,NA,0,0,0,0,0,0
-65.78_18.15,0,NA,NA,0,0,NA,0,0,NA
-65.78_18.16,0,0,0,0,0,0,0,0,0
-65.78_18.17,0,NA,NA,0,NA,NA,0,0,0
-65.78_18.24,0,NA,NA,0,0,NA,0,0,NA
-65.78_18.3,0,0,0,1,1,0,1,1,0
-65.78_18.31,0,0,0,0,0,0,0,0,0
-65.78_18.35,0,NA,NA,0,NA,NA,0,0,0
-65.78_18.39,0,NA,NA,0,0,0,0,0,0
-65.78_18.41,0,0,0,0,0,0,0,0,0
-65.79_18.09,0,NA,NA,0,0,0,0,0,0
-65.79_18.25,0,0,0,0,NA,NA,0,0,0
-65.79_18.26,0,0,0,1,0,NA,1,1,0
-65.79_18.27,0,0,1,0,1,0,1,0,1
-65.79_18.29,1,0,1,0,0,0,1,1,1
-65.79_18.3,1,0,0,0,0,0,0,1,0
-65.79_18.31,0,0,1,0,0,0,0,0,1
-65.79_18.42,0,0,0,0,0,0,0,0,0
-65.7_18.35,0,NA,NA,0,NA,NA,0,0,0
-65.7_18.36,0,0,0,0,0,0,0,0,0
-65.7_18.37,0,0,NA,0,0,0,0,0,NA
-65.81_18.1,0,NA,NA,0,0,NA,0,0,0
-65.81_18.34,1,0,1,0,0,0,0,0,0
-65.81_18.35,0,0,0,0,0,0,0,0,0
-65.81_18.39,0,0,0,0,0,0,0,NA,NA
-65.82_18.15,0,0,0,0,NA,NA,0,NA,NA
-65.82_18.32,1,1,0,0,0,0,0,0,0
-65.82_18.34,0,0,NA,0,0,NA,0,NA,NA
-65.82_18.37,0,NA,NA,0,0,NA,0,NA,NA
-65.82_18.38,0,NA,NA,0,0,0,0,1,0
-65.82_18.39,0,0,NA,0,0,NA,0,0,NA
-65.82_18.41,0,NA,NA,0,0,0,0,0,0
-65.83_18.04,0,0,0,0,NA,NA,0,0,0
-65.83_18.05,0,0,0,0,0,0,0,0,0
-65.83_18.34,0,NA,NA,0,0,0,0,0,0
-65.83_18.36,0,0,0,0,1,0,1,1,0
-65.83_18.42,0,0,NA,0,0,0,0,0,0
-65.84_18.02,0,0,0,0,0,0,0,0,0
-65.84_18.04,0,0,0,0,0,0,0,0,0
-65.84_18.05,0,0,1,0,0,0,0,0,0
-65.84_18.15,0,NA,NA,0,0,0,0,0,0
-65.84_18.3,0,0,NA,0,0,0,0,NA,NA
-65.84_18.35,0,0,NA,0,NA,NA,1,0,0
-65.84_18.43,0,NA,NA,0,0,0,0,0,0
-65.85_18.33,0,0,0,0,NA,NA,0,0,0
-65.86_18.43,0,0,NA,0,0,0,1,0,NA
-65.87_18.32,1,0,0,0,0,0,0,0,0
-65.88_17.99,0,NA,NA,0,0,0,0,0,0
-65.88_18,0,0,0,0,0,0,0,0,0
-65.88_18.04,0,0,0,0,0,0,0,0,0
-65.88_18.38,0,0,0,0,NA,NA,0,0,0
-65.88_18.43,0,NA,NA,0,0,0,0,0,0
-65.88_18.44,0,0,0,0,0,0,0,0,0
-65.89_18,0,0,NA,0,0,0,0,NA,NA
-65.89_18.34,0,NA,NA,0,0,NA,0,NA,NA
-65.89_18.38,0,0,0,0,0,0,0,0,NA
-65.89_18.41,0,0,NA,0,0,0,0,0,0
-65.8_18.08,0,0,0,0,0,0,0,0,0
-65.8_18.09,0,0,1,0,0,0,1,0,0
-65.8_18.1,0,0,NA,0,0,0,0,NA,NA
-65.8_18.25,0,0,NA,0,NA,NA,0,0,0
-65.8_18.26,0,0,0,1,0,0,0,0,0
-65.8_18.27,1,0,0,1,0,1,0,0,0
-65.8_18.38,0,NA,NA,0,0,NA,1,NA,NA
-65.8_18.4,0,NA,NA,0,0,0,0,0,0
-65.8_18.41,0,0,0,0,0,0,0,0,0
-65.8_18.42,0,0,NA,0,NA,NA,0,0,0
-65.91_18.4,0,0,0,0,NA,NA,0,0,NA
-65.91_18.41,0,NA,NA,0,0,NA,0,0,0
-65.91_18.45,0,0,0,0,0,0,0,0,0
-65.92_18.21,0,0,NA,0,0,NA,0,0,0
-65.94_18.37,0,NA,NA,0,0,0,0,NA,NA
-65.95_17.97,0,NA,NA,0,0,0,0,0,0
-65.95_18.15,0,0,0,0,0,NA,0,0,0
-65.95_18.42,0,NA,NA,0,0,0,0,0,0
-65.96_18.21,0,0,0,0,0,0,0,0,0
-65.96_18.4,0,0,0,0,0,0,0,0,0
-65.96_18.41,0,0,NA,0,0,0,0,0,0
-65.96_18.42,0,NA,NA,0,0,0,0,0,0
-65.96_18.44,0,0,0,0,0,0,0,0,0
-65.96_18.45,0,0,0,0,0,0,0,0,0
-65.97_18.39,0,0,NA,0,NA,NA,0,0,NA
-65.97_18.4,0,NA,NA,0,0,0,0,0,0
-65.97_18.41,0,0,NA,0,0,0,0,0,0
-65.97_18.45,0,0,0,0,0,0,0,0,0
-65.98_17.97,0,0,NA,0,0,0,0,0,0
-65.98_18.35,0,NA,NA,0,0,0,0,0,0
-65.98_18.4,0,NA,NA,0,0,0,0,0,0
-65.98_18.41,0,0,NA,0,NA,NA,0,0,NA
-65.98_18.45,0,0,0,0,0,0,0,0,0
-65.98_18.46,0,0,NA,0,0,0,0,0,0
-65.99_17.98,0,0,NA,0,0,0,0,0,0
-65.99_18.43,0,0,NA,0,0,0,0,0,0
-65.99_18.45,0,0,NA,0,0,0,0,0,0
-65.99_18.46,0,0,0,0,0,0,0,0,0
-65.9_18.45,0,0,0,0,0,0,0,0,0
-66.01_18.02,0,NA,NA,0,NA,NA,0,NA,NA
-66.01_18.24,0,0,0,0,0,0,0,0,0
-66.01_18.39,0,0,NA,0,0,0,0,NA,NA
-66.01_18.43,0,NA,NA,0,0,0,0,0,0
-66.01_18.44,0,0,0,0,0,0,0,0,0
-66.02_17.98,0,0,0,0,0,NA,0,NA,NA
-66.02_18.02,0,NA,NA,0,NA,NA,0,1,1
-66.02_18.24,0,NA,NA,0,0,0,0,NA,NA
-66.02_18.33,0,0,0,0,0,0,0,0,0
-66.02_18.38,0,NA,NA,1,0,0,0,0,0
-66.02_18.43,0,NA,NA,0,0,0,0,NA,NA
-66.02_18.44,0,0,0,0,0,0,0,0,0
-66.02_18.45,0,0,0,0,0,0,0,0,0
-66.03_18.09,0,0,0,1,0,0,0,0,0
-66.03_18.24,0,0,0,0,0,0,0,0,0
-66.03_18.39,0,0,0,0,0,0,0,0,0
-66.03_18.4,0,0,0,0,0,0,0,0,0
-66.03_18.43,0,0,NA,0,0,0,0,0,0
-66.03_18.44,0,0,0,0,0,0,0,0,0
-66.03_18.45,0,0,0,0,0,0,0,0,0
-66.04_17.96,0,NA,NA,0,0,0,0,0,0
-66.04_18.09,0,0,NA,0,1,0,1,0,NA
-66.04_18.16,0,NA,NA,0,0,0,0,0,0
-66.04_18.18,0,NA,NA,0,0,0,0,1,0
-66.04_18.25,0,0,0,0,0,NA,0,NA,NA
-66.04_18.37,0,NA,NA,0,0,0,0,NA,NA
-66.04_18.38,0,0,0,0,0,0,0,0,0
-66.04_18.39,0,0,0,0,0,0,0,0,0
-66.04_18.4,0,0,0,0,0,0,0,0,0
-66.04_18.42,0,NA,NA,0,0,0,0,NA,NA
-66.04_18.43,0,0,0,0,0,NA,0,0,0
-66.04_18.45,0,0,0,0,0,0,0,0,0
-66.05_17.96,0,NA,NA,0,0,0,0,0,0
-66.05_18.1,1,0,0,0,0,0,0,1,1
-66.05_18.12,1,NA,NA,1,0,0,0,NA,NA
-66.05_18.2,0,0,0,0,0,0,0,0,0
-66.05_18.22,0,NA,NA,0,NA,NA,0,0,0
-66.05_18.24,0,0,0,0,0,0,0,0,0
-66.05_18.25,0,NA,NA,0,0,0,1,0,NA
-66.05_18.29,0,0,0,1,0,1,0,0,0
-66.05_18.34,0,0,0,0,0,0,0,0,0
-66.05_18.37,0,0,0,0,0,0,0,0,0
-66.05_18.38,0,NA,NA,0,0,0,0,0,0
-66.05_18.39,0,0,0,0,1,0,0,0,0
-66.05_18.4,0,0,0,0,0,0,0,0,0
-66.05_18.41,0,0,0,0,0,0,0,0,0
-66.05_18.43,0,0,NA,0,0,0,0,0,0
-66.05_18.45,0,0,0,0,0,0,0,0,0
-66.06_18.23,0,0,0,0,0,NA,0,0,NA
-66.06_18.24,0,0,0,0,1,1,0,0,0
-66.06_18.31,0,NA,NA,0,0,1,0,0,NA
-66.06_18.33,0,NA,NA,0,0,NA,0,0,0
-66.06_18.36,0,0,0,0,1,0,0,0,0
-66.06_18.37,0,0,0,0,0,0,0,0,0
-66.06_18.38,0,0,0,0,0,0,0,0,0
-66.06_18.39,0,0,0,0,0,0,0,0,0
-66.06_18.4,0,0,0,0,0,0,0,0,0
-66.06_18.41,0,0,0,0,0,0,0,0,0
-66.06_18.42,0,0,0,0,0,0,0,0,0
-66.06_18.43,0,NA,NA,0,0,0,0,0,0
-66.06_18.44,0,0,0,0,0,0,0,1,0
-66.06_18.45,0,0,0,0,0,0,0,0,0
-66.07_18.12,0,NA,NA,1,0,0,0,1,NA
-66.07_18.13,0,NA,NA,0,0,0,0,0,NA
-66.07_18.19,0,NA,NA,0,0,0,0,0,0
-66.07_18.24,0,NA,NA,0,0,NA,0,NA,NA
-66.07_18.33,0,0,0,1,NA,NA,0,NA,NA
-66.07_18.34,0,NA,NA,0,0,0,0,0,0
-66.07_18.36,0,0,0,0,0,0,0,0,0
-66.07_18.37,0,0,0,0,0,0,0,0,0
-66.07_18.38,0,0,0,0,0,0,0,0,0
-66.07_18.39,0,0,0,0,0,0,0,0,0
-66.07_18.4,0,NA,NA,0,0,0,0,0,0
-66.07_18.41,0,0,0,0,0,0,0,0,0
-66.07_18.42,0,0,NA,0,0,0,0,0,0
-66.07_18.43,0,NA,NA,0,0,0,0,0,0
-66.07_18.44,0,0,0,0,0,0,0,0,0
-66.07_18.45,0,0,0,0,0,0,0,0,0
-66.07_18.46,0,0,0,0,0,0,0,0,0
-66.08_18.12,1,1,1,0,0,0,0,0,0
-66.08_18.33,0,0,0,0,0,0,0,0,0
-66.08_18.34,0,0,0,0,0,0,0,0,NA
-66.08_18.35,0,NA,NA,0,0,0,0,0,NA
-66.08_18.37,0,0,0,0,0,0,0,0,NA
-66.08_18.38,0,0,0,0,0,0,0,0,0
-66.08_18.4,0,NA,NA,0,0,0,0,0,0
-66.08_18.42,0,0,0,0,0,0,0,0,0
-66.08_18.43,0,0,NA,0,0,0,0,NA,NA
-66.08_18.44,0,0,0,0,0,1,0,0,0
-66.08_18.45,0,0,0,0,0,0,0,0,0
-66.08_18.46,0,0,0,0,0,0,0,0,0
-66.09_18.32,0,0,0,0,NA,NA,0,NA,NA
-66.09_18.37,0,NA,NA,0,0,0,0,0,0
-66.09_18.38,0,0,0,0,0,0,0,0,NA
-66.09_18.41,0,0,0,0,0,0,0,0,0
-66.09_18.42,0,0,0,0,0,0,0,NA,NA
-66.09_18.45,0,0,0,0,0,0,0,0,0
-66.09_18.46,0,0,0,0,0,0,0,0,0
-66.09_18.47,0,0,0,0,0,0,0,0,0
-66.11_18.19,0,0,0,1,0,0,0,0,NA
-66.11_18.36,0,NA,NA,0,0,0,0,0,0
-66.11_18.4,0,NA,NA,0,NA,NA,0,0,NA
-66.11_18.41,0,0,0,0,0,0,0,0,NA
-66.11_18.44,0,0,0,0,0,0,0,0,0
-66.11_18.46,0,0,0,0,0,0,0,0,0
-66.11_18.47,0,0,0,0,0,0,0,0,0
-66.12_18.19,0,0,NA,0,0,NA,0,0,0
-66.12_18.29,0,0,NA,0,0,NA,0,NA,NA
-66.12_18.3,0,0,0,0,0,0,0,0,0
-66.12_18.35,0,0,NA,0,0,0,0,0,0
-66.12_18.37,0,0,0,0,0,0,0,0,0
-66.12_18.38,0,0,0,0,0,NA,0,NA,NA
-66.12_18.39,0,0,1,0,0,0,0,0,0
-66.12_18.4,0,NA,NA,0,0,0,0,0,0
-66.12_18.41,0,NA,NA,0,0,0,0,0,0
-66.12_18.42,0,0,NA,0,0,0,0,0,NA
-66.12_18.44,0,0,0,0,0,0,0,0,0
-66.12_18.46,0,0,0,0,0,0,0,0,0
-66.12_18.47,0,0,0,0,0,0,0,0,0
-66.13_18.36,0,0,NA,0,0,0,0,0,0
-66.13_18.37,0,0,0,0,0,0,0,0,0
-66.13_18.38,0,0,0,1,0,0,0,0,NA
-66.13_18.4,0,0,0,0,0,0,0,0,0
-66.13_18.44,0,0,0,0,0,0,0,0,0
-66.13_18.45,0,0,0,0,0,0,0,0,0
-66.13_18.46,0,0,NA,0,0,0,0,0,0
-66.13_18.47,0,0,0,0,NA,NA,0,NA,NA
-66.14_18.19,0,0,NA,0,0,0,0,0,0
-66.14_18.36,0,0,NA,0,0,0,0,NA,NA
-66.14_18.37,1,1,0,0,0,1,0,0,0
-66.14_18.39,0,0,0,0,0,0,0,0,0
-66.14_18.41,0,0,0,0,0,0,0,0,0
-66.14_18.43,0,NA,NA,0,0,0,0,0,0
-66.14_18.45,0,0,0,0,0,0,0,0,0
-66.14_18.46,0,0,0,0,0,0,0,0,0
-66.14_18.47,0,0,0,0,0,0,0,0,0
-66.15_18.08,0,0,0,0,0,0,0,0,NA
-66.15_18.11,0,NA,NA,0,NA,NA,0,NA,NA
-66.15_18.18,1,0,0,0,0,0,0,0,0
-66.15_18.37,0,0,0,0,0,NA,0,NA,NA
-66.15_18.39,0,0,NA,0,0,0,0,0,0
-66.15_18.41,0,0,0,0,0,0,0,0,0
-66.16_17.93,0,NA,NA,0,NA,NA,0,0,0
-66.16_17.94,0,NA,NA,0,0,NA,0,0,0
-66.16_17.95,0,0,0,0,0,0,0,0,NA
-66.16_18.12,0,0,NA,0,0,0,0,0,NA
-66.16_18.4,0,NA,NA,0,0,NA,0,NA,NA
-66.16_18.42,0,0,NA,0,0,0,0,0,0
-66.16_18.43,0,0,0,0,0,0,0,NA,NA
-66.16_18.44,0,NA,NA,0,0,0,0,0,0
-66.16_18.45,0,0,0,0,0,0,0,0,NA
-66.17_17.94,0,0,0,0,0,0,0,0,0
-66.17_18.08,0,NA,NA,0,0,0,0,1,0
-66.17_18.37,0,0,NA,0,0,0,1,0,NA
-66.17_18.4,0,NA,NA,0,0,0,0,0,0
-66.17_18.43,0,0,0,0,0,0,0,0,0
-66.17_18.45,0,NA,NA,0,0,0,0,0,0
-66.18_17.94,1,0,0,0,0,0,0,0,0
-66.18_18.08,1,1,1,0,0,0,1,0,0
-66.18_18.19,0,0,NA,0,NA,NA,0,NA,NA
-66.18_18.35,0,0,NA,0,0,0,0,0,0
-66.18_18.4,1,NA,NA,0,0,0,0,0,0
-66.18_18.46,0,0,0,0,0,0,0,0,0
-66.19_18.41,0,NA,NA,0,NA,NA,0,0,0
-66.19_18.43,0,NA,NA,0,NA,NA,0,NA,NA
-66.19_18.47,0,0,NA,0,0,0,1,0,0
-66.1_18.06,0,NA,NA,0,NA,NA,0,0,0
-66.1_18.07,0,0,0,0,0,NA,0,NA,NA
-66.1_18.14,0,0,0,0,0,0,0,0,0
-66.1_18.15,0,NA,NA,0,0,0,0,0,0
-66.1_18.26,0,NA,NA,0,0,NA,0,NA,NA
-66.1_18.28,0,NA,NA,0,NA,NA,0,0,0
-66.1_18.37,0,0,0,0,0,0,0,0,0
-66.1_18.38,0,0,0,0,0,0,0,0,0
-66.1_18.39,0,0,0,0,0,0,0,0,0
-66.1_18.41,0,NA,NA,0,0,0,0,0,0
-66.1_18.45,0,0,0,0,0,0,0,NA,NA
-66.1_18.46,0,0,NA,0,0,0,0,0,0
-66.1_18.47,0,0,NA,0,NA,NA,0,0,0
-66.21_18.42,0,NA,NA,0,0,NA,0,0,0
-66.21_18.47,0,NA,NA,0,0,0,0,0,NA
-66.22_17.96,0,0,0,0,0,0,0,0,0
-66.22_18.45,0,0,0,0,0,0,0,NA,NA
-66.23_18.22,0,NA,NA,0,0,0,0,NA,NA
-66.23_18.34,0,0,0,0,1,0,1,0,1
-66.23_18.45,0,NA,NA,0,0,0,0,0,0
-66.23_18.47,0,0,NA,0,0,0,0,0,0
-66.24_18.3,0,NA,NA,0,0,NA,0,0,NA
-66.24_18.34,1,0,0,0,0,0,1,0,0
-66.24_18.42,0,NA,NA,0,NA,NA,0,NA,NA
-66.24_18.45,0,0,0,0,0,0,0,0,0
-66.24_18.47,0,0,NA,0,0,0,0,0,0
-66.25_17.95,0,0,0,0,0,0,0,0,0
-66.25_18.39,1,NA,NA,0,0,0,0,NA,NA
-66.25_18.45,0,0,0,0,0,0,0,0,0
-66.25_18.46,0,0,0,0,0,0,0,0,0
-66.25_18.47,0,NA,NA,0,0,0,0,0,0
-66.26_17.94,0,NA,NA,0,0,0,0,0,0
-66.26_17.95,0,0,0,0,0,0,0,0,0
-66.26_18.14,0,0,0,0,0,0,1,0,0
-66.26_18.43,0,0,0,0,NA,NA,0,0,0
-66.26_18.48,0,0,0,0,0,0,0,0,0
-66.27_18.42,0,0,NA,0,0,0,0,0,NA
-66.27_18.43,0,0,0,0,NA,NA,0,0,0
-66.27_18.45,0,NA,NA,0,0,NA,0,0,0
-66.27_18.46,0,0,0,0,0,0,0,0,0
-66.27_18.47,0,0,0,0,0,0,0,0,0
-66.27_18.48,0,0,0,0,0,0,0,1,0
-66.28_17.96,0,0,0,0,0,0,0,0,0
-66.28_17.99,0,0,NA,0,NA,NA,0,NA,NA
-66.28_18.17,0,1,1,0,1,0,1,0,0
-66.28_18.47,1,0,0,0,0,0,0,0,0
-66.29_18.18,0,NA,NA,1,1,NA,0,0,0
-66.29_18.29,0,0,0,1,0,0,0,0,0
-66.29_18.45,0,0,0,0,0,0,0,NA,NA
-66.29_18.46,0,0,0,0,0,0,0,0,0
-66.29_18.47,0,0,NA,0,0,0,0,0,0
-66.2_17.93,0,0,0,0,0,0,0,0,0
-66.2_17.94,0,0,0,0,0,0,0,0,0
-66.2_18.22,0,0,0,0,0,0,0,0,0
-66.2_18.23,0,NA,NA,0,0,0,0,0,NA
-66.2_18.47,0,NA,NA,0,0,0,0,0,0
-66.31_17.97,0,NA,NA,0,0,NA,0,0,NA
-66.31_18.09,0,NA,NA,0,NA,NA,0,0,NA
-66.31_18.16,0,0,NA,0,NA,NA,0,0,0
-66.31_18.35,0,0,0,0,1,NA,0,0,1
-66.31_18.47,0,0,0,0,0,0,0,0,0
-66.31_18.48,0,NA,NA,0,0,0,0,0,0
-66.32_18.37,0,NA,NA,0,0,0,0,0,0
-66.32_18.47,0,0,0,0,0,0,0,0,1
-66.32_18.48,0,0,NA,0,0,0,0,0,0
-66.33_18.19,0,1,0,0,0,0,0,0,0
-66.33_18.2,0,NA,NA,0,NA,NA,0,NA,NA
-66.33_18.47,0,NA,NA,0,0,0,0,0,0
-66.33_18.48,0,0,0,0,0,0,0,0,0
-66.34_18.19,0,NA,NA,0,0,0,0,NA,NA
-66.34_18.42,0,NA,NA,0,0,0,0,0,NA
-66.34_18.48,0,0,0,0,0,0,0,0,0
-66.36_17.96,0,0,NA,1,0,NA,0,1,0
-66.36_18.05,0,0,0,0,0,0,0,0,0
-66.36_18.08,0,NA,NA,0,0,0,0,0,0
-66.37_18.04,0,0,0,0,0,0,0,0,0
-66.37_18.43,0,NA,NA,0,0,NA,1,0,NA
-66.38_17.95,0,0,NA,0,NA,NA,0,NA,NA
-66.38_18.01,0,NA,NA,0,0,0,0,0,NA
-66.38_18.44,0,0,0,0,0,0,0,0,NA
-66.38_18.49,0,0,0,0,0,0,0,0,0
-66.39_17.98,0,NA,NA,0,NA,NA,0,0,NA
-66.39_18.01,0,0,0,0,0,0,0,0,0
-66.39_18.23,0,NA,NA,1,NA,NA,0,NA,NA
-66.39_18.35,1,NA,NA,0,NA,NA,0,0,0
-66.39_18.36,0,NA,NA,0,0,0,0,0,0
-66.39_18.49,0,0,NA,0,0,0,0,0,0
-66.3_17.96,0,0,0,0,0,0,0,0,0
-66.3_18.16,1,NA,NA,0,NA,NA,0,0,NA
-66.3_18.44,0,0,NA,0,0,0,0,0,0
-66.3_18.47,0,0,0,0,0,0,0,0,0
-66.41_18.33,0,0,0,0,0,0,0,0,0
-66.41_18.45,0,0,0,0,0,0,0,0,0
-66.42_18.45,0,0,0,0,0,0,0,0,0
-66.42_18.46,0,0,0,0,0,0,0,0,0
-66.42_18.47,0,0,NA,0,0,0,0,0,NA
-66.42_18.49,0,0,NA,0,0,0,0,0,0
-66.43_18.36,0,NA,NA,0,0,0,0,NA,NA
-66.43_18.37,0,NA,NA,0,NA,NA,0,NA,NA
-66.43_18.46,0,0,0,0,0,0,0,0,0
-66.44_18.44,0,0,0,0,0,0,0,0,NA
-66.44_18.45,1,NA,NA,0,0,0,0,0,0
-66.44_18.46,0,0,0,0,0,0,0,0,0
-66.45_18.18,0,NA,NA,0,NA,NA,0,NA,NA
-66.45_18.36,0,0,NA,0,0,0,0,NA,NA
-66.45_18.47,0,0,0,0,0,0,0,0,0
-66.46_17.99,0,0,NA,0,0,NA,0,0,0
-66.46_18.34,0,NA,NA,0,NA,NA,0,NA,NA
-66.46_18.47,0,0,0,0,0,0,0,0,0
-66.47_17.99,0,0,0,0,0,0,0,0,0
-66.47_18.21,0,0,NA,0,0,1,1,0,1
-66.47_18.43,0,NA,NA,0,0,0,0,0,0
-66.47_18.45,0,0,0,0,0,0,0,0,0
-66.47_18.46,0,NA,NA,0,0,0,0,NA,NA
-66.47_18.47,0,NA,NA,0,0,NA,0,NA,NA
-66.48_18.21,0,0,0,1,0,0,1,NA,NA
-66.48_18.43,0,NA,NA,0,0,0,0,0,0
-66.48_18.44,0,0,NA,0,NA,NA,0,NA,NA
-66.48_18.46,0,0,0,0,0,0,0,0,0
-66.48_18.47,0,0,0,0,0,0,0,0,0
-66.49_18.1,0,0,0,0,0,0,0,0,0
-66.49_18.11,0,0,1,0,0,0,0,0,NA
-66.49_18.17,0,0,0,0,0,1,0,0,NA
-66.49_18.18,1,1,0,0,0,1,0,0,0
-66.49_18.19,1,0,NA,1,NA,NA,0,0,0
-66.49_18.45,0,0,0,0,0,0,0,0,0
-66.49_18.47,0,0,0,0,0,0,0,0,0
-66.4_17.95,0,NA,NA,0,0,0,0,0,0
-66.4_18.49,0,0,0,0,0,0,0,0,0
-66.51_18.05,0,NA,NA,0,0,0,0,NA,NA
-66.51_18.31,0,0,1,1,0,1,0,1,NA
-66.51_18.36,1,0,1,0,0,1,0,NA,NA
-66.51_18.43,0,0,0,0,0,0,0,0,0
-66.51_18.45,0,NA,NA,0,0,0,0,NA,NA
-66.51_18.46,0,0,0,0,0,0,0,0,0
-66.51_18.47,0,0,0,0,0,0,0,0,0
-66.51_18.48,0,0,0,0,0,0,0,0,0
-66.52_18.16,0,1,NA,1,0,1,0,1,0
-66.52_18.46,0,0,0,0,0,0,0,0,0
-66.52_18.47,0,0,0,0,0,0,0,0,0
-66.52_18.48,0,0,0,0,0,0,0,0,0
-66.53_18.13,0,NA,NA,0,NA,NA,0,NA,NA
-66.53_18.15,1,NA,NA,1,1,1,0,NA,NA
-66.53_18.37,1,NA,NA,1,0,0,0,NA,NA
-66.53_18.43,0,NA,NA,0,0,NA,0,0,NA
-66.53_18.47,0,0,0,0,0,0,0,0,0
-66.53_18.48,0,0,0,0,0,0,0,0,0
-66.54_18.15,0,0,1,1,1,1,1,1,1
-66.54_18.3,0,0,0,0,NA,NA,0,NA,NA
-66.54_18.36,1,0,1,0,0,0,1,0,0
-66.54_18.44,0,0,0,0,0,0,0,0,0
-66.54_18.45,0,0,0,0,1,0,0,0,0
-66.54_18.46,0,0,0,0,0,0,0,0,0
-66.54_18.48,0,0,0,0,0,0,0,0,1
-66.55_18.04,0,NA,NA,0,1,0,0,0,0
-66.55_18.15,1,1,1,0,1,0,1,0,0
-66.55_18.31,0,1,0,0,1,1,0,0,0
-66.55_18.36,0,NA,NA,0,0,0,0,0,0
-66.55_18.43,0,0,NA,0,0,0,0,NA,NA
-66.55_18.45,0,0,0,0,0,0,0,0,0
-66.55_18.46,0,0,0,0,0,0,0,0,0
-66.55_18.47,0,0,0,0,0,0,0,0,0
-66.55_18.48,0,0,0,0,0,0,0,0,0
-66.56_18.01,0,0,0,0,0,0,0,0,0
-66.56_18.06,0,0,0,0,0,0,0,0,0
-66.56_18.21,1,0,NA,0,0,0,0,0,0
-66.56_18.31,1,1,0,1,0,1,0,NA,NA
-66.56_18.35,0,1,0,1,0,0,0,0,0
-66.56_18.41,0,NA,NA,0,0,0,0,0,NA
-66.56_18.43,0,0,0,0,0,0,0,0,0
-66.56_18.45,0,0,0,0,0,0,0,0,0
-66.56_18.47,0,0,0,0,NA,NA,0,0,0
-66.56_18.48,0,0,0,0,0,0,0,0,NA
-66.56_18.49,0,0,0,0,0,0,0,0,0
-66.57_18.16,1,0,0,1,1,0,1,1,1
-66.57_18.17,1,0,1,0,1,1,1,1,1
-66.57_18.35,0,NA,NA,0,NA,NA,0,NA,NA
-66.57_18.36,0,0,0,0,0,NA,0,0,0
-66.57_18.45,0,0,0,0,0,0,0,0,0
-66.58_18.04,0,NA,NA,0,0,0,0,0,0
-66.58_18.07,0,0,0,0,0,0,0,0,0
-66.58_18.08,0,0,0,0,1,1,0,0,0
-66.58_18.1,0,0,0,0,0,0,0,0,0
-66.58_18.11,0,0,0,0,0,NA,0,0,0
-66.58_18.17,1,1,0,1,1,0,0,0,1
-66.58_18.36,0,1,0,1,0,1,0,0,0
-66.58_18.46,0,0,NA,0,0,0,0,0,0
-66.58_18.48,0,0,0,0,0,0,0,0,0
-66.59_18.17,0,0,1,0,0,1,0,1,0
-66.59_18.22,0,0,0,0,0,NA,0,NA,NA
-66.59_18.36,0,0,0,0,0,0,0,0,0
-66.59_18.37,0,0,0,0,0,NA,0,NA,NA
-66.59_18.46,0,0,NA,0,NA,NA,0,NA,NA
-66.59_18.48,0,0,0,0,0,0,0,0,NA
-66.5_18.17,0,NA,NA,1,1,1,1,NA,NA
-66.5_18.46,1,NA,NA,0,0,0,0,0,0
-66.5_18.48,0,NA,NA,0,NA,NA,0,0,0
-66.61_17.96,0,0,0,0,0,0,0,0,0
-66.61_17.97,0,0,0,0,0,0,0,1,0
-66.61_17.99,0,0,0,0,0,0,0,0,0
-66.61_18.01,0,0,0,0,0,0,0,0,0
-66.61_18.02,0,NA,NA,0,0,NA,0,NA,NA
-66.61_18.22,0,0,NA,0,NA,NA,0,NA,NA
-66.61_18.46,0,0,0,0,0,0,0,0,NA
-66.61_18.48,0,0,0,0,0,0,0,NA,NA
-66.62_17.97,0,0,0,0,0,0,0,NA,NA
-66.62_17.98,0,NA,NA,0,0,NA,0,0,0
-66.62_18,0,NA,NA,0,0,0,0,0,0
-66.62_18.01,0,0,NA,0,0,0,0,0,0
-66.62_18.04,0,NA,NA,0,0,1,0,0,0
-66.62_18.48,0,0,0,0,0,0,0,0,0
-66.62_18.49,0,0,0,0,0,0,0,0,0
-66.63_18.37,0,0,NA,0,0,0,0,0,0
-66.63_18.38,0,0,0,0,0,0,0,0,0
-66.63_18.47,0,0,0,0,0,0,0,0,0
-66.63_18.48,0,0,0,0,0,0,0,0,0
-66.63_18.49,0,0,0,0,0,0,0,0,0
-66.64_17.98,0,0,0,0,NA,NA,0,NA,NA
-66.64_18,0,NA,NA,0,0,0,0,NA,NA
-66.64_18.04,0,0,0,0,NA,NA,0,NA,NA
-66.64_18.22,0,1,NA,0,0,0,0,0,0
-66.64_18.28,0,1,0,0,0,0,1,1,0
-66.64_18.3,0,0,NA,0,NA,NA,0,0,NA
-66.64_18.34,0,0,0,0,0,NA,0,1,0
-66.64_18.47,0,0,0,0,0,NA,0,0,NA
-66.64_18.49,0,0,0,0,0,0,0,0,0
-66.65_17.99,0,0,NA,0,1,NA,0,NA,NA
-66.65_18.08,0,0,1,0,1,0,0,0,0
-66.65_18.27,0,NA,NA,0,1,0,0,0,0
-66.65_18.31,0,0,NA,0,0,NA,0,0,NA
-66.65_18.33,0,0,0,0,1,1,0,NA,NA
-66.65_18.45,0,NA,NA,0,0,NA,0,0,0
-66.65_18.48,0,NA,NA,0,NA,NA,0,NA,NA
-66.66_18.11,1,0,0,1,1,0,0,0,0
-66.66_18.33,0,NA,NA,0,0,NA,1,0,0
-66.66_18.48,0,0,0,0,0,0,0,NA,NA
-66.66_18.49,0,0,NA,0,0,0,0,0,0
-66.67_17.97,0,0,1,0,0,0,0,0,0
-66.67_17.98,0,0,0,0,0,0,0,0,0
-66.67_18.09,0,NA,NA,0,1,0,0,NA,NA
-66.67_18.33,0,0,NA,0,0,0,0,0,0
-66.67_18.34,0,0,0,0,0,0,0,0,0
-66.67_18.45,0,0,0,0,0,0,0,NA,NA
-66.67_18.47,0,0,0,0,NA,NA,0,NA,NA
-66.67_18.48,0,0,0,0,0,0,0,0,0
-66.68_18.32,0,0,0,0,0,0,1,0,0
-66.68_18.33,0,0,0,0,0,0,0,0,0
-66.68_18.37,0,1,0,0,0,0,0,NA,NA
-66.68_18.45,0,0,1,0,0,0,0,0,0
-66.68_18.48,0,0,0,0,0,0,0,0,0
-66.69_18.26,0,NA,NA,0,0,0,0,0,NA
-66.69_18.32,0,NA,NA,0,0,0,0,0,0
-66.69_18.37,0,0,0,0,0,0,1,0,0
-66.69_18.38,0,0,0,0,0,0,0,NA,NA
-66.69_18.45,0,0,NA,0,0,0,0,NA,NA
-66.69_18.46,0,0,0,0,0,0,0,NA,NA
-66.69_18.48,0,0,0,0,0,0,0,0,0
-66.6_17.97,0,0,0,0,0,0,0,0,0
-66.6_17.99,0,0,NA,0,0,NA,0,NA,NA
-66.6_18,0,0,0,0,NA,NA,0,0,0
-66.6_18.01,0,NA,NA,0,0,0,0,NA,NA
-66.6_18.17,1,1,NA,1,0,1,0,0,NA
-66.6_18.35,0,NA,NA,0,1,0,0,0,0
-66.6_18.36,0,0,NA,0,0,0,0,0,0
-66.6_18.37,0,0,0,0,0,0,0,0,0
-66.6_18.38,0,NA,NA,0,0,0,0,0,0
-66.6_18.45,0,0,0,0,0,0,0,0,0
-66.6_18.47,0,NA,NA,0,NA,NA,0,NA,NA
-66.6_18.49,0,0,NA,0,0,0,0,0,0
-66.71_18.14,1,0,NA,0,0,0,1,1,NA
-66.71_18.24,1,1,1,1,1,1,1,1,1
-66.71_18.26,0,0,1,0,1,0,0,1,NA
-66.71_18.27,0,0,0,0,0,0,1,0,0
-66.71_18.28,0,0,NA,0,0,0,0,0,0
-66.71_18.33,0,0,1,1,1,1,1,1,0
-66.71_18.34,1,0,0,1,1,0,1,1,0
-66.71_18.42,0,NA,NA,0,0,NA,0,0,NA
-66.71_18.43,0,NA,NA,0,NA,NA,0,NA,NA
-66.71_18.47,0,0,0,0,0,0,0,0,0
-66.72_18.06,0,0,NA,0,NA,NA,0,NA,NA
-66.72_18.16,0,0,0,0,0,0,0,0,0
-66.72_18.25,0,0,0,0,1,NA,1,0,0
-66.72_18.26,0,0,1,1,0,1,0,0,0
-66.72_18.33,0,0,0,0,1,1,0,0,0
-66.72_18.4,1,0,0,0,NA,NA,0,NA,NA
-66.72_18.45,0,0,0,0,0,0,0,0,0
-66.72_18.46,0,NA,NA,0,0,0,0,NA,NA
-66.72_18.47,0,0,0,0,0,0,0,0,0
-66.73_18.14,1,1,0,0,NA,NA,1,NA,NA
-66.73_18.17,0,NA,NA,0,0,0,0,0,NA
-66.73_18.3,0,0,1,0,NA,NA,0,0,NA
-66.73_18.41,0,NA,NA,0,0,1,0,0,NA
-66.73_18.47,0,0,NA,0,0,0,0,0,0
-66.74_18.04,0,0,0,0,0,0,0,0,0
-66.74_18.12,0,0,NA,1,NA,NA,1,1,1
-66.74_18.13,0,NA,NA,1,0,NA,0,0,0
-66.74_18.14,1,0,0,1,0,1,0,1,1
-66.74_18.24,0,0,0,1,0,0,0,0,1
-66.74_18.38,1,0,NA,0,NA,NA,0,0,0
-66.74_18.45,0,0,NA,0,0,0,0,0,0
-66.74_18.47,0,0,0,0,0,0,0,0,0
-66.75_18.04,0,0,NA,0,0,1,0,NA,NA
-66.75_18.19,0,0,0,0,1,0,1,0,0
-66.75_18.31,0,NA,NA,0,NA,NA,1,NA,NA
-66.75_18.35,0,0,0,0,0,0,0,1,0
-66.76_17.98,0,0,0,0,0,0,0,0,0
-66.76_18.13,0,0,NA,1,1,1,1,1,1
-66.76_18.4,0,0,NA,0,0,NA,0,NA,NA
-66.76_18.41,0,0,0,0,0,0,0,0,1
-66.77_18.05,1,0,0,1,NA,NA,0,NA,NA
-66.77_18.13,0,NA,NA,0,1,NA,1,1,1
-66.77_18.15,0,0,1,0,1,0,1,0,1
-66.77_18.29,0,NA,NA,0,0,NA,0,1,1
-66.77_18.48,0,0,NA,0,0,0,0,0,NA
-66.78_18,0,NA,NA,0,NA,NA,0,1,0
-66.78_18.29,0,0,0,0,NA,NA,0,0,0
-66.78_18.3,0,0,NA,0,0,1,0,0,0
-66.79_18.28,0,0,0,0,NA,NA,0,NA,NA
-66.79_18.49,0,0,0,0,0,0,0,0,0
-66.7_18.14,1,1,1,0,1,0,1,1,0
-66.7_18.2,1,0,NA,0,0,0,0,0,1
-66.7_18.27,1,NA,NA,0,1,NA,0,0,0
-66.7_18.33,0,0,0,0,0,0,0,0,0
-66.7_18.38,0,NA,NA,0,NA,NA,0,NA,NA
-66.7_18.47,0,0,0,0,0,0,0,0,0
-66.7_18.48,0,0,0,0,0,0,0,0,0
-66.81_18.08,0,NA,NA,0,0,0,0,0,NA
-66.81_18.27,1,1,NA,0,NA,NA,0,NA,NA
-66.81_18.49,0,NA,NA,0,0,NA,0,0,0
-66.82_17.96,0,0,NA,0,NA,NA,0,0,NA
-66.82_18.21,0,1,0,1,1,0,0,0,0
-66.82_18.35,0,NA,NA,0,0,0,0,0,0
-66.82_18.48,0,NA,NA,0,0,0,0,0,0
-66.83_18.35,1,NA,NA,0,0,NA,1,NA,NA
-66.83_18.49,0,0,0,0,0,0,0,0,0
-66.84_18.14,1,NA,NA,0,NA,NA,1,0,0
-66.84_18.19,0,NA,NA,0,NA,NA,0,NA,NA
-66.84_18.34,0,NA,NA,0,NA,NA,0,NA,NA
-66.84_18.43,0,NA,NA,1,1,0,0,1,0
-66.84_18.48,0,0,NA,0,0,0,0,0,0
-66.84_18.49,0,0,0,0,0,0,0,0,0
-66.85_17.95,0,0,0,0,0,0,0,0,0
-66.85_17.96,0,0,0,0,0,0,0,0,0
-66.85_18.03,0,NA,NA,0,0,0,0,0,0
-66.85_18.47,0,0,0,0,0,NA,0,0,0
-66.85_18.48,0,NA,NA,0,NA,NA,0,0,0
-66.85_18.49,0,0,0,0,0,0,0,0,0
-66.86_17.95,0,0,NA,0,NA,NA,0,NA,NA
-66.86_17.96,1,0,0,0,0,0,0,0,0
-66.86_18.1,0,0,0,0,0,0,0,1,0
-66.86_18.49,0,0,0,0,0,0,0,0,0
-66.87_17.94,0,0,0,0,0,0,0,0,0
-66.87_17.95,0,0,0,0,0,0,0,0,0
-66.87_17.96,0,0,0,0,0,0,0,NA,NA
-66.87_17.97,0,0,0,0,0,0,0,1,0
-66.87_17.98,0,NA,NA,0,NA,NA,0,NA,NA
-66.87_18.3,0,NA,NA,0,NA,NA,0,NA,NA
-66.87_18.45,0,0,0,0,0,0,0,0,0
-66.87_18.49,0,0,0,0,0,0,0,0,0
-66.88_17.95,0,0,0,0,0,0,0,0,0
-66.88_17.96,0,NA,NA,0,0,0,0,0,NA
-66.88_17.98,0,0,1,0,0,0,0,0,0
-66.88_18.02,0,NA,NA,1,1,0,0,0,0
-66.88_18.14,0,1,1,1,NA,NA,0,NA,NA
-66.88_18.29,0,0,NA,0,0,NA,0,0,0
-66.88_18.47,0,0,0,0,0,0,0,0,NA
-66.88_18.48,0,0,0,0,0,0,0,0,NA
-66.88_18.49,0,NA,NA,0,0,0,0,0,NA
-66.89_18.48,0,0,0,0,0,0,0,0,0
-66.8_18.03,0,0,0,0,0,0,0,0,0
-66.8_18.49,0,NA,NA,0,0,0,0,0,0
-66.91_17.97,0,0,0,0,0,0,0,0,0
-66.91_17.98,0,NA,NA,0,0,NA,0,0,0
-66.91_18.07,0,0,0,1,0,0,1,1,1
-66.91_18.36,0,NA,NA,0,NA,NA,0,NA,NA
-66.91_18.43,1,NA,NA,0,0,0,0,NA,NA
-66.91_18.48,0,0,0,0,0,0,0,0,0
-66.92_18.07,1,NA,NA,0,NA,NA,0,0,0
-66.92_18.12,0,NA,NA,0,0,0,1,NA,NA
-66.92_18.15,0,1,NA,0,NA,NA,1,1,NA
-66.92_18.16,1,NA,NA,0,NA,NA,1,0,0
-66.92_18.37,0,0,0,0,0,0,0,0,0
-66.92_18.38,0,0,0,0,0,0,0,0,0
-66.92_18.4,0,NA,NA,0,0,0,0,0,0
-66.92_18.48,0,NA,NA,0,0,0,0,0,0
-66.93_17.97,0,0,1,0,0,0,0,0,1
-66.93_18.38,0,0,0,0,0,0,0,0,0
-66.93_18.46,0,0,0,0,0,0,0,0,0
-66.94_18.46,0,0,0,0,1,0,1,0,0
-66.94_18.47,0,0,0,0,0,0,0,NA,NA
-66.94_18.49,0,NA,NA,0,NA,NA,0,0,0
-66.95_17.93,0,NA,NA,0,0,0,0,0,0
-66.95_17.94,0,0,0,0,0,0,0,0,0
-66.95_18.12,1,NA,NA,0,0,1,0,0,1
-66.95_18.15,1,1,0,0,NA,NA,1,1,0
-66.95_18.46,0,0,0,0,0,0,0,0,0
-66.95_18.48,0,0,0,0,0,0,1,1,0
-66.95_18.49,0,0,0,0,0,0,0,0,0
-66.96_17.93,1,NA,NA,0,1,0,0,0,NA
-66.96_17.94,0,0,0,0,1,0,0,0,0
-66.96_18.07,0,0,0,0,0,0,0,0,0
-66.96_18.08,0,0,NA,0,0,0,0,0,0
-66.96_18.13,0,NA,NA,0,NA,NA,0,0,1
-66.96_18.14,0,0,1,0,0,1,1,0,0
-66.96_18.42,0,NA,NA,0,NA,NA,0,NA,NA
-66.96_18.49,0,1,0,0,0,0,0,0,0
-66.97_17.95,0,0,NA,0,0,0,0,0,0
-66.97_18.09,0,0,0,0,0,0,0,0,0
-66.97_18.14,0,1,0,0,0,1,0,1,1
-66.97_18.18,1,NA,NA,0,NA,NA,0,NA,NA
-66.97_18.41,0,0,NA,0,1,NA,0,0,1
-66.97_18.42,0,0,1,1,0,1,0,0,1
-66.97_18.49,0,NA,NA,0,0,0,0,0,0
-66.98_18.14,0,1,0,0,0,0,1,0,0
-66.98_18.17,0,0,0,1,0,NA,1,1,0
-66.98_18.18,0,0,0,0,0,0,0,0,0
-66.98_18.36,0,NA,NA,0,0,0,0,0,0
-66.98_18.45,1,0,0,0,0,NA,0,NA,NA
-66.99_17.97,0,0,0,0,0,NA,0,0,NA
-66.99_18.12,0,1,NA,0,0,0,0,0,0
-66.99_18.13,1,0,NA,1,1,NA,1,1,NA
-66.99_18.15,0,0,0,0,0,1,0,0,0
-66.99_18.16,0,1,0,0,0,1,0,0,NA
-66.99_18.17,0,0,1,0,0,1,0,1,0
-66.99_18.18,0,0,0,0,0,0,0,0,0
-66.99_18.2,0,NA,NA,0,NA,NA,1,0,0
-66.99_18.34,0,NA,NA,0,0,0,1,0,0
-66.9_17.95,0,0,0,0,0,0,0,0,0
-66.9_17.96,0,0,NA,0,0,0,0,0,1
-66.9_17.97,0,0,0,0,0,0,0,0,0
-66.9_17.98,0,0,0,0,0,0,0,0,NA
-66.9_18.02,1,0,NA,0,0,0,0,0,1
-66.9_18.46,0,0,0,0,0,NA,0,0,0
-66.9_18.48,0,1,0,0,0,0,0,0,0
-66_18.22,0,0,0,0,0,0,0,0,0
-66_18.39,0,0,NA,0,0,0,0,0,0
-66_18.4,0,0,0,0,0,0,0,0,0
-66_18.43,0,0,NA,0,0,0,0,0,0
-66_18.44,0,0,0,0,0,0,0,0,0
-66_18.45,0,NA,NA,0,0,0,0,0,0
-67.01_17.98,0,0,0,0,0,0,1,0,0
-67.01_18.18,0,1,1,0,1,1,0,1,1
-67.01_18.21,0,1,1,1,1,0,1,1,0
-67.01_18.5,0,0,NA,0,0,0,0,0,0
-67.01_18.51,0,0,0,0,0,0,0,0,0
-67.02_18.02,0,0,0,0,0,0,0,NA,NA
-67.02_18.47,0,0,NA,0,0,NA,0,0,0
-67.02_18.49,0,0,NA,0,0,NA,0,NA,NA
-67.02_18.51,0,0,0,0,0,0,0,0,0
-67.03_17.97,0,0,0,0,0,0,0,0,0
-67.03_18.09,0,0,NA,0,0,0,0,0,NA
-67.03_18.51,0,NA,NA,0,0,0,0,0,0
-67.04_17.96,0,NA,NA,0,0,0,0,0,0
-67.04_17.97,0,0,0,0,0,1,0,0,0
-67.04_18,0,NA,NA,0,0,0,0,0,0
-67.04_18.03,0,0,0,0,0,0,0,0,0
-67.04_18.08,0,0,0,0,0,0,0,0,0
-67.04_18.09,0,NA,NA,0,0,0,0,NA,NA
-67.04_18.51,0,0,0,0,0,0,0,0,0
-67.05_17.97,1,0,0,0,0,0,0,0,0
-67.05_17.98,0,0,0,0,1,0,0,0,1
-67.05_18,0,NA,NA,1,0,0,0,0,1
-67.05_18.01,0,0,0,0,0,NA,0,0,NA
-67.05_18.02,0,0,NA,0,0,0,0,NA,NA
-67.05_18.03,0,0,0,0,0,0,0,0,0
-67.05_18.04,0,NA,NA,0,NA,NA,0,0,0
-67.05_18.05,0,NA,NA,0,0,0,0,0,1
-67.05_18.08,0,0,0,0,0,0,0,0,0
-67.05_18.51,0,0,0,0,0,0,0,0,0
-67.06_17.97,0,0,0,0,0,0,0,1,0
-67.06_17.98,0,1,0,0,0,1,0,0,0
-67.06_17.99,0,NA,NA,0,0,0,0,0,0
-67.06_18.02,0,0,0,0,0,0,0,0,0
-67.06_18.44,0,NA,NA,0,NA,NA,0,1,0
-67.06_18.51,0,0,0,0,0,0,0,0,0
-67.07_17.97,1,0,1,1,1,1,0,1,1
-67.07_18.02,0,0,0,0,0,0,0,0,0
-67.07_18.24,0,NA,NA,0,1,0,1,1,NA
-67.07_18.51,0,NA,NA,0,0,0,0,0,0
-67.09_18.01,0,0,NA,0,0,NA,0,1,0
-67.09_18.44,0,NA,NA,0,0,0,0,0,0
-67.09_18.52,0,0,0,0,0,NA,0,0,0
-67.11_18.01,0,0,0,0,0,0,0,0,0
-67.11_18.02,0,0,0,0,0,0,0,0,0
-67.11_18.03,0,0,NA,0,0,0,0,0,0
-67.11_18.23,0,0,0,0,1,0,0,0,0
-67.11_18.47,0,0,0,0,NA,NA,0,0,0
-67.11_18.51,0,0,0,0,0,0,0,0,0
-67.12_18.19,0,0,NA,0,0,0,0,0,0
-67.12_18.23,0,0,0,0,0,1,0,0,0
-67.12_18.51,0,0,0,0,0,0,0,0,0
-67.13_17.95,1,1,0,0,0,1,0,0,0
-67.13_17.96,0,NA,NA,0,0,0,1,0,0
-67.13_17.99,0,1,0,0,0,0,0,0,0
-67.13_18,1,0,0,1,0,1,0,0,1
-67.13_18.11,0,NA,NA,0,NA,NA,0,NA,NA
-67.13_18.17,0,0,0,0,0,NA,0,0,0
-67.13_18.21,0,NA,NA,0,0,NA,0,0,0
-67.13_18.22,0,NA,NA,0,0,0,0,NA,NA
-67.13_18.26,0,0,0,0,NA,NA,0,NA,NA
-67.13_18.27,0,NA,NA,0,0,NA,0,NA,NA
-67.13_18.29,0,NA,NA,0,0,0,1,0,0
-67.13_18.46,0,0,0,0,0,0,0,0,0
-67.13_18.5,0,NA,NA,0,0,0,0,0,0
-67.14_17.95,0,1,NA,0,1,1,0,NA,NA
-67.14_17.98,0,NA,NA,0,0,NA,0,0,0
-67.14_18.08,0,0,0,0,0,0,0,1,0
-67.14_18.19,0,NA,NA,0,0,0,0,0,0
-67.14_18.2,0,0,0,0,0,0,0,0,0
-67.14_18.21,0,0,0,0,0,0,0,0,0
-67.14_18.26,0,NA,NA,0,NA,NA,0,0,NA
-67.14_18.4,0,NA,NA,0,0,0,0,NA,NA
-67.14_18.5,0,0,0,0,0,0,0,0,0
-67.14_18.51,0,0,0,0,0,0,0,0,0
-67.15_17.98,0,0,0,0,0,0,0,0,NA
-67.15_18.01,0,0,0,0,0,0,0,0,0
-67.15_18.02,0,0,0,0,0,0,0,0,0
-67.15_18.03,0,NA,NA,0,0,NA,0,NA,NA
-67.15_18.08,0,0,0,0,0,0,0,0,0
-67.15_18.19,0,0,0,0,0,0,0,0,0
-67.15_18.2,0,0,0,0,0,0,0,0,0
-67.15_18.21,0,0,0,0,0,0,0,0,0
-67.15_18.23,0,0,0,0,0,0,0,0,0
-67.15_18.25,0,NA,NA,0,0,0,0,NA,NA
-67.15_18.41,0,NA,NA,0,NA,NA,0,0,NA
-67.15_18.42,0,0,0,0,0,0,0,0,NA
-67.15_18.43,0,NA,NA,0,0,0,0,0,0
-67.15_18.47,0,0,0,0,NA,NA,0,NA,NA
-67.15_18.49,0,0,0,0,0,0,0,0,0
-67.16_17.96,0,0,0,0,0,0,0,0,0
-67.16_17.99,0,0,0,0,NA,NA,0,NA,NA
-67.16_18,0,NA,NA,0,1,0,0,0,0
-67.16_18.01,0,0,0,0,0,0,1,0,0
-67.16_18.02,0,0,0,0,0,0,0,0,NA
-67.16_18.03,0,0,NA,0,0,NA,0,0,0
-67.16_18.08,0,0,NA,0,0,0,0,NA,NA
-67.16_18.19,0,0,NA,0,0,0,0,0,0
-67.16_18.21,0,0,0,0,0,0,0,0,0
-67.16_18.22,0,0,NA,0,0,0,0,NA,NA
-67.16_18.24,0,NA,NA,0,0,0,0,0,0
-67.16_18.27,0,0,0,0,NA,NA,0,NA,NA
-67.16_18.28,0,0,0,0,0,NA,0,0,0
-67.16_18.38,0,0,0,0,0,0,0,0,0
-67.16_18.41,0,0,0,0,0,0,0,0,0
-67.16_18.42,0,0,0,0,0,0,0,0,0
-67.16_18.43,0,0,0,0,0,0,0,0,0
-67.16_18.45,0,NA,NA,0,NA,NA,0,0,0
-67.16_18.46,0,0,0,0,0,0,0,0,0
-67.16_18.47,0,NA,NA,0,0,NA,0,NA,NA
-67.16_18.49,0,0,0,0,0,0,0,0,0
-67.17_17.97,0,0,0,0,1,0,0,0,0
-67.17_17.98,0,1,0,0,0,0,0,1,0
-67.17_18,1,NA,NA,0,1,0,0,1,0
-67.17_18.01,0,0,NA,0,0,0,0,0,1
-67.17_18.02,0,0,0,0,0,0,0,0,0
-67.17_18.03,0,0,0,0,0,0,0,0,0
-67.17_18.11,0,NA,NA,0,0,NA,0,0,0
-67.17_18.17,0,0,0,0,0,0,0,NA,NA
-67.17_18.18,0,0,0,0,0,0,0,0,0
-67.17_18.25,0,NA,NA,0,0,NA,0,NA,NA
-67.17_18.39,0,0,0,0,NA,NA,0,0,0
-67.17_18.47,0,NA,NA,0,0,0,0,0,0
-67.17_18.48,0,0,0,0,0,0,0,0,0
-67.18_17.97,0,0,0,0,0,0,0,0,0
-67.18_17.98,0,0,0,0,1,0,0,0,0
-67.18_18,1,1,1,0,1,0,1,0,1
-67.18_18.03,0,0,0,0,0,0,0,0,0
-67.18_18.1,0,0,0,0,NA,NA,0,0,0
-67.18_18.12,0,0,0,0,0,0,0,0,0
-67.18_18.13,0,NA,NA,0,0,0,0,0,0
-67.18_18.16,0,0,NA,0,0,0,0,0,0
-67.18_18.17,0,0,0,0,0,0,1,0,0
-67.18_18.25,0,0,0,0,0,0,0,0,0
-67.18_18.41,0,0,0,0,0,0,0,0,0
-67.19_17.93,0,0,0,0,0,0,0,0,0
-67.19_17.94,0,0,0,0,0,0,0,0,0
-67.19_17.95,0,0,0,0,0,0,0,0,0
-67.19_17.97,0,0,NA,0,0,NA,0,0,0
-67.19_17.98,0,0,0,0,0,0,0,0,0
-67.19_18.06,0,NA,NA,0,0,0,0,NA,NA
-67.19_18.09,0,0,NA,0,0,NA,0,0,0
-67.19_18.1,0,NA,NA,0,0,0,0,0,0
-67.19_18.27,0,0,0,0,0,0,0,0,0
-67.19_18.28,0,0,0,0,0,0,0,0,0
-67.19_18.29,0,0,0,0,NA,NA,0,NA,NA
-67.1_17.99,0,0,0,0,0,0,0,0,0
-67.1_18.01,0,0,0,0,0,0,0,0,0
-67.1_18.02,0,0,0,0,NA,NA,0,0,0
-67.1_18.03,0,0,0,0,0,0,0,NA,NA
-67.1_18.51,0,0,0,0,0,0,0,0,0
-67.21_17.95,0,0,0,0,NA,NA,0,0,NA
-67.21_17.96,0,0,0,0,0,0,0,0,0
-67.21_17.97,0,0,0,0,0,0,0,0,1
-67.21_17.98,0,0,0,0,0,0,0,0,0
-67.21_17.99,0,0,0,0,0,0,0,0,0
-67.21_18.3,0,NA,NA,0,0,0,0,0,NA
-67.22_18.3,0,0,NA,0,0,0,0,0,0
-67.24_18.31,0,0,0,0,0,0,0,0,0
-67.25_18.32,0,0,0,0,0,0,0,0,0
-67.25_18.33,0,0,0,0,0,0,0,0,0
-67.25_18.34,0,0,0,0,0,0,0,0,0
-67.25_18.35,0,NA,NA,0,NA,NA,0,0,0
-67.25_18.37,0,0,NA,0,0,0,0,0,0
-67.26_18.34,0,NA,NA,0,0,0,0,0,0
-67.26_18.35,0,0,0,0,0,0,0,0,0
-67.26_18.36,0,0,NA,0,0,0,0,0,0
-67.27_18.35,0,NA,NA,0,0,0,0,0,NA
-67.27_18.36,0,0,0,0,0,0,0,0,0
-67.2_17.94,0,NA,NA,0,0,NA,0,NA,NA
-67.2_17.95,0,0,0,0,0,0,0,0,0
-67.2_17.96,0,0,0,0,0,0,1,0,0
-67.2_18,0,NA,NA,0,0,NA,1,0,NA
-67.2_18.04,0,1,0,0,0,0,0,0,1
-67.2_18.05,0,0,0,0,0,0,0,0,0
-67.2_18.06,0,0,0,0,0,0,0,0,0
-67.2_18.29,0,0,0,0,NA,NA,0,0,0
-67.89_18.09,0,0,0,0,0,NA,0,NA,NA
-67.93_18.07,0,0,0,0,0,0,0,0,NA
-67.93_18.08,0,NA,NA,0,0,0,0,NA,NA
-67.94_18.08,0,0,NA,0,0,0,0,0,0
-67.94_18.09,0,0,0,0,0,0,0,0,0
-67_17.97,0,0,0,0,0,0,0,0,0
-67_18.16,0,0,1,1,0,0,1,1,1
-67_18.21,0,NA,NA,1,1,1,0,0,1
