model,term,estimate,std.error,statistic,p.value,conf.low,conf.high
m0_intercept_only,(Intercept),-2.9687544022740666,0.017661814089423526,-168.0888716891123,0,-3.003554694047112,-2.934315161896625
m1_period,(Intercept),-2.67665152904275,0.03941418999576666,-67.91085975203956,0,-2.7547820214273164,-2.6002571591508024
m1_period,PeriodInter-Hurricanes,-0.5338877564492415,0.0498817655750431,-10.703064542614282,9.846678005790931e-27,-0.6313369373605249,-0.4357700230417448
m1_period,PeriodPost-Fiona,-0.205507287375766,0.047186091828170185,-4.355251291506151,1.3291435124503669e-5,-0.2975160445436183,-0.11252038338058892
m2_period_effort,(Intercept),-3.7065337156176517,0.050445126800365246,-73.47654670957859,0,-3.806218583577238,-3.608462026832481
m2_period_effort,PeriodInter-Hurricanes,-0.3225347365132184,0.05126793095217655,-6.29115961036312,3.1510313287365984e-10,-0.4226871955962771,-0.22168868567044045
m2_period_effort,PeriodPost-Fiona,0.026267793160634975,0.04872974597660791,0.5390504841384663,0.589852020560893,-0.0687575455202299,0.1222868688607634
m2_period_effort,Duration_min,0.012505133558791853,3.034560387137719e-4,41.20904501289902,0,0.011909480843632362,0.013099095096202319
m2_period_effort,Distance_km,-0.0720432703649048,0.015617706886212541,-4.612922427716022,3.970465140519286e-6,-0.10281239091904264,-0.041587944084983244
m3_environment_effort_additive,(Intercept),-4.788195550591428,0.07410192281825043,-64.61634689744047,0,-4.9347473448555865,-4.644224610734307
m3_environment_effort_additive,PeriodInter-Hurricanes,-0.4326848086290088,0.05516338863752603,-7.843695235478447,4.374781020560601e-15,-0.5404961611817465,-0.3242175275125225
m3_environment_effort_additive,PeriodPost-Fiona,-0.15652980298691646,0.05274047612729004,-2.9679254811642033,0.002998170079231422,-0.2594638757492236,-0.052688037245762265
m3_environment_effort_additive,Elevation_100m,0.3937524294174483,0.007152210127699305,55.053252405506306,0,0.379756297723808,0.4077950965046304
m3_environment_effort_additive,NDVI,0.8638693025396664,0.08679195555610388,9.953333773903111,2.4387375740126688e-23,0.6949305815750961,1.0351993550877419
m3_environment_effort_additive,Duration_min,0.011181384657937636,3.3743897968697517e-4,33.13601963919531,9.005069631398651e-241,0.010519019366813024,0.011841891878123583
m3_environment_effort_additive,Distance_km,0.04050720007491252,0.01670286729580826,2.425164455750551,0.015301453438127815,0.007627860798667657,0.07310921736135201
m4_period_elevation_interaction,(Intercept),-4.72503223280346,0.07780050505580234,-60.73266785883247,0,-4.8790429859384,-4.574014775122134
m4_period_elevation_interaction,PeriodInter-Hurricanes,-0.5032688419043365,0.06889745542538117,-7.304607097563969,2.7807810441826e-13,-0.6379187526680423,-0.36776020510272045
m4_period_elevation_interaction,PeriodPost-Fiona,-0.257621711079466,0.06566755959387524,-3.923119919070271,8.740961561853548e-5,-0.38570574594131823,-0.12822376811405967
m4_period_elevation_interaction,Elevation_100m,0.35739158453840036,0.016528128044076027,21.623234257705054,1.0859416823142234e-103,0.3250530762513327,0.3898698878978707
m4_period_elevation_interaction,NDVI,0.8711406474887153,0.0868473849035539,10.030706721407189,1.1171410929455845e-23,0.702090736189636,1.0425811896570882
m4_period_elevation_interaction,Duration_min,0.011178977480580297,3.373508709598422e-4,33.137538518200614,8.562662654350526e-241,0.010516790035056477,0.011839324660193745
m4_period_elevation_interaction,Distance_km,0.042098693239375935,0.01671200749073996,2.519068595601253,0.011766573108293463,0.009201098883673691,0.07471874682580447
m4_period_elevation_interaction,PeriodInter-Hurricanes:Elevation_100m,0.03690230211345461,0.019838453628237933,1.8601400494707965,0.06286571423274562,-0.002023574359110304,0.07576129405670677
m4_period_elevation_interaction,PeriodPost-Fiona:Elevation_100m,0.04820914398777978,0.018898302514089985,2.550977472809346,0.010742126889059966,0.011120775042972608,0.08522102333302016
