component,term,estimate,standard_error,z_value,p_value,odds_ratio,conf_low_logit,conf_high_logit,odds_ratio_conf_low_95,odds_ratio_conf_high_95
Initial occupancy,(Intercept),-1.6365466587989017,0.17100224158355334,-9.570322842810626,1.0657236053158112e-21,0.19465107955656957,-1.9717110523026662,-1.3013822652951372,0.13921844226763547,0.2721553420321968
Initial occupancy,Elevation,1.5435895593754871,0.23786391481778685,6.489380957838593,8.618977654273802e-11,4.681364182192376,1.0773762863326248,2.0098028324183494,2.9369636816236633,7.461845968145636
Initial occupancy,NDVI,0.6127058779110571,0.17661016261327175,3.4692560657039677,5.219017660619266e-4,1.8454181251441326,0.2665499591890445,0.9588617966330697,1.30545280706979,2.608725522797411
Colonization,(Intercept),-2.701403862346224,0.17227663814318026,-15.680616312590622,2.0525296738466273e-55,0.06711123164527931,-3.0390660731068575,-2.363741651585591,0.04787958465168362,0.09406759573441632
Colonization,NDVI,0.0736537589322662,0.17035680289005403,0.4323499718399936,0.6654870727157287,1.076434035296042,-0.26024557473223975,0.4075530925967721,0.7708622582648208,1.5031352487692542
Local extinction,(Intercept),-0.17676955237465544,0.30615869609577245,-0.5773788385855891,0.5636835661913154,0.8379728711322196,-0.7768405967223694,0.42330149197305855,0.4598565910363857,1.526994603189269
Local extinction,Elevation,-0.829893034030937,0.2963033888400142,-2.8008219456410894,0.005097263482369097,0.43609593125067175,-1.4106476761573647,-0.24913839190450904,0.24398520856605432,0.7794720932925044
Local extinction,NDVI,-0.8400302673727595,0.33715437158269246,-2.4915301066079425,0.012719418685264746,0.4316974568834889,-1.5008528356748367,-0.17920769907068235,0.22293994790914384,0.8359322590118362
Detection,(Intercept),-0.7363847397513802,0.11913486224531718,-6.181102037412439,6.365565388980636e-10,0.4788419282195812,-0.9698890697522018,-0.5028804097505586,0.3791250922112449,0.6047861165920629
Detection,PeriodPost-Fiona,0.11995138065679349,0.14598706395704816,0.8216576003753675,0.4112717967685505,1.1274420347555743,-0.1661832646990209,0.4060860260126079,0.8468910147397914,1.5009316660708047
Detection,PeriodPre-Maria,-0.5660917367536052,0.19040778908098224,-2.9730492617234323,0.0029485712400576527,0.5677399856839563,-0.9392910033523305,-0.19289247015488004,0.39090488738715085,0.824570635324868
