Site_ID,number_of_periods,minimum_checklists_per_period,maximum_checklists_per_period,total_checklists
-65.23_18.32,3,5,8,18
-65.25_18.31,3,2,3,8
-65.25_18.32,3,1,2,5
-65.26_18.3,3,1,5,7
-65.26_18.31,3,5,12,26
-65.26_18.32,3,3,11,22
-65.27_18.14,3,1,1,3
-65.28_18.31,3,6,28,44
-65.28_18.32,3,2,8,16
-65.29_18.28,3,3,6,14
-65.29_18.31,3,2,5,11
-65.29_18.32,3,12,45,74
-65.31_18.12,3,4,8,19
-65.31_18.14,3,2,6,12
-65.31_18.31,3,4,16,27
-65.31_18.32,3,5,20,44
-65.31_18.33,3,2,6,12
-65.32_18.32,3,3,4,11
-65.32_18.33,3,15,28,65
-65.33_18.13,3,1,4,7
-65.33_18.15,3,7,12,29
-65.34_18.12,3,1,10,21
-65.38_18.11,3,6,29,63
-65.38_18.12,3,1,10,20
-65.39_18.11,3,3,59,93
-65.3_18.14,3,5,10,23
-65.3_18.3,3,10,25,55
-65.3_18.31,3,4,9,20
-65.3_18.33,3,1,4,7
-65.41_18.11,3,6,47,96
-65.42_18.1,3,4,13,29
-65.42_18.11,3,9,34,63
-65.42_18.12,3,1,6,9
-65.42_18.16,3,1,9,17
-65.43_18.1,3,4,24,49
-65.43_18.15,3,2,3,8
-65.43_18.16,3,1,21,24
-65.44_18.09,3,1,3,7
-65.44_18.1,3,1,13,18
-65.44_18.11,3,2,16,31
-65.44_18.12,3,9,14,36
-65.44_18.13,3,1,11,13
-65.44_18.15,3,13,97,162
-65.44_18.16,3,2,9,19
-65.45_18.09,3,6,80,116
-65.45_18.1,3,5,53,87
-65.45_18.11,3,13,54,106
-65.45_18.14,3,1,7,14
-65.46_18.09,3,1,20,24
-65.46_18.1,3,14,101,158
-65.46_18.14,3,1,5,10
-65.47_18.09,3,22,86,146
-65.47_18.1,3,6,128,169
-65.47_18.14,3,3,9,19
-65.48_18.1,3,5,43,69
-65.48_18.11,3,1,7,9
-65.49_18.1,3,4,70,99
-65.49_18.11,3,3,8,17
-65.49_18.12,3,2,9,15
-65.49_18.13,3,1,9,13
-65.51_18.09,3,4,102,175
-65.51_18.13,3,9,42,66
-65.51_18.14,3,6,38,64
-65.51_18.15,3,2,37,48
-65.52_18.09,3,7,80,135
-65.52_18.13,3,8,20,36
-65.54_18.11,3,2,15,22
-65.55_18.1,3,15,41,74
-65.55_18.11,3,1,74,82
-65.55_18.12,3,1,9,17
-65.56_18.12,3,14,55,94
-65.57_18.11,3,1,15,31
-65.57_18.34,3,1,6,9
-65.57_18.35,3,3,4,11
-65.57_18.38,3,1,3,5
-65.58_18.1,3,1,1,3
-65.61_18.22,3,1,1,3
-65.61_18.25,3,1,9,13
-65.61_18.26,3,1,1,3
-65.62_18.34,3,1,7,9
-65.62_18.36,3,14,63,126
-65.62_18.37,3,2,8,14
-65.62_18.38,3,4,26,35
-65.63_18.25,3,3,11,18
-65.63_18.26,3,6,24,40
-65.63_18.27,3,15,136,265
-65.63_18.33,3,6,30,56
-65.63_18.34,3,2,12,18
-65.63_18.35,3,2,9,15
-65.63_18.36,3,14,33,62
-65.63_18.37,3,60,139,292
-65.63_18.38,3,3,4,10
-65.64_18.27,3,1,10,19
-65.64_18.28,3,1,3,6
-65.64_18.29,3,1,16,25
-65.64_18.33,3,23,37,88
-65.64_18.34,3,8,22,49
-65.64_18.35,3,2,9,19
-65.64_18.36,3,2,6,11
-65.64_18.37,3,16,124,215
-65.64_18.38,3,2,4,9
-65.65_18.26,3,4,41,57
-65.65_18.27,3,1,1,3
-65.65_18.28,3,1,4,8
-65.65_18.32,3,1,2,4
-65.65_18.33,3,1,2,4
-65.66_18.29,3,1,1,3
-65.66_18.33,3,1,4,6
-65.66_18.34,3,1,4,6
-65.67_18.2,3,1,7,10
-65.67_18.35,3,1,4,9
-65.68_18.27,3,4,20,31
-65.69_18.36,3,1,2,5
-65.6_18.23,3,2,17,28
-65.6_18.24,3,3,188,218
-65.71_18.19,3,2,11,22
-65.71_18.37,3,9,16,38
-65.71_18.38,3,3,34,48
-65.72_18.19,3,4,7,17
-65.72_18.33,3,1,16,24
-65.72_18.37,3,1,11,15
-65.72_18.38,3,11,113,209
-65.72_18.39,3,2,6,12
-65.73_18.19,3,2,19,27
-65.73_18.32,3,3,12,20
-65.73_18.33,3,5,31,57
-65.73_18.34,3,1,16,28
-65.73_18.35,3,4,24,47
-65.73_18.38,3,7,18,40
-65.73_18.39,3,5,11,23
-65.74_18.16,3,14,72,145
-65.74_18.17,3,6,19,36
-65.74_18.18,3,2,11,24
-65.74_18.21,3,2,7,12
-65.74_18.35,3,1,4,7
-65.74_18.38,3,5,88,120
-65.75_18.16,3,2,4,10
-65.75_18.32,3,3,110,167
-65.75_18.33,3,1,16,24
-65.75_18.38,3,5,19,34
-65.75_18.39,3,15,56,91
-65.76_18.16,3,4,16,35
-65.76_18.33,3,48,71,184
-65.76_18.34,3,117,401,667
-65.76_18.35,3,1,4,6
-65.76_18.36,3,1,9,18
-65.76_18.38,3,4,48,58
-65.76_18.39,3,26,168,246
-65.76_18.4,3,2,6,11
-65.77_18.15,3,110,232,494
-65.77_18.31,3,51,123,227
-65.77_18.32,3,37,67,155
-65.77_18.33,3,5,20,33
-65.77_18.34,3,1,7,10
-65.77_18.35,3,1,12,23
-65.77_18.36,3,5,14,29
-65.77_18.37,3,7,25,48
-65.77_18.38,3,1,7,10
-65.77_18.39,3,1,4,8
-65.78_18.15,3,1,2,5
-65.78_18.16,3,7,59,76
-65.78_18.17,3,1,3,5
-65.78_18.24,3,1,2,5
-65.78_18.3,3,15,105,163
-65.78_18.31,3,22,47,106
-65.78_18.35,3,1,11,13
-65.78_18.39,3,1,4,8
-65.78_18.41,3,3,5,12
-65.79_18.09,3,1,16,29
-65.79_18.25,3,1,8,15
-65.79_18.26,3,2,5,10
-65.79_18.27,3,3,5,11
-65.79_18.29,3,5,24,37
-65.79_18.3,3,60,285,461
-65.79_18.31,3,5,25,38
-65.79_18.42,3,15,54,92
-65.7_18.35,3,1,6,8
-65.7_18.36,3,3,146,205
-65.7_18.37,3,2,7,11
-65.81_18.1,3,1,3,6
-65.81_18.34,3,7,68,93
-65.81_18.35,3,3,26,38
-65.81_18.39,3,1,10,17
-65.82_18.15,3,1,21,23
-65.82_18.32,3,4,25,38
-65.82_18.34,3,1,2,5
-65.82_18.37,3,1,2,4
-65.82_18.38,3,1,8,13
-65.82_18.39,3,2,2,6
-65.82_18.41,3,1,40,59
-65.83_18.04,3,1,3,7
-65.83_18.05,3,7,17,35
-65.83_18.34,3,1,7,12
-65.83_18.36,3,3,8,18
-65.83_18.42,3,2,7,13
-65.84_18.02,3,19,42,89
-65.84_18.04,3,3,4,10
-65.84_18.05,3,7,8,23
-65.84_18.15,3,1,22,34
-65.84_18.3,3,1,3,6
-65.84_18.35,3,1,11,14
-65.84_18.43,3,1,19,26
-65.85_18.33,3,1,10,14
-65.86_18.43,3,2,4,8
-65.87_18.32,3,5,26,37
-65.88_17.99,3,1,11,23
-65.88_18,3,5,28,51
-65.88_18.04,3,5,37,58
-65.88_18.38,3,1,43,47
-65.88_18.43,3,1,31,46
-65.88_18.44,3,13,34,68
-65.89_18,3,1,3,6
-65.89_18.34,3,1,2,4
-65.89_18.38,3,2,18,27
-65.89_18.41,3,2,6,11
-65.8_18.08,3,3,23,49
-65.8_18.09,3,11,122,217
-65.8_18.1,3,1,9,12
-65.8_18.25,3,1,15,18
-65.8_18.26,3,31,51,115
-65.8_18.27,3,16,71,112
-65.8_18.38,3,1,2,4
-65.8_18.4,3,1,6,12
-65.8_18.41,3,22,108,159
-65.8_18.42,3,1,8,11
-65.91_18.4,3,1,3,6
-65.91_18.41,3,1,4,7
-65.91_18.45,3,4,7,15
-65.92_18.21,3,2,6,10
-65.94_18.37,3,1,5,7
-65.95_17.97,3,1,4,8
-65.95_18.15,3,2,9,16
-65.95_18.42,3,1,7,14
-65.96_18.21,3,3,26,43
-65.96_18.4,3,15,121,195
-65.96_18.41,3,2,15,28
-65.96_18.42,3,1,20,28
-65.96_18.44,3,78,212,501
-65.96_18.45,3,6,10,24
-65.97_18.39,3,1,2,5
-65.97_18.4,3,1,29,34
-65.97_18.41,3,2,7,13
-65.97_18.45,3,103,170,403
-65.98_17.97,3,2,6,12
-65.98_18.35,3,1,1105,1889
-65.98_18.4,3,1,5,9
-65.98_18.41,3,1,2,5
-65.98_18.45,3,3,4,10
-65.98_18.46,3,2,7,14
-65.99_17.98,3,2,16,22
-65.99_18.43,3,2,12,19
-65.99_18.45,3,2,9,18
-65.99_18.46,3,8,25,57
-65.9_18.45,3,5,17,28
-66.01_18.02,3,1,1,3
-66.01_18.24,3,3,9,20
-66.01_18.39,3,1,5,8
-66.01_18.43,3,1,9,14
-66.01_18.44,3,18,86,149
-66.02_17.98,3,1,3,6
-66.02_18.02,3,1,10,12
-66.02_18.24,3,1,5,7
-66.02_18.33,3,44,377,743
-66.02_18.38,3,1,6,12
-66.02_18.43,3,1,3,5
-66.02_18.44,3,38,144,239
-66.02_18.45,3,6,8,21
-66.03_18.09,3,18,37,81
-66.03_18.24,3,4,31,58
-66.03_18.39,3,8,69,123
-66.03_18.4,3,53,707,1250
-66.03_18.43,3,2,18,31
-66.03_18.44,3,8,16,35
-66.03_18.45,3,3,6,13
-66.04_17.96,3,1,39,74
-66.04_18.09,3,2,6,10
-66.04_18.16,3,1,14,26
-66.04_18.18,3,1,15,25
-66.04_18.25,3,1,4,7
-66.04_18.37,3,1,6,8
-66.04_18.38,3,3,8,17
-66.04_18.39,3,4,13,21
-66.04_18.4,3,13,25,63
-66.04_18.42,3,1,4,6
-66.04_18.43,3,2,7,13
-66.04_18.45,3,10,78,128
-66.05_17.96,3,1,77,114
-66.05_18.1,3,4,32,52
-66.05_18.12,3,1,3,5
-66.05_18.2,3,5,55,96
-66.05_18.22,3,1,4,6
-66.05_18.24,3,4,6,15
-66.05_18.25,3,1,4,7
-66.05_18.29,3,7,48,82
-66.05_18.34,3,15,87,164
-66.05_18.37,3,3,13,21
-66.05_18.38,3,1,12,16
-66.05_18.39,3,6,20,41
-66.05_18.4,3,53,197,374
-66.05_18.41,3,16,27,59
-66.05_18.43,3,2,15,21
-66.05_18.45,3,16,77,141
-66.06_18.23,3,2,5,9
-66.06_18.24,3,10,76,143
-66.06_18.31,3,1,15,18
-66.06_18.33,3,1,9,12
-66.06_18.36,3,3,7,14
-66.06_18.37,3,6,10,25
-66.06_18.38,3,4,14,23
-66.06_18.39,3,93,393,787
-66.06_18.4,3,8,23,41
-66.06_18.41,3,7,225,262
-66.06_18.42,3,5,15,27
-66.06_18.43,3,1,31,38
-66.06_18.44,3,4,25,42
-66.06_18.45,3,9,39,87
-66.07_18.12,3,1,4,7
-66.07_18.13,3,1,12,15
-66.07_18.19,3,1,9,16
-66.07_18.24,3,1,2,4
-66.07_18.33,3,1,3,5
-66.07_18.34,3,1,14,27
-66.07_18.36,3,16,126,168
-66.07_18.37,3,6,11,27
-66.07_18.38,3,8,17,36
-66.07_18.39,3,3,19,25
-66.07_18.4,3,1,13,26
-66.07_18.41,3,8,33,60
-66.07_18.42,3,2,50,56
-66.07_18.43,3,1,8,13
-66.07_18.44,3,11,17,45
-66.07_18.45,3,9,52,87
-66.07_18.46,3,14,67,124
-66.08_18.12,3,28,95,175
-66.08_18.33,3,4,7,16
-66.08_18.34,3,2,101,112
-66.08_18.35,3,1,3,6
-66.08_18.37,3,2,20,31
-66.08_18.38,3,6,114,131
-66.08_18.4,3,1,11,18
-66.08_18.42,3,6,19,41
-66.08_18.43,3,1,9,12
-66.08_18.44,3,30,184,378
-66.08_18.45,3,11,48,102
-66.08_18.46,3,41,190,400
-66.09_18.32,3,1,4,6
-66.09_18.37,3,1,22,37
-66.09_18.38,3,2,9,14
-66.09_18.41,3,25,55,130
-66.09_18.42,3,1,4,9
-66.09_18.45,3,19,149,215
-66.09_18.46,3,42,220,408
-66.09_18.47,3,7,64,109
-66.11_18.19,3,2,6,11
-66.11_18.36,3,1,5,9
-66.11_18.4,3,1,2,4
-66.11_18.41,3,2,6,11
-66.11_18.44,3,3,35,68
-66.11_18.46,3,32,54,140
-66.11_18.47,3,35,51,130
-66.12_18.19,3,2,6,10
-66.12_18.29,3,1,2,5
-66.12_18.3,3,4,18,29
-66.12_18.35,3,2,17,35
-66.12_18.37,3,3,3,9
-66.12_18.38,3,1,10,13
-66.12_18.39,3,6,20,35
-66.12_18.4,3,1,22,33
-66.12_18.41,3,1,7,13
-66.12_18.42,3,2,3,7
-66.12_18.44,3,42,147,252
-66.12_18.46,3,30,192,367
-66.12_18.47,3,239,554,1292
-66.13_18.36,3,2,41,59
-66.13_18.37,3,8,224,334
-66.13_18.38,3,2,33,45
-66.13_18.4,3,3,37,77
-66.13_18.44,3,33,148,244
-66.13_18.45,3,26,96,205
-66.13_18.46,3,2,18,29
-66.13_18.47,3,1,4,6
-66.14_18.19,3,2,51,67
-66.14_18.36,3,1,4,7
-66.14_18.37,3,4,8,18
-66.14_18.39,3,42,165,365
-66.14_18.41,3,149,216,561
-66.14_18.43,3,1,4,9
-66.14_18.45,3,4,22,36
-66.14_18.46,3,10,25,47
-66.14_18.47,3,12,37,84
-66.15_18.08,3,2,11,19
-66.15_18.11,3,1,1,3
-66.15_18.18,3,19,152,255
-66.15_18.37,3,1,5,8
-66.15_18.39,3,2,4,9
-66.15_18.41,3,3,116,175
-66.16_17.93,3,1,4,6
-66.16_17.94,3,1,4,7
-66.16_17.95,3,2,12,18
-66.16_18.12,3,2,5,9
-66.16_18.4,3,1,2,4
-66.16_18.42,3,2,9,14
-66.16_18.43,3,1,12,24
-66.16_18.44,3,1,64,119
-66.16_18.45,3,2,5,11
-66.17_17.94,3,68,102,268
-66.17_18.08,3,1,4,8
-66.17_18.37,3,2,3,7
-66.17_18.4,3,1,223,267
-66.17_18.43,3,3,7,16
-66.17_18.45,3,1,11,16
-66.18_17.94,3,4,6,14
-66.18_18.08,3,12,26,63
-66.18_18.19,3,1,2,4
-66.18_18.35,3,2,48,95
-66.18_18.4,3,1,11,15
-66.18_18.46,3,8,30,48
-66.19_18.41,3,1,24,26
-66.19_18.43,3,1,1,3
-66.19_18.47,3,2,119,229
-66.1_18.06,3,1,6,8
-66.1_18.07,3,1,3,6
-66.1_18.14,3,91,1471,1940
-66.1_18.15,3,1,11,19
-66.1_18.26,3,1,2,4
-66.1_18.28,3,1,5,7
-66.1_18.37,3,5,21,39
-66.1_18.38,3,70,346,530
-66.1_18.39,3,3,5,12
-66.1_18.41,3,1,15,22
-66.1_18.45,3,1,6,10
-66.1_18.46,3,2,15,27
-66.1_18.47,3,1,10,13
-66.21_18.42,3,1,4,7
-66.21_18.47,3,1,14,17
-66.22_17.96,3,23,198,365
-66.22_18.45,3,1,29,49
-66.23_18.22,3,1,5,7
-66.23_18.34,3,8,69,99
-66.23_18.45,3,1,15,22
-66.23_18.47,3,2,37,58
-66.24_18.3,3,1,2,5
-66.24_18.34,3,6,13,28
-66.24_18.42,3,1,1,3
-66.24_18.45,3,60,140,281
-66.24_18.47,3,2,12,25
-66.25_17.95,3,14,31,65
-66.25_18.39,3,1,3,5
-66.25_18.45,3,18,141,200
-66.25_18.46,3,3,6,14
-66.25_18.47,3,1,24,43
-66.26_17.94,3,1,4,8
-66.26_17.95,3,17,96,202
-66.26_18.14,3,5,52,74
-66.26_18.43,3,1,5,10
-66.26_18.48,3,11,49,74
-66.27_18.42,3,2,4,8
-66.27_18.43,3,1,3,7
-66.27_18.45,3,1,10,13
-66.27_18.46,3,3,7,14
-66.27_18.47,3,7,38,59
-66.27_18.48,3,10,52,77
-66.28_17.96,3,5,11,25
-66.28_17.99,3,1,2,4
-66.28_18.17,3,3,20,32
-66.28_18.47,3,14,113,163
-66.29_18.18,3,1,10,13
-66.29_18.29,3,4,22,31
-66.29_18.45,3,1,9,15
-66.29_18.46,3,3,174,310
-66.29_18.47,3,2,25,39
-66.2_17.93,3,17,37,72
-66.2_17.94,3,12,107,199
-66.2_18.22,3,24,50,116
-66.2_18.23,3,1,3,6
-66.2_18.47,3,1,6,13
-66.31_17.97,3,1,2,5
-66.31_18.09,3,1,2,4
-66.31_18.16,3,1,9,12
-66.31_18.35,3,2,6,11
-66.31_18.47,3,3,35,46
-66.31_18.48,3,1,18,26
-66.32_18.37,3,1,36,43
-66.32_18.47,3,5,35,67
-66.32_18.48,3,2,10,20
-66.33_18.19,3,3,7,14
-66.33_18.2,3,1,1,3
-66.33_18.47,3,1,7,13
-66.33_18.48,3,4,11,22
-66.34_18.19,3,1,6,8
-66.34_18.42,3,1,3,6
-66.34_18.48,3,11,156,283
-66.36_17.96,3,2,5,9
-66.36_18.05,3,14,94,125
-66.36_18.08,3,1,4,8
-66.37_18.04,3,11,19,46
-66.37_18.43,3,1,2,5
-66.38_17.95,3,1,2,4
-66.38_18.01,3,1,3,6
-66.38_18.44,3,2,41,49
-66.38_18.49,3,31,84,158
-66.39_17.98,3,1,2,4
-66.39_18.01,3,5,19,31
-66.39_18.23,3,1,1,3
-66.39_18.35,3,1,6,8
-66.39_18.36,3,1,3,7
-66.39_18.49,3,2,9,18
-66.3_17.96,3,3,20,34
-66.3_18.16,3,1,2,4
-66.3_18.44,3,2,7,14
-66.3_18.47,3,4,52,64
-66.41_18.33,3,8,102,146
-66.41_18.45,3,3,12,22
-66.42_18.45,3,3,4,11
-66.42_18.46,3,5,39,65
-66.42_18.47,3,2,10,14
-66.42_18.49,3,2,8,17
-66.43_18.36,3,1,3,5
-66.43_18.37,3,1,1,3
-66.43_18.46,3,11,72,139
-66.44_18.44,3,2,4,10
-66.44_18.45,3,1,21,34
-66.44_18.46,3,8,53,80
-66.45_18.18,3,1,1,3
-66.45_18.36,3,1,12,15
-66.45_18.47,3,4,12,23
-66.46_17.99,3,2,3,7
-66.46_18.34,3,1,1,3
-66.46_18.47,3,3,9,18
-66.47_17.99,3,7,12,27
-66.47_18.21,3,2,15,24
-66.47_18.43,3,1,5,10
-66.47_18.45,3,12,20,47
-66.47_18.46,3,1,3,5
-66.47_18.47,3,1,2,4
-66.48_18.21,3,1,5,9
-66.48_18.43,3,1,55,103
-66.48_18.44,3,1,2,4
-66.48_18.46,3,6,51,98
-66.48_18.47,3,4,18,33
-66.49_18.05,3,1,1,3
-66.49_18.1,3,6,13,26
-66.49_18.11,3,2,9,14
-66.49_18.17,3,2,7,13
-66.49_18.18,3,4,17,38
-66.49_18.19,3,1,9,12
-66.49_18.45,3,7,55,76
-66.49_18.47,3,6,24,41
-66.4_17.95,3,1,6,12
-66.4_18.49,3,19,43,98
-66.51_18.05,3,1,5,7
-66.51_18.31,3,2,84,94
-66.51_18.36,3,1,6,12
-66.51_18.43,3,9,34,65
-66.51_18.45,3,1,3,5
-66.51_18.46,3,6,35,52
-66.51_18.47,3,9,21,41
-66.51_18.48,3,6,16,32
-66.52_18.16,3,2,17,34
-66.52_18.46,3,7,64,88
-66.52_18.47,3,189,621,1050
-66.52_18.48,3,45,55,151
-66.53_18.13,3,1,1,3
-66.53_18.15,3,1,5,7
-66.53_18.37,3,1,8,10
-66.53_18.43,3,1,2,5
-66.53_18.47,3,7,39,54
-66.53_18.48,3,129,167,433
-66.54_18.15,3,4,8,16
-66.54_18.3,3,1,7,9
-66.54_18.36,3,4,38,66
-66.54_18.44,3,9,40,64
-66.54_18.45,3,22,95,187
-66.54_18.46,3,20,69,115
-66.54_18.48,3,36,89,183
-66.55_18.04,3,1,6,10
-66.55_18.15,3,6,11,24
-66.55_18.31,3,6,20,34
-66.55_18.36,3,1,10,19
-66.55_18.43,3,1,8,11
-66.55_18.45,3,4,8,19
-66.55_18.46,3,4,6,15
-66.55_18.47,3,15,21,53
-66.55_18.48,3,57,142,339
-66.56_18.01,3,3,12,23
-66.56_18.06,3,11,42,76
-66.56_18.21,3,2,5,10
-66.56_18.31,3,1,7,15
-66.56_18.35,3,15,33,70
-66.56_18.41,3,1,4,7
-66.56_18.43,3,3,8,16
-66.56_18.45,3,3,43,49
-66.56_18.47,3,1,23,27
-66.56_18.48,3,2,17,25
-66.56_18.49,3,43,92,196
-66.57_18.16,3,5,7,19
-66.57_18.17,3,5,14,29
-66.57_18.35,3,1,1,3
-66.57_18.36,3,2,6,11
-66.57_18.45,3,3,4,10
-66.58_18.04,3,1,6,10
-66.58_18.07,3,7,78,93
-66.58_18.08,3,3,10,19
-66.58_18.1,3,20,70,142
-66.58_18.11,3,2,10,17
-66.58_18.17,3,10,26,57
-66.58_18.36,3,3,40,46
-66.58_18.46,3,2,4,10
-66.58_18.48,3,3,8,16
-66.59_18.17,3,9,14,35
-66.59_18.22,3,1,5,8
-66.59_18.36,3,5,23,50
-66.59_18.37,3,1,4,7
-66.59_18.46,3,1,2,4
-66.59_18.48,3,2,26,33
-66.5_18.17,3,1,4,6
-66.5_18.46,3,1,13,21
-66.5_18.48,3,1,3,5
-66.61_17.96,3,7,50,71
-66.61_17.97,3,12,45,98
-66.61_17.99,3,11,41,75
-66.61_18.01,3,6,49,78
-66.61_18.02,3,1,2,4
-66.61_18.22,3,1,2,4
-66.61_18.46,3,2,5,10
-66.61_18.48,3,1,20,24
-66.62_17.97,3,1,71,93
-66.62_17.98,3,1,7,10
-66.62_18,3,1,13,19
-66.62_18.01,3,2,7,13
-66.62_18.04,3,1,27,37
-66.62_18.25,3,1,1,3
-66.62_18.44,3,1,1,3
-66.62_18.48,3,3,5,13
-66.62_18.49,3,3,9,19
-66.63_18.37,3,2,7,12
-66.63_18.38,3,6,16,32
-66.63_18.47,3,13,26,63
-66.63_18.48,3,4,14,30
-66.63_18.49,3,22,106,198
-66.64_17.98,3,1,10,12
-66.64_18,3,1,4,6
-66.64_18.04,3,1,6,8
-66.64_18.22,3,2,3,8
-66.64_18.28,3,11,24,52
-66.64_18.3,3,1,2,5
-66.64_18.34,3,2,22,32
-66.64_18.47,3,2,4,8
-66.64_18.49,3,58,74,201
-66.65_17.99,3,1,2,5
-66.65_18.08,3,18,29,65
-66.65_18.27,3,1,7,11
-66.65_18.31,3,2,2,6
-66.65_18.33,3,1,15,19
-66.65_18.45,3,1,3,6
-66.65_18.48,3,1,1,3
-66.66_18.11,3,4,5,14
-66.66_18.33,3,1,9,12
-66.66_18.48,3,1,16,20
-66.66_18.49,3,2,66,105
-66.67_17.97,3,73,177,331
-66.67_17.98,3,3,7,16
-66.67_18.09,3,1,4,6
-66.67_18.33,3,2,8,16
-66.67_18.34,3,18,39,85
-66.67_18.45,3,1,9,19
-66.67_18.47,3,1,4,6
-66.67_18.48,3,10,56,86
-66.68_18.32,3,4,49,79
-66.68_18.33,3,5,8,21
-66.68_18.37,3,1,4,8
-66.68_18.45,3,5,14,28
-66.68_18.48,3,7,25,40
-66.69_18.26,3,1,4,7
-66.69_18.32,3,1,5,10
-66.69_18.37,3,4,15,31
-66.69_18.38,3,1,5,10
-66.69_18.45,3,1,8,11
-66.69_18.46,3,1,23,35
-66.69_18.48,3,13,51,87
-66.6_17.97,3,27,76,130
-66.6_17.99,3,1,2,5
-66.6_18,3,1,6,11
-66.6_18.01,3,1,3,5
-66.6_18.17,3,2,3,7
-66.6_18.35,3,1,4,8
-66.6_18.36,3,2,45,85
-66.6_18.37,3,3,14,26
-66.6_18.38,3,1,9,14
-66.6_18.45,3,152,332,765
-66.6_18.47,3,1,1,3
-66.6_18.49,3,2,7,12
-66.71_18.14,3,2,4,8
-66.71_18.24,3,3,35,72
-66.71_18.26,3,2,5,12
-66.71_18.27,3,10,17,38
-66.71_18.28,3,2,5,11
-66.71_18.33,3,7,23,53
-66.71_18.34,3,145,326,640
-66.71_18.42,3,1,2,5
-66.71_18.43,3,1,1,3
-66.71_18.47,3,7,49,70
-66.72_18.06,3,1,2,4
-66.72_18.16,3,4,12,22
-66.72_18.25,3,2,7,16
-66.72_18.26,3,3,8,14
-66.72_18.33,3,9,16,37
-66.72_18.4,3,1,3,5
-66.72_18.45,3,3,4,10
-66.72_18.46,3,1,3,5
-66.72_18.47,3,7,12,28
-66.73_18.14,3,1,3,5
-66.73_18.17,3,1,9,12
-66.73_18.3,3,1,4,7
-66.73_18.41,3,1,3,6
-66.73_18.47,3,2,18,23
-66.74_18.04,3,8,8,24
-66.74_18.12,3,1,5,8
-66.74_18.13,3,1,4,7
-66.74_18.14,3,5,16,28
-66.74_18.24,3,3,9,16
-66.74_18.38,3,1,3,6
-66.74_18.45,3,2,6,14
-66.74_18.47,3,3,20,41
-66.75_18.04,3,1,4,7
-66.75_18.19,3,5,220,279
-66.75_18.31,3,1,1,3
-66.75_18.35,3,13,28,59
-66.76_17.98,3,18,38,92
-66.76_18.13,3,2,8,14
-66.76_18.4,3,1,2,5
-66.76_18.41,3,6,28,43
-66.77_18.05,3,1,5,7
-66.77_18.13,3,1,3,6
-66.77_18.15,3,4,20,35
-66.77_18.29,3,1,17,20
-66.77_18.48,3,2,4,8
-66.78_18,3,1,3,5
-66.78_18.29,3,1,19,24
-66.78_18.3,3,2,9,15
-66.79_18.28,3,1,3,5
-66.79_18.49,3,18,118,206
-66.7_18.14,3,7,18,32
-66.7_18.2,3,2,5,12
-66.7_18.27,3,1,5,8
-66.7_18.33,3,3,9,15
-66.7_18.38,3,1,1,3
-66.7_18.47,3,19,89,156
-66.7_18.48,3,75,185,370
-66.81_18.08,3,1,4,7
-66.81_18.27,3,1,2,4
-66.81_18.49,3,1,3,6
-66.82_17.96,3,1,2,5
-66.82_18.21,3,3,11,21
-66.82_18.35,3,1,4,8
-66.82_18.48,3,1,84,88
-66.83_18.35,3,1,2,4
-66.83_18.49,3,3,18,37
-66.84_18.14,3,1,3,5
-66.84_18.19,3,1,1,3
-66.84_18.34,3,1,1,3
-66.84_18.43,3,1,11,16
-66.84_18.48,3,2,35,53
-66.84_18.49,3,118,261,571
-66.85_17.95,3,31,86,180
-66.85_17.96,3,4,17,26
-66.85_18.03,3,1,9,15
-66.85_18.47,3,2,7,14
-66.85_18.48,3,1,3,5
-66.85_18.49,3,46,97,226
-66.86_17.95,3,1,2,4
-66.86_17.96,3,11,24,56
-66.86_18.1,3,8,14,30
-66.86_18.49,3,9,46,75
-66.87_17.94,3,3,15,21
-66.87_17.95,3,16,31,75
-66.87_17.96,3,1,5,10
-66.87_17.97,3,112,149,381
-66.87_17.98,3,1,1,3
-66.87_18.3,3,1,1,3
-66.87_18.45,3,19,708,862
-66.87_18.49,3,183,317,749
-66.88_17.95,3,61,81,204
-66.88_17.96,3,1,5,8
-66.88_17.98,3,56,67,189
-66.88_18.02,3,1,20,25
-66.88_18.14,3,1,7,9
-66.88_18.29,3,2,3,7
-66.88_18.47,3,2,11,20
-66.88_18.48,3,2,44,58
-66.88_18.49,3,1,4,7
-66.89_18.48,3,138,434,967
-66.8_18.03,3,3,11,22
-66.8_18.49,3,1,12,19
-66.91_17.97,3,3,15,26
-66.91_17.98,3,1,3,6
-66.91_18.07,3,22,53,108
-66.91_18.36,3,1,1,3
-66.91_18.43,3,1,3,5
-66.91_18.48,3,3,14,28
-66.92_18.07,3,1,4,6
-66.92_18.12,3,1,3,5
-66.92_18.15,3,1,2,5
-66.92_18.16,3,1,3,5
-66.92_18.37,3,17,54,100
-66.92_18.38,3,3,13,26
-66.92_18.4,3,1,10,15
-66.92_18.48,3,1,9,13
-66.93_17.97,3,6,24,38
-66.93_18.38,3,3,92,115
-66.93_18.4,3,1,1,3
-66.93_18.46,3,5,11,23
-66.94_18.46,3,12,83,150
-66.94_18.47,3,1,4,8
-66.94_18.49,3,1,4,6
-66.95_17.93,3,1,17,30
-66.95_17.94,3,17,33,79
-66.95_18.12,3,1,6,10
-66.95_18.15,3,1,4,9
-66.95_18.46,3,7,31,59
-66.95_18.48,3,12,14,40
-66.95_18.49,3,100,238,551
-66.96_17.93,3,1,4,7
-66.96_17.94,3,5,14,31
-66.96_18.07,3,4,12,20
-66.96_18.08,3,2,7,14
-66.96_18.13,3,1,5,7
-66.96_18.14,3,6,65,78
-66.96_18.42,3,1,1,3
-66.96_18.49,3,39,91,177
-66.97_17.95,3,2,13,21
-66.97_18.09,3,10,27,49
-66.97_18.14,3,8,85,130
-66.97_18.18,3,1,1,3
-66.97_18.41,3,2,4,8
-66.97_18.42,3,39,52,137
-66.97_18.49,3,1,72,87
-66.98_18.14,3,57,108,248
-66.98_18.17,3,2,4,9
-66.98_18.18,3,3,12,26
-66.98_18.36,3,1,14,24
-66.98_18.45,3,1,11,14
-66.99_17.97,3,2,3,7
-66.99_18.12,3,2,10,16
-66.99_18.13,3,2,2,6
-66.99_18.15,3,160,268,654
-66.99_18.16,3,2,3,8
-66.99_18.17,3,13,66,133
-66.99_18.18,3,8,181,264
-66.99_18.2,3,1,4,6
-66.99_18.34,3,1,4,8
-66.9_17.95,3,19,34,78
-66.9_17.96,3,2,29,43
-66.9_17.97,3,4,11,21
-66.9_17.98,3,2,6,11
-66.9_18.02,3,2,11,20
-66.9_18.46,3,2,4,9
-66.9_18.48,3,9,30,54
-66_18.22,3,7,18,33
-66_18.39,3,2,32,43
-66_18.4,3,3,8,18
-66_18.43,3,2,4,10
-66_18.44,3,8,57,98
-66_18.45,3,1,16,29
-67.01_17.98,3,28,38,104
-67.01_18.18,3,9,36,55
-67.01_18.21,3,4,9,22
-67.01_18.5,3,2,22,34
-67.01_18.51,3,8,22,41
-67.02_18.02,3,1,12,17
-67.02_18.47,3,2,9,13
-67.02_18.49,3,1,2,5
-67.02_18.51,3,20,57,133
-67.03_17.97,3,16,147,187
-67.03_18.09,3,2,3,7
-67.03_18.51,3,1,22,35
-67.04_17.96,3,1,7,13
-67.04_17.97,3,7,63,109
-67.04_18,3,1,5,9
-67.04_18.03,3,23,110,159
-67.04_18.08,3,5,9,20
-67.04_18.09,3,1,4,6
-67.04_18.51,3,11,84,132
-67.05_17.97,3,74,159,315
-67.05_17.98,3,117,151,409
-67.05_18,3,1,4,9
-67.05_18.01,3,2,4,8
-67.05_18.02,3,1,7,10
-67.05_18.03,3,8,37,56
-67.05_18.04,3,1,7,9
-67.05_18.05,3,1,20,28
-67.05_18.08,3,3,5,12
-67.05_18.51,3,7,21,44
-67.06_17.97,3,23,29,81
-67.06_17.98,3,66,79,214
-67.06_17.99,3,1,15,29
-67.06_18.02,3,5,8,20
-67.06_18.44,3,1,3,5
-67.06_18.51,3,11,30,69
-67.07_17.97,3,3,15,25
-67.07_18.02,3,21,79,139
-67.07_18.24,3,1,3,6
-67.07_18.51,3,1,37,66
-67.09_18.01,3,2,5,9
-67.09_18.44,3,1,16,20
-67.09_18.52,3,2,7,12
-67.11_18.01,3,144,308,691
-67.11_18.02,3,11,23,54
-67.11_18.03,3,2,12,24
-67.11_18.23,3,6,29,46
-67.11_18.47,3,1,8,13
-67.11_18.51,3,9,25,53
-67.12_18.19,3,2,4,9
-67.12_18.23,3,8,22,38
-67.12_18.51,3,3,42,52
-67.13_17.95,3,35,90,166
-67.13_17.96,3,1,14,21
-67.13_17.99,3,11,39,77
-67.13_18,3,3,20,28
-67.13_18.11,3,1,1,3
-67.13_18.17,3,2,6,11
-67.13_18.21,3,1,3,6
-67.13_18.22,3,1,3,5
-67.13_18.26,3,1,4,6
-67.13_18.27,3,1,2,4
-67.13_18.29,3,1,6,10
-67.13_18.46,3,24,84,137
-67.13_18.5,3,1,15,25
-67.14_17.95,3,1,11,14
-67.14_17.98,3,1,9,12
-67.14_18.08,3,4,14,22
-67.14_18.19,3,1,5,9
-67.14_18.2,3,4,7,16
-67.14_18.21,3,20,56,96
-67.14_18.26,3,1,2,4
-67.14_18.4,3,1,3,5
-67.14_18.5,3,18,76,117
-67.14_18.51,3,7,34,54
-67.15_17.98,3,2,3,8
-67.15_18.01,3,17,79,122
-67.15_18.02,3,28,86,176
-67.15_18.03,3,1,2,4
-67.15_18.08,3,50,93,212
-67.15_18.19,3,4,5,14
-67.15_18.2,3,7,18,35
-67.15_18.21,3,4,9,19
-67.15_18.23,3,10,133,159
-67.15_18.25,3,1,5,7
-67.15_18.41,3,1,2,4
-67.15_18.42,3,2,7,12
-67.15_18.43,3,1,10,14
-67.15_18.47,3,1,3,5
-67.15_18.49,3,5,42,66
-67.16_17.96,3,4,12,20
-67.16_17.99,3,1,5,7
-67.16_18,3,1,59,101
-67.16_18.01,3,177,345,750
-67.16_18.02,3,2,7,16
-67.16_18.03,3,2,5,9
-67.16_18.08,3,1,3,6
-67.16_18.19,3,2,7,15
-67.16_18.21,3,35,179,296
-67.16_18.22,3,1,4,7
-67.16_18.24,3,1,7,12
-67.16_18.27,3,1,3,5
-67.16_18.28,3,2,12,17
-67.16_18.38,3,6,14,27
-67.16_18.41,3,8,124,234
-67.16_18.42,3,5,8,21
-67.16_18.43,3,22,66,131
-67.16_18.45,3,1,3,5
-67.16_18.46,3,18,62,135
-67.16_18.47,3,1,2,4
-67.16_18.49,3,7,111,217
-67.17_17.97,3,9,43,64
-67.17_17.98,3,62,154,308
-67.17_18,3,1,6,10
-67.17_18.01,3,2,22,33
-67.17_18.02,3,26,37,91
-67.17_18.03,3,12,23,47
-67.17_18.11,3,1,4,7
-67.17_18.17,3,1,6,12
-67.17_18.18,3,8,13,31
-67.17_18.25,3,1,2,4
-67.17_18.39,3,1,3,7
-67.17_18.47,3,1,29,48
-67.17_18.48,3,4,4,12
-67.18_17.97,3,102,297,574
-67.18_17.98,3,9,64,92
-67.18_18,3,8,19,40
-67.18_18.03,3,33,159,290
-67.18_18.1,3,1,3,7
-67.18_18.12,3,3,14,28
-67.18_18.13,3,1,20,29
-67.18_18.16,3,2,26,35
-67.18_18.17,3,3,7,13
-67.18_18.25,3,3,14,26
-67.18_18.41,3,9,59,101
-67.19_17.93,3,44,80,192
-67.19_17.94,3,147,286,658
-67.19_17.95,3,5,41,84
-67.19_17.97,3,2,5,9
-67.19_17.98,3,11,264,327
-67.19_18.06,3,1,7,9
-67.19_18.09,3,2,15,19
-67.19_18.1,3,1,11,20
-67.19_18.27,3,18,160,247
-67.19_18.28,3,4,23,36
-67.19_18.29,3,1,3,5
-67.1_17.99,3,3,8,14
-67.1_18.01,3,191,302,784
-67.1_18.02,3,1,10,14
-67.1_18.03,3,1,5,9
-67.1_18.51,3,15,55,96
-67.21_17.95,3,1,5,8
-67.21_17.96,3,3,10,22
-67.21_17.97,3,63,88,225
-67.21_17.98,3,20,61,120
-67.21_17.99,3,3,9,17
-67.21_18.3,3,1,6,9
-67.22_18.3,3,2,9,15
-67.24_18.31,3,27,36,90
-67.25_18.32,3,3,7,13
-67.25_18.33,3,4,15,32
-67.25_18.34,3,13,46,102
-67.25_18.35,3,1,7,9
-67.25_18.37,3,2,21,31
-67.26_18.34,3,1,18,32
-67.26_18.35,3,6,98,130
-67.26_18.36,3,2,11,16
-67.27_18.35,3,1,13,16
-67.27_18.36,3,88,201,463
-67.2_17.94,3,1,2,4
-67.2_17.95,3,67,175,358
-67.2_17.96,3,107,233,556
-67.2_18,3,1,2,5
-67.2_18.04,3,90,139,324
-67.2_18.05,3,6,27,55
-67.2_18.06,3,4,9,18
-67.2_18.29,3,1,9,14
-67.89_18.09,3,1,4,7
-67.93_18.07,3,2,6,11
-67.93_18.08,3,1,13,15
-67.94_18.08,3,2,6,12
-67.94_18.09,3,9,12,32
-67_17.97,3,19,45,105
-67_18.16,3,72,251,494
-67_18.21,3,1,15,22
