term,estimate,std.error,statistic,p.value,conf_low_logit,conf_high_logit,odds_ratio,odds_ratio_conf_low_95,odds_ratio_conf_high_95,percent_change_in_odds
(Intercept),-4.72503223280346,0.07780050505580234,-60.73266785883247,0,-4.877521222712832,-4.5725432428940875,0.00887042798655833,0.007615868692002273,0.01033165037986369,-99.11295720134416
PeriodInter-Hurricanes,-0.5032688419043365,0.06889745542538117,-7.304607097563969,2.7807810441826e-13,-0.6383078545380836,-0.36822982927058945,0.6045512438372382,0.5281854348645164,0.6919581311796318,-39.54487561627617
PeriodPost-Fiona,-0.257621711079466,0.06566755959387524,-3.923119919070271,8.740961561853548e-5,-0.3863301278834615,-0.12891329427547055,0.7728875516104202,0.6795461515135609,0.8790501809242154,-22.711244838957978
Elevation_100m,0.35739158453840036,0.016528128044076027,21.623234257705054,1.0859416823142234e-103,0.32499645357201135,0.3897867155047894,1.4295955677827068,1.384025737624435,1.4766658103713273,42.95955677827068
NDVI,0.8711406474887153,0.0868473849035539,10.030706721407189,1.1171410929455845e-23,0.7009197730777497,1.041361521899681,2.3896350307627356,2.015605755057057,2.8330716787851076,138.96350307627355
Duration_min,0.011178977480580297,3.373508709598422e-4,33.137538518200614,8.562662654350526e-241,0.010517769773499008,0.011840185187661587,1.0112416957401256,1.0105732759436932,1.0119105576470262,1.1241695740125568
Distance_km,0.042098693239375935,0.01671200749073996,2.519068595601253,0.011766573108293463,0.009343158557525613,0.07485422792122626,1.042997410464447,1.0093869421161166,1.0777270369229723,4.299741046444705
PeriodInter-Hurricanes:Elevation_100m,0.03690230211345461,0.019838453628237933,1.8601400494707965,0.06286571423274562,-0.001981066997891738,0.07578567122480095,1.0375916453753031,0.9980208940201502,1.0787313462105657,3.759164537530313
PeriodPost-Fiona:Elevation_100m,0.04820914398777978,0.018898302514089985,2.550977472809346,0.010742126889059966,0.011168471060163408,0.08524981691539615,1.049390106006782,1.0112310712655397,1.0889890806131644,4.939010600678206
