term,beta,se,z,p,OR
Intercept,-4.725032331785801,0.07780961274276692,-60.72556031613246,0.0,0.008870427108542642
C(Period)[T.Inter-Huracanes],-0.5032688657817255,0.06890247073960838,-7.3040757519951,2.7917906810342425e-13,0.6045512294021332
C(Period)[T.Post-Fiona],-0.2576217160754479,0.065670861520096,-3.9229227409573855,8.748121047385888e-05,0.772887547749088
Elevation_100m,0.3573915834861423,0.016528458617715378,21.622801723512573,1.0961676409696985e-103,1.4295955662784035
C(Period)[T.Inter-Huracanes]:Elevation_100m,0.036902307088076104,0.01983907460511014,1.8600820765385309,0.06287391459459184,1.037591650536929
C(Period)[T.Post-Fiona]:Elevation_100m,0.04820914537187064,0.018898744030863186,2.550917949528349,0.01074396164055794,1.0493901074592333
veg,0.8711407710894803,0.08685932802061005,10.029328926914738,1.1328390238579369e-23,2.389635326123472
Duration_min,0.011178977555988467,0.0003373659165182176,33.13606090194593,8.992754377819803e-241,1.0112416958163815
Distance_km,0.04209869293671937,0.0167127967057321,2.518949621536442,0.01177054964287787,1.042997410148777
