site,elev_z,veg_z,elev_m,veg_raw
-65.23_18.32,-0.45457102553748424,1.0264293418990427,18.333333333333332,0.4903856800272836
-65.25_18.31,-0.49569610117922636,-0.13102570713934517,9.5,0.3244549206767502
-65.25_18.32,-0.5240956817167313,-1.6649809347468176,3.4,0.10454974514696032
-65.26_18.3,-0.5299485226705966,-1.806575921579426,2.142857142857143,0.0842509320700438
-65.26_18.31,-0.43857462456217666,0.5523035211364277,21.76923076923077,0.42241582017640106
-65.26_18.32,-0.47326424173827614,-0.4937669955776449,14.318181818181818,0.27245295525410707
-65.27_18.14,-0.5073352735306629,-1.4801151757585607,7.0,0.1310517814829017
-65.28_18.31,-0.5046900070871546,0.19265541737420175,7.568181818181818,0.37085728837352466
-65.28_18.32,-0.27338790926679,0.706008844992043,57.25,0.44445075027996833
-65.29_18.28,-0.491705527801591,-0.671582654739058,10.357142857142858,0.24696160906871378
-65.29_18.31,-0.5060655456377788,-0.26388932481334715,7.2727272727272725,0.305407821621783
-65.29_18.32,-0.23592235718419324,0.7649605204511745,65.29729729729729,0.45290196078878825
-65.31_18.12,-0.5399249561146849,0.45262297892234626,0.0,0.4081257895822999
-65.31_18.14,-0.5271218665281048,-1.9021418000024353,2.75,0.07055077257969905
-65.31_18.31,-0.3581814352492919,-0.04828610606018155,39.03703703703704,0.33631632717096516
-65.31_18.32,-0.5020447406436462,-2.2829189969688537,8.136363636363637,0.015963210420375892
-65.31_18.33,-0.46233047377177516,-0.2611427293384664,16.666666666666668,0.305801568811494
-65.32_18.32,-0.5018331193281655,0.12400532924898086,8.181818181818182,0.3610157301535638
-65.32_18.33,-0.5175777451999269,-0.7679386206885672,4.8,0.23314818399338202
-65.33_18.13,-0.516646611411812,-1.9821856004879765,5.0,0.05907583140863337
-65.33_18.15,-0.5249947074431871,0.20968460645392092,3.206896551724138,0.3732985635465598
-65.34_18.12,-0.5208588833104272,-0.690624823773989,4.095238095238095,0.24423175656146318
-65.38_18.11,-0.5158337168348862,-1.0086971808366443,5.174603174603175,0.19863345209195632
-65.38_18.12,-0.5180433120939844,0.07141091227464909,4.7,0.35347588525556983
-65.39_18.11,-0.5258077664239104,-0.18852201547212757,3.032258064516129,0.3162123490888193
-65.3_18.14,-0.5324354017320215,-1.6385791094321123,1.608695652173913,0.1083346652839011
-65.3_18.3,-0.48422622588017444,-0.8725020287970076,11.963636363636363,0.21815815416705933
-65.3_18.31,-0.5040763052722607,-0.8336819812917646,7.7,0.22372332921720084
-65.3_18.33,-0.09763640676009953,-0.5861145533793745,95.0,0.25921416865678837
-65.41_18.11,-0.5232421424109593,-0.009103834318669544,3.5833333333333335,0.3419334300628222
-65.42_18.1,-0.5222655222021606,-1.107576494784222,3.793103448275862,0.18445828420011262
-65.42_18.11,-0.5104390528243793,1.3138052092646901,6.333333333333333,0.5315833886818152
-65.42_18.12,-0.4483634669500514,1.2623584207501377,19.666666666666668,0.5242080658202853
-65.42_18.16,-0.5237670462621026,0.3062312417822845,3.4705882352941178,0.38713932265516093
-65.43_18.1,-0.45612291518434245,0.7896678261086529,18.0,0.4564439575105246
-65.43_18.15,-0.3571899501971325,0.6811087823829552,39.25,0.44088112025413334
-65.43_18.16,-0.518780459676242,-0.04852656904775617,4.541666666666667,0.33628185481183803
-65.44_18.09,-0.5299485226705966,-1.4767711133112127,2.142857142857143,0.13153118050722237
-65.44_18.1,-0.5282857837632484,-1.5629447582769862,2.5,0.11917747540476199
-65.44_18.11,-0.5298627038882818,-0.7221919145872324,2.161290322580645,0.23970635287215325
-65.44_18.12,-0.39236611552591827,0.49563857789098653,31.694444444444443,0.41429243165338026
-65.44_18.13,-0.1499231502465525,0.49063884638821814,83.76923076923077,0.41357567876911716
-65.44_18.15,-0.48365458706749337,-0.40649715667241826,12.08641975308642,0.28496380882891637
-65.44_18.16,-0.4820966471686006,-0.9652214854624298,12.421052631578947,0.20486605279012532
-65.45_18.09,-0.522586602818752,0.4044859751264584,3.7241379310344827,0.4012249517490319
-65.45_18.1,-0.5250482208792856,-0.8433234668144317,3.1954022988505746,0.222341142483148
-65.45_18.11,-0.4564742864251405,0.34936719461102317,17.92452830188679,0.39332321844802814
-65.45_18.14,-0.4581182018731601,0.191608847084746,17.571428571428573,0.3707072538620442
-65.46_18.09,-0.5381790802619695,0.03818494258363176,0.375,0.3487126675517215
-65.46_18.1,-0.5251328940376695,-1.1552671200026208,3.1772151898734178,0.17762143842976064
-65.46_18.14,-0.4579851827605722,0.3260729601553027,17.6,0.38998379717638715
-65.47_18.09,-0.4914868662466521,0.037554748086797346,10.404109589041095,0.34862232395566983
-65.47_18.1,-0.5061782433797508,0.10806459666346169,7.2485207100591715,0.3587304942260723
-65.47_18.14,-0.47646083739843137,0.2979692375213706,13.631578947368421,0.3859548959753432
-65.48_18.1,-0.47299128091106196,-0.45795469576423353,14.376811594202898,0.27758694478317364
-65.48_18.11,-0.29576098500899567,1.0473444061586745,52.44444444444444,0.493384027563414
-65.49_18.1,-0.4474699547291331,0.4759204958299297,19.858585858585858,0.4114656814205781
-65.49_18.11,-0.20909859845503218,0.4558985142042234,71.05882352941177,0.4085953646703803
-65.49_18.12,-0.06908163725790872,1.5099030646979275,101.13333333333334,0.5596956389900075
-65.49_18.13,-0.44645344892314903,-0.6381340311987741,20.076923076923077,0.2517567460443402
-65.51_18.09,-0.51973265482385,-1.1592683549504996,4.337142857142857,0.17704782828931243
-65.51_18.13,-0.5281447028862614,-0.4470876166244766,2.5303030303030303,0.2791448305041615
-65.51_18.14,-0.5365059492364505,-1.9259143283996134,0.734375,0.06714278391361388
-65.51_18.15,-0.5310015906452503,-2.1506071002669285,1.9166666666666667,0.03493121570844273
-65.52_18.09,-0.5265787051517045,-0.9266368429246017,2.8666666666666667,0.2103974805901853
-65.52_18.13,-0.5281564596260103,0.552229216793791,2.5277777777777777,0.4224051680340073
-65.54_18.11,-0.14123039774911605,1.7548108427669162,85.63636363636364,0.5948051956156415
-65.55_18.1,0.37982131742936687,1.2487380105130783,197.55405405405406,0.5222554673023743
-65.55_18.11,-0.4053647684419805,1.6580018105694168,28.902439024390244,0.5809268197444861
-65.55_18.12,-0.499119387164943,1.180800500767255,8.764705882352942,0.5125160630897664
-65.56_18.12,-0.5294249368018997,-0.3060663011495793,2.25531914893617,0.29936140304475506
-65.57_18.11,-0.5176978914951675,-0.029022717978774565,4.774193548387097,0.3390778932591406
-65.57_18.34,-0.5233714665481976,-0.6167111649179792,3.5555555555555554,0.2548278912023232
-65.57_18.35,-0.48913584039932584,-0.846437417177419,10.909090909090908,0.22189473193032383
-65.57_18.38,-0.5147843438355821,-0.380614789099703,5.4,0.28867426039997157
-65.58_18.1,-0.5275098389398193,-1.7484367711272248,2.6666666666666665,0.0925856603953843
-65.61_18.22,-0.5073352735306629,0.9811402375451637,7.0,0.4838931121457162
-65.61_18.25,-0.5331205168938451,-0.42085561920386494,1.4615384615384615,0.282905404407139
-65.61_18.26,-0.532165507880394,-0.44006831340097985,1.6666666666666667,0.28015110570677443
-65.62_18.34,-0.5057833838838046,-1.4163897150523572,7.333333333333333,0.14018735361049992
-65.62_18.36,-0.5177920537702073,-1.1961424791558515,4.753968253968254,0.17176161744694474
-65.62_18.37,-0.5010168656827402,-0.5136915205444013,8.357142857142858,0.2695966097224346
-65.62_18.38,-0.3761784285190475,0.6672251146987219,35.17142857142857,0.43889078160268485
-65.63_18.25,-0.5241474113716266,0.07144403895187154,3.388888888888889,0.35348063423887666
-65.63_18.26,-0.5091975411068927,-0.035456515893872845,6.6,0.33815555508760897
-65.63_18.27,-0.5178412736305255,-0.058678482644745365,4.743396226415094,0.33482649398948133
-65.63_18.33,-0.517062296138649,-1.5153710471902864,4.910714285714286,0.1259975605668573
-65.63_18.34,-0.45845074965462973,-0.8847926276011439,17.5,0.21639619512239716
-65.63_18.35,-0.40646244648488017,-1.7214692568828422,28.666666666666668,0.09645167672153393
-65.63_18.36,-0.25825698520992263,-0.4640591659034178,60.5,0.2767118184735437
-65.63_18.37,-0.49199707654150954,0.16219262801219556,10.294520547945206,0.36649019543546846
-65.63_18.38,-0.5101286748950076,-0.43885937656199403,6.4,0.28032441680673154
-65.64_18.27,-0.5016994637604936,-0.007589537535739141,8.210526315789474,0.34215051703763166
-65.64_18.28,-0.468538032359208,0.4207954966810837,15.333333333333334,0.403563056627015
-65.64_18.29,-0.494113173739431,-0.7951456203449974,9.84,0.22924783545164662
-65.64_18.33,-0.40559832611333413,-0.38486184473931284,28.852272727272727,0.2880654098291698
-65.64_18.34,-0.40101499711223515,-0.5597984735950473,29.836734693877553,0.26298679646239553
-65.64_18.35,-0.4691097811764715,-0.5705938735163986,15.210526315789474,0.26143918655051973
-65.64_18.36,-0.44554184941030933,0.8482337491406795,20.272727272727273,0.4648398672167742
-65.64_18.37,-0.47299159474112196,1.061223494843145,14.376744186046512,0.49537370977735473
-65.64_18.38,-0.49595474945370277,0.7190600713497559,9.444444444444445,0.4463217515787144
-65.65_18.26,-0.41577378436602935,-0.6558398500326102,26.666666666666668,0.24921847039686493
-65.65_18.27,-0.4375002394220441,-0.6466495046339137,22.0,0.25053598246091124
-65.65_18.28,-0.32401830899553863,0.09827556401107615,46.375,0.3573271553900052
-65.65_18.32,-0.48056517712235897,-0.5269407564893887,12.75,0.2676972221108011
-65.65_18.33,-0.47474559094664076,-0.762318795731412,14.0,0.23395383240567463
-65.66_18.29,-0.2186837992150387,1.3692123792504194,69.0,0.5395264649998409
-65.66_18.33,-0.41810161883631664,-1.2584927608806344,26.166666666666668,0.1628231886060941
-65.66_18.34,-0.40646244648488017,-0.7929584426941348,28.666666666666668,0.22956138546703914
-65.67_18.2,-0.4835913619337325,0.7576621931372823,12.1,0.4518556851738614
-65.67_18.35,-0.3816322121351491,0.8534281300272742,34.0,0.4655845247009544
-65.68_18.27,0.11382107286341696,1.2759304645073026,140.41935483870967,0.5261537306030655
-65.69_18.36,-0.46170971791303195,1.294862697810826,16.8,0.5288678229134882
-65.6_18.23,-0.485719667735138,1.644403409768354,11.642857142857142,0.5789773764613557
-65.6_18.24,-0.5309126061471506,0.06926983342253605,1.9357798165137614,0.3531689438844508
-65.71_18.19,-0.5181279606201766,-1.4654378375309165,4.681818181818182,0.13315589937446126
-65.71_18.37,-0.5054975094751729,-0.6459359956657593,7.394736842105263,0.25063826987586324
-65.71_18.38,-0.5224661975875302,-1.4111378789059723,3.75,0.14094024778161976
-65.72_18.19,-0.45584905230548506,1.5860232000284462,18.058823529411764,0.5706080902923297
-65.72_18.33,0.32156778409747017,1.4169039713712799,185.04166666666666,0.546363449383662
-65.72_18.37,-0.40863509199048165,-0.9899907797810528,28.2,0.20131516948085076
-65.72_18.38,-0.5112558368490414,-0.4129092593835046,6.157894736842105,0.2840445808444101
-65.72_18.39,-0.5313895630569648,0.19460842470133197,1.8333333333333333,0.37113726813522435
-65.73_18.19,-0.5263028136589296,-0.4463326092291033,2.925925925925926,0.2792530670620595
-65.73_18.32,0.01898810020129376,1.1710703374288456,120.05,0.511121163657008
-65.73_18.33,0.01834692474193393,0.8687561616002374,119.91228070175438,0.46778192486812614
-65.73_18.34,-0.12291003815179014,0.6582715440342088,89.57142857142857,0.43760721315612133
-65.73_18.35,-0.3687548299590917,1.3414835277634694,36.765957446808514,0.5355513046798178
-65.73_18.38,-0.5291005258278489,-0.791289104011099,2.325,0.22980069898121794
-65.73_18.39,-0.5330426628981834,-0.19286370060131702,1.4782608695652173,0.3155899325976166
-65.74_18.16,-0.5164860711035164,-1.0934479410713904,5.0344827586206895,0.1864837292902201
-65.74_18.17,-0.5051367631976137,0.14433183372768066,7.472222222222222,0.3639297027746991
-65.74_18.18,-0.5170345838235265,0.8424085446347597,4.916666666666667,0.4640047759466273
-65.74_18.21,-0.4375002394220441,-0.2706691615411726,22.0,0.30443587592293675
-65.74_18.35,-0.17212710980929286,0.21616636058612432,79.0,0.3742277766386566
-65.74_18.38,-0.5151723162472968,-1.2572784588973995,5.316666666666666,0.1629972688438765
-65.75_18.16,-0.5213022803523866,-0.3703397273696319,4.0,0.29014727552627023
-65.75_18.32,0.15901082837121552,1.5412306717866766,150.125748502994,0.5641867107056564
-65.75_18.33,-0.07338813102794027,0.7577946524501848,100.20833333333333,0.4518746743124817
-65.75_18.38,-0.49528530686094036,-1.0236974944571098,9.588235294117647,0.19648303300517808
-65.75_18.39,-0.4981774192409612,-0.3453003809982091,8.967032967032967,0.2937368730320248
-65.76_18.16,-0.5218343568027379,-0.49563243521092026,3.8857142857142857,0.272185529045954
-65.76_18.33,0.5352815436721429,1.9220358277666663,230.94565217391303,0.618778281020939
-65.76_18.34,0.335354764740145,1.0106492775441775,188.0029985007496,0.48812347722020405
-65.76_18.35,-0.3141250124968176,1.7466235221124764,48.5,0.5936314754488271
-65.76_18.36,-0.3661133156665672,0.6471941054039507,37.333333333333336,0.43601917066142165
-65.76_18.38,-0.47908017927062396,0.8922301817993222,13.068965517241379,0.4711471199138257
-65.76_18.39,-0.4952229640917696,0.12283137716500096,9.601626016260163,0.3608474344077396
-65.76_18.4,-0.5132606703641214,-0.2418053269254658,5.7272727272727275,0.30857374546658034
-65.77_18.15,-0.5269192412604482,0.06481345563890409,2.7935222672064777,0.35253008525213914
-65.77_18.31,1.7750705328651188,1.384476561247041,497.24229074889865,0.5417147118018817
-65.77_18.32,1.6157999462403978,1.353835478854387,463.03225806451616,0.5373220590824872
-65.77_18.33,1.3549323026991702,1.0977794916313521,407.0,0.5006143144219345
-65.77_18.34,0.4279886166307709,0.8454982580431898,207.9,0.4644477119314522
-65.77_18.35,-0.39559921895687283,0.4495057928041323,31.0,0.40767891515718774
-65.77_18.36,-0.42850998215748626,0.5618799444467791,23.93103448275862,0.4237886797039213
-65.77_18.37,-0.4710598530353525,-0.32287221595441373,14.791666666666666,0.2969521360866444
-65.77_18.38,-0.15676340230539676,0.8900845748334891,82.3,0.47083952940013424
-65.77_18.39,-0.35544407434441705,0.30830473128288133,39.625,0.3874365745334306
-65.78_18.15,-0.5259579492929611,0.49735116092018716,3.0,0.4145379446024336
-65.78_18.16,-0.48405692882778995,2.0581663694078225,12.0,0.6382937206607615
-65.78_18.17,-0.5231645479286164,2.262693770529968,3.6,0.6676144160988987
-65.78_18.24,-0.3769765431945745,0.3643128493414871,35.0,0.3954658017306162
-65.78_18.3,2.370896377645415,1.6806336603950052,625.2208588957055,0.5841712826980903
-65.78_18.31,1.83855089425263,2.142099808405519,510.87735849056605,0.6503262736997414
-65.78_18.35,-0.03532206863240895,0.5957969844667955,108.38461538461539,0.4286509680581165
-65.78_18.39,-0.2646585300032127,0.27364719332410775,59.125,0.38246812967201077
-65.78_18.41,-0.5038435218252318,1.3692475711244523,7.75,0.5395315100462003
-65.79_18.09,-0.4989871774992877,-0.7439402286582428,8.793103448275861,0.23658855208032573
-65.79_18.25,0.003857176144426367,0.5314372897900161,116.8,0.41942447324247867
-65.79_18.26,1.447114547722547,2.1388135470951712,426.8,0.6498551609467206
-65.79_18.27,1.8213456820185512,0.4144717579075669,507.1818181818182,0.4026564963441809
-65.79_18.29,3.0056815143585744,1.4126903501335315,761.5675675675676,0.5457593919110405
-65.79_18.3,3.124763137468962,1.0217763220685985,787.1453362255966,0.4897186311303263
-65.79_18.31,4.262887626502795,0.6077703624145859,1031.6052631578948,0.43036745086798317
-65.79_18.42,-0.5209480446721255,-0.7361558699060533,4.076086956521739,0.23770450432389742
-65.7_18.35,-0.368829122548569,0.7181473465091598,36.75,0.4461909049199141
-65.7_18.36,-0.5163740844494369,2.396492603833914,5.058536585365854,0.686795586053433
-65.7_18.37,-0.5399249561146849,-2.2136944986890574,0.0,0.025887115089303858
-65.81_18.1,-0.5019036597666592,-0.11623696632447983,8.166666666666666,0.32657500905105685
-65.81_18.34,0.6626393373313649,1.2937617460930109,258.3010752688172,0.52870999237424
-65.81_18.35,-0.2451476016140942,1.895226377684003,63.31578947368421,0.6149349245003706
-65.81_18.39,-0.5276011265661051,-0.7167998316231694,2.6470588235294117,0.24047935258514544
-65.82_18.15,-0.4417510675851774,0.2612422883767194,21.08695652173913,0.3806897838958172
-65.82_18.32,1.1711558971501737,0.5281091052175444,367.5263157894737,0.4189473504429127
-65.82_18.34,0.21615567983462738,0.9725845420799266,162.4,0.48266658240143095
-65.82_18.37,-0.4200414808948894,0.2585428810928978,25.75,0.3803028015237821
-65.82_18.38,-0.504112118110265,0.06797303676065108,7.6923076923076925,0.3529830373518312
-65.82_18.39,-0.5329414527038231,2.1737540652013085,1.5,0.6548641733539576
-65.82_18.41,-0.5003912249413313,0.4152143311444506,8.491525423728813,0.4027629503625653
-65.83_18.04,-0.5060050824047844,-0.9260562180413827,7.285714285714286,0.21048071797193102
-65.83_18.05,-0.5082664073187778,-0.24737221175568833,6.8,0.30777568645956904
-65.83_18.34,0.15570957808950064,1.6297678649577185,149.41666666666666,0.5768792500019696
-65.83_18.36,-0.2504975369756317,0.902633294017673,62.166666666666664,0.47263849213725145
-65.83_18.42,-0.536343672314243,-1.1182874882637117,0.7692307692307693,0.18292277465015044
-65.84_18.02,-0.38539859599718695,1.6362491717432586,33.19101123595506,0.5778083989632203
-65.84_18.04,-0.4612441510189745,0.858480376002778,16.9,0.4663088059694473
-65.84_18.05,-0.5206950191862246,1.0707080413507013,4.130434782608695,0.4967333980049034
-65.84_18.15,-0.3991594363820181,-0.6721993798266921,30.235294117647058,0.24687319642393188
-65.84_18.3,1.7056593628891221,1.066066806468402,482.3333333333333,0.4960680385777845
-65.84_18.35,-0.33308023604058556,0.8740175793418061,44.42857142857143,0.46853619264020435
-65.84_18.43,-0.5182581891220108,-0.615380739076568,4.653846153846154,0.25501861875611315
-65.85_18.33,0.3838927808079001,1.5959428103288786,198.42857142857142,0.5720301485147891
-65.86_18.43,-0.5195564044996711,-0.19672394438990284,4.375,0.3150365347065707
-65.87_18.32,0.994810018701212,0.8604640182355722,329.64864864864865,0.4665931774983812
-65.88_17.99,-0.5004529803141613,1.7196494280393575,8.478260869565217,0.5897645158497793
-65.88_18.0,-0.500306126306658,-0.3660094874163207,8.509803921568627,0.29076805125680066
-65.88_18.04,-0.37842140596923557,0.20306269265860105,34.689655172413794,0.3723492574069183
-65.88_18.38,-0.45612291518434245,-0.948248395443312,18.0,0.20729928569859724
-65.88_18.43,-0.5291966755124913,-0.34920340754216467,2.3043478260869565,0.29317734187896455
-65.88_18.44,-0.535611615772682,-1.3447953276230844,0.9264705882352942,0.15045100150010493
-65.89_18.0,-0.4631064185952043,1.6022188168987679,16.5,0.5729298659912438
-65.89_18.34,-0.3176167642022486,0.2848805591088803,47.75,0.38407852561462485
-65.89_18.38,-0.49560988508773424,0.5422601674806923,9.518518518518519,0.42097602231996883
-65.89_18.41,-0.5276509198168065,0.361748554057209,2.6363636363636362,0.39509818878178266
-65.8_18.08,-0.49640870356808986,-0.5289725987153336,9.346938775510203,0.26740594071398865
-65.8_18.09,-0.5253143084256007,0.8307187533022878,3.1382488479262673,0.4623289476247777
-65.8_18.1,-0.5240180872343884,0.09424479922218854,3.4166666666666665,0.3567493119024856
-65.8_18.25,0.5324307898643275,1.943825669782545,230.33333333333334,0.6219020351873118
-65.8_18.26,1.5315643338967957,1.346654119344356,444.9391304347826,0.5362925517701655
-65.8_18.27,1.7679150788117461,1.8495534086747747,495.70535714285717,0.6083873264439356
-65.8_18.38,-0.5026796045900882,-0.8547713555911778,8.0,0.2206999928944326
-65.8_18.4,-0.5255699768812466,-0.4683178722043707,3.0833333333333335,0.27610129768402786
-65.8_18.41,-0.525928668356228,0.23260782242822556,3.006289308176101,0.37658479624867014
-65.8_18.42,-0.5301903756025744,0.13645785596451301,2.090909090909091,0.3628009029042963
-65.91_18.4,-0.4196535084831749,0.051115089246460584,25.833333333333332,0.3505663110742578
-65.91_18.41,-0.5379296694258672,1.1403817846025375,0.42857142857142855,0.506721705658126
-65.91_18.45,-0.535579665103482,-0.664563886854484,0.9333333333333333,0.24796780752606215
-65.92_18.21,0.015961915389920322,1.2798467622283571,119.4,0.5267151642891833
-65.94_18.37,-0.44614648174025406,-0.8861302101411601,20.142857142857142,0.21620444159663968
-65.95_17.97,-0.4986058942670855,-0.0897760710923443,8.875,0.3303683973494715
-65.95_18.15,0.3091526669226047,0.926288940246857,182.375,0.47602972477734157
-65.95_18.42,-0.5256254015114915,1.053896580654257,3.0714285714285716,0.4943233359973376
-65.96_18.21,-0.006471912621406552,-0.4546503912406322,114.5813953488372,0.27806064418012394
-65.96_18.4,-0.5074785248826805,-1.14918552515595,6.969230769230769,0.17849328537691317
-65.96_18.41,-0.5254591276207567,-0.8967940827668719,3.107142857142857,0.21467568721099697
-65.96_18.42,-0.526124223183696,-0.03127262070945144,2.9642857142857144,0.3387553510844996
-65.96_18.44,-0.5256419957121637,0.22822482323995277,3.067864271457086,0.37595645704521935
-65.96_18.45,-0.5290617285866775,-0.5887593385683766,2.3333333333333335,0.25883501681404963
-65.97_18.39,-0.46915878821795126,-1.8433749314590042,15.2,0.07897548948785527
-65.97_18.4,-0.5033642617872316,-0.02064617155643456,7.852941176470588,0.34027874050564805
-65.97_18.41,-0.5223766654925192,-0.528630840521625,3.769230769230769,0.2674549345791443
-65.97_18.45,-0.5375797928518149,-2.598893579998416,0.5037220843672456,-0.02933436078217074
-65.98_17.97,-0.5189744458820993,0.8953022935721855,4.5,0.4715875325585365
-65.98_18.35,-0.11160341358182328,1.3345867420730282,92.0,0.5345625933794148
-65.98_18.4,-0.46233047377177516,-1.2393264288223187,16.666666666666668,0.1655708409102099
-65.98_18.41,-0.5073352735306629,-0.9359699933110204,7.0,0.20905949624942163
-65.98_18.45,-0.527820216869191,0.0379741399695758,2.6,0.3486824472525812
-65.98_18.46,-0.531278713796475,-0.3558243657722828,1.8571428571428572,0.2922281727275021
-65.99_17.98,-0.38522977449832035,0.25763743971300707,33.22727272727273,0.38017299900934537
-65.99_18.43,-0.5083154143602575,-0.7027674689309897,6.7894736842105265,0.24249100789645098
-65.99_18.45,-0.5355279354485867,-0.019258932193062375,0.9444444444444444,0.3404776127479494
-65.99_18.46,-0.5239159892313057,-1.139506820093396,3.43859649122807,0.17988080784000465
-65.9_18.45,-0.5274544143095744,-0.4063843603682625,2.6785714285714284,0.2849799791125192
-66.01_18.02,-0.1147071928755397,0.7110395104153793,91.33333333333333,0.4451719377977265
-66.01_18.24,-0.27268955892570385,-0.3987234721762155,57.4,0.2860782308295617
-66.01_18.39,-0.33973119166997784,-0.7351239381234034,43.0,0.237852440284292
-66.01_18.43,-0.5309461660150053,-1.1894189612597967,1.9285714285714286,0.17272548937521198
-66.01_18.44,-0.5037419719993469,-1.3889422634550679,7.771812080536913,0.14412217292772436
-66.02_17.98,-0.5150947217649539,0.9900193135575669,5.333333333333333,0.4851660011674481
-66.02_18.02,-0.2186837992150387,-0.574584733742177,69.0,0.2608670637123366
-66.02_18.24,-0.2645753930578453,-1.0448591751305465,59.142857142857146,0.1934493309653502
-66.02_18.33,0.2463504813027846,1.5744963711479638,168.885598923284,0.5689556239865055
-66.02_18.38,-0.17755872357329655,-0.029571405737377175,77.83333333333333,0.33899923432849194
-66.02_18.43,-0.5250268155048462,-0.9365436308742522,3.2,0.20897726055781693
-66.02_18.44,-0.514834991280124,-1.265248097353891,5.389121338912134,0.16185475522148268
-66.02_18.45,-0.5261796478139409,-1.9447051035147207,2.9523809523809526,0.06444897080508302
-66.03_18.09,2.291009146726302,0.9549091810581671,608.0617283950618,0.4801326731333587
-66.03_18.24,-0.258096444901627,-0.8666225162863904,60.53448275862069,0.21900103093908446
-66.03_18.39,-0.24521732707961413,0.3458990632012253,63.300813008130085,0.39282603311125563
-66.03_18.4,-0.36310264975166223,-0.22804330998210642,37.98,0.31054664447765096
-66.03_18.43,-0.5282106923287231,-0.2199601170744817,2.5161290322580645,0.3117054370702906
-66.03_18.44,-0.5242287008293192,-0.49603093155812367,3.3714285714285714,0.27212840129698024
-66.03_18.45,-0.5334786452738893,-1.8155688199073179,1.3846153846153846,0.08296172567749403
-66.04_17.96,-0.5165836969666691,-0.5133864302385447,5.013513513513513,0.26964034694243577
-66.04_18.09,2.2879283583903165,0.3332842555669064,607.4,0.3910175960479222
-66.04_18.16,0.229513868410276,0.3227774365632068,165.26923076923077,0.38951135659863134
-66.04_18.18,0.032536096818365785,-0.019397042827024234,122.96,0.3404578134456899
-66.04_18.25,-0.25592915073963535,-1.11462974346225,61.0,0.18344714263569015
-66.04_18.37,-0.2850270816182265,-0.6240664610088688,54.75,0.2537734486417907
-66.04_18.38,-0.1644589492012877,0.756204263621962,80.6470588235294,0.4516466789133093
-66.04_18.39,-0.37342936685889866,-1.510199987271941,35.76190476190476,0.1267388747972553
-66.04_18.4,-0.42826280104788816,0.19564727152134617,23.984126984126984,0.3712861954234478
-66.04_18.42,-0.5143187769415247,-1.116983567705955,5.5,0.18310970245219435
-66.04_18.43,-0.5248835641528286,-1.0738514640957673,3.230769230769231,0.18929304642772957
-66.04_18.45,-0.5246849148170228,-0.9776437339733223,3.2734375,0.2030852206705835
-66.05_17.96,-0.5393532072974213,-1.2091573970197254,0.12280701754385964,0.16989582127124742
-66.05_18.1,2.9866547342755507,0.6126026060997674,757.4807692307693,0.4310601929876146
-66.05_18.12,2.7786358647268776,1.9069977415372872,712.8,0.6166224469181004
-66.05_18.2,-0.1043289308621755,0.7977861255957921,93.5625,0.4576077829218485
-66.05_18.22,-0.12324258593325974,-0.374868759164124,89.5,0.28949800134028164
-66.05_18.24,-0.17616202289112412,-0.44476827836810934,78.13333333333334,0.279477326835997
-66.05_18.25,-0.1574950074246299,0.38822445397109595,82.14285714285714,0.3988937281254918
-66.05_18.29,-0.2573485620020057,0.5684572786851496,60.69512195121951,0.42473159499517327
-66.05_18.34,0.004220545427593164,1.2615884322586366,116.8780487804878,0.5240976815982872
-66.05_18.37,-0.3184481336559226,-0.2323644495880503,47.57142857142857,0.30992717335722203
-66.05_18.38,-0.3539891778004875,-0.372028912797166,39.9375,0.28990511681703357
-66.05_18.39,-0.34007185037294674,-0.12130936437721614,42.926829268292686,0.325847838815532
-66.05_18.4,-0.38447042742512505,0.06227633004425645,33.3903743315508,0.3521663673031464
-66.05_18.41,-0.382421308565755,-0.21184598844414024,33.83050847457627,0.31286866455477824
-66.05_18.43,-0.5017928105061693,-0.9496001631507283,8.19047619047619,0.2071054986117091
-66.05_18.45,-0.5286324825141423,-1.12848777068379,2.425531914893617,0.18146047975674648
-66.06_18.23,-0.12091475146297244,-0.6132057333813589,90.0,0.25533042382093846
-66.06_18.24,-0.1331562306353923,0.2349889754086544,87.37062937062937,0.3769261542327237
-66.06_18.31,0.8950556706801921,1.4955156910586265,308.22222222222223,0.5576330899216766
-66.06_18.33,0.15842538497150255,0.579536424372351,150.0,0.42631988221061184
-66.06_18.36,-0.27288908759458563,-0.27769286252804526,57.357142857142854,0.3034289702645519
-66.06_18.37,-0.3697136996472781,-0.7983620166521791,36.56,0.22878673842497046
-66.06_18.38,-0.42737921998601236,0.05593677002238418,24.17391304347826,0.35125753891343786
-66.06_18.39,-0.40993300020593537,1.000294908745205,27.921219822109276,0.48663909276930345
-66.06_18.4,-0.4805367888971116,0.968033313438764,12.75609756097561,0.48201412611379074
-66.06_18.41,-0.43307557695562016,-0.4474977471477502,22.950381679389313,0.27908603489977396
-66.06_18.42,-0.49319583452595483,-0.8250065963345719,10.037037037037036,0.22496701744060194
-66.06_18.43,-0.5040272982307809,-0.34970437616354594,7.7105263157894735,0.2931055238815178
-66.06_18.44,-0.4611111319063866,-1.1453779079103377,16.928571428571427,0.1790391388175332
-66.06_18.45,-0.5035893330037637,-1.3333860075940775,7.804597701149425,0.15208662193967118
-66.07_18.12,3.0409495547501084,1.8457492907212758,769.1428571428571,0.607841974655797
-66.07_18.13,1.9437192347171695,0.6419511262082411,533.4666666666667,0.4352675462074734
-66.07_18.19,0.9079880844040104,1.317114447105646,311.0,0.532057795310632
-66.07_18.24,-0.06504672417607744,-0.5761186744492637,102.0,0.2606471606184436
-66.07_18.33,0.1267668361755953,0.5761247523791886,143.2,0.42583079079842207
-66.07_18.34,-0.07832400226586421,-0.956820828966948,99.14814814814815,0.2060703564151312
-66.07_18.36,-0.21860066226967131,-1.0211280984360795,69.01785714285714,0.1968513771868342
-66.07_18.37,-0.2624815736930366,-1.0340191831377212,59.592592592592595,0.1950033335196762
-66.07_18.38,-0.3514996881586525,-0.7811614901503247,40.47222222222222,0.23125257623530518
-66.07_18.39,-0.4576127292453263,-0.2785625838918308,17.68,0.303304288510011
-66.07_18.4,-0.4686574084858894,0.10047735981169109,15.307692307692308,0.35764280103813156
-66.07_18.41,-0.5023692266607166,0.8745414965157818,8.066666666666666,0.4686113005025674
-66.07_18.42,-0.49511414256165454,-0.8739895406605178,9.625,0.21794490703209696
-66.07_18.43,-0.5177209965519446,0.7656466032598149,4.769230769230769,0.4530003164368194
-66.07_18.44,-0.5219230362111299,0.011747249163589555,3.8666666666666667,0.34492260542506803
-66.07_18.45,-0.45788885857559486,-1.0398576072115342,17.620689655172413,0.19416634711507838
-66.07_18.46,-0.5139433197688977,-1.5552917814491642,5.580645161290323,0.12027459296227538
-66.08_18.12,2.4359786307005886,1.2543882870870975,639.2,0.5230654812059349
-66.08_18.33,0.024574902929983274,0.32219125993722597,121.25,0.3894273233286194
-66.08_18.34,-0.023893936219212857,0.34537933020375794,110.83928571428571,0.3927515250852196
-66.08_18.35,-0.06349483452921928,0.7227980435675426,102.33333333333333,0.4468576208282752
-66.08_18.37,-0.1942039915597594,-1.2609659056787523,74.25806451612904,0.1624686428337322
-66.08_18.38,-0.3845464476552034,-1.1683640708896004,33.37404580152672,0.17574388214136857
-66.08_18.4,-0.4967306942771318,-0.07193267075358607,9.277777777777779,0.33292639644417976
-66.08_18.42,-0.5081301438375903,-1.285482739809064,6.829268292682927,0.15895395178158855
-66.08_18.43,-0.5092751355892357,-0.7513941250500471,6.583333333333333,0.2355199743507285
-66.08_18.44,-0.537264573862928,-0.013243935000688612,0.5714285714285714,0.34133991237025535
-66.08_18.45,-0.4825506829940746,-0.9542738099408781,12.323529411764707,0.2064354926693876
-66.08_18.46,-0.5228270119304248,-2.005956747236484,3.6725,0.0556680408133184
-66.09_18.32,0.19955046061324472,0.47503855829532343,158.83333333333334,0.41133924837685987
-66.09_18.37,-0.31393626916138895,-0.6942487175245795,48.54054054054054,0.24371224140418712
-66.09_18.38,-0.34671469508083974,-0.36555113100963876,41.5,0.2908337604406494
-66.09_18.41,-0.366698258687306,0.917355820166957,37.207692307692305,0.4747490880913132
-66.09_18.42,-0.5099217562754265,-0.9784071140719738,6.444444444444445,0.2029757838163855
-66.09_18.45,-0.5112546971504024,-1.1812377578781474,6.158139534883721,0.17389833258035073
-66.09_18.46,-0.4962210050303696,-0.4063219365778874,9.387254901960784,0.2849889280794334
-66.09_18.47,-0.5342014731969144,-0.7162087909217357,1.2293577981651376,0.24056408316062433
-66.0_18.22,-0.23392053392964637,1.9312498936368132,65.72727272727273,0.6200991936108573
-66.0_18.39,-0.23167636370036312,-0.6000057669596986,66.20930232558139,0.2572227482386921
-66.0_18.4,-0.4700899220060662,0.19123278726744705,15.0,0.37065334257529703
-66.0_18.43,-0.5287513506573059,-1.3250247212239694,2.4,0.15328528153141252
-66.0_18.44,-0.5015394407679067,-1.7688144015907548,8.244897959183673,0.08966435844125031
-66.0_18.45,-0.5233893043602303,-1.5850746629889594,3.5517241379310347,0.11600497043684693
-66.11_18.19,1.394717110009535,0.13043505281194898,415.54545454545456,0.36193748423300187
-66.11_18.36,-0.38887436382048735,-0.479747779804048,32.44444444444444,0.2744627258458415
-66.11_18.4,-0.42469714983546397,-0.4759338957625598,24.75,0.2750094776835088
-66.11_18.41,-0.4193008062907071,-0.7576590987359062,25.90909090909091,0.2346218385294978
-66.11_18.44,-0.5336945756206807,-1.312417693942857,1.338235294117647,0.15509260321673055
-66.11_18.46,-0.5218011020245911,-1.8544409663197738,3.892857142857143,0.07738908181787925
-66.11_18.47,-0.44358842188279546,-1.2780046489604218,20.692307692307693,0.16002599798678535
-66.12_18.19,1.3521389013348255,0.6978770535489344,406.4,0.44328499068510874
-66.12_18.29,0.5476393084035377,1.5312649407915693,233.6,0.5627580406999615
-66.12_18.3,0.30018247719658375,-0.07980988296849185,180.44827586206895,0.33179713288835483
-66.12_18.35,-0.34465289883572814,-0.9971366192165095,41.94285714285714,0.20029075426515197
-66.12_18.37,-0.36197494327494534,-1.19025750148074,38.22222222222222,0.172605277695525
-66.12_18.38,-0.13309111638447518,0.7705268076186755,87.38461538461539,0.4536999341159027
-66.12_18.39,-0.38203126947291266,0.02257352086155013,33.91428571428571,0.3464746410615882
-66.12_18.4,-0.3433992944716427,-1.020114660187744,42.21212121212121,0.19699666194604873
-66.12_18.41,-0.4543322732841214,0.4023524154200057,18.384615384615383,0.40091908830966505
-66.12_18.42,-0.4880475022054253,0.2434883947164539,11.142857142857142,0.3781446163241487
-66.12_18.44,-0.5331631512248028,-1.69321411271855,1.4523809523809523,0.1005022854519852
-66.12_18.46,-0.4977829064673041,-1.2081691735217415,9.051771117166213,0.17003749128734413
-66.12_18.47,-0.38909857904294365,-1.6472531518997269,32.39628482972136,0.10709116951749029
-66.13_18.36,-0.25364077109087835,0.43888761319303427,61.49152542372882,0.40615671124330477
-66.13_18.37,-0.3708293874975883,0.26986402489811234,36.32035928143713,0.38192578117199955
-66.13_18.38,-0.3552500881385598,-0.9842333884444483,39.666666666666664,0.20214053917201472
-66.13_18.4,-0.33441042716646396,0.20707066229132245,44.142857142857146,0.372923833020169
-66.13_18.44,-0.5326170823268158,-1.0679360415751302,1.569672131147541,0.19014107119685042
-66.13_18.45,-0.5385396107226115,-2.0852920343772725,0.2975609756097561,0.044294670893250704
-66.13_18.46,-0.5174493129532903,-0.1591060378504943,4.827586206896552,0.320429372901408
-66.13_18.47,-0.5344933423506812,-0.6842333759134294,1.1666666666666667,0.24514802350222523
-66.14_18.19,1.3923861170121508,-0.511636050866227,415.04477611940297,0.26989127831004395
-66.14_18.36,-0.39559921895687283,0.7567048872098979,31.0,0.45171844744735645
-66.14_18.37,-0.3762005983711454,-0.12791435944016322,35.166666666666664,0.3249009581161805
-66.14_18.39,-0.4877431982081353,0.09290213091094034,11.208219178082192,0.3565568292893367
-66.14_18.41,-0.4312262898336762,0.8926285754424188,23.3475935828877,0.47120423293931585
-66.14_18.43,-0.5275098389398193,0.45599152942107385,2.6666666666666665,0.4086086991714272
-66.14_18.45,-0.5360452319975395,-1.1011238259761906,0.8333333333333334,0.18538332767030496
-66.14_18.46,-0.5279390850123545,-0.3739211308839933,2.574468085106383,0.2896338516959691
-66.14_18.47,-0.5377079709048874,-1.121178886882104,0.47619047619047616,0.18250826873155473
-66.15_18.08,2.8131368219286093,1.3481287779600784,720.2105263157895,0.5365039562856955
-66.15_18.11,1.4899467019758332,-0.1746624232509774,436.0,0.31819923632340763
-66.15_18.18,1.3499845133544812,-1.3131173827444593,405.9372549019608,0.1549922970370172
-66.15_18.37,-0.34962448816869884,-0.7533884120763634,40.875,0.2352340768025563
-66.15_18.39,-0.48250503918093174,-0.1460064948159585,12.333333333333334,0.32230730079560255
-66.15_18.41,-0.5104479207652184,-0.845809537402654,6.331428571428572,0.22198474369181226
-66.16_17.93,-0.5298376734101067,-1.7148565446539643,2.1666666666666665,0.09739966374048196
-66.16_17.94,-0.5213022803523866,0.3769157567371178,4.0,0.39727253279625785
-66.16_17.95,-0.5169052596862884,0.07995030873891043,4.944444444444445,0.3547000784031891
-66.16_18.12,1.3104447994892354,0.17627607375394286,397.44444444444446,0.3685091739246475
-66.16_18.4,-0.4782373426520717,-0.5113980989390393,13.25,0.2699253906878853
-66.16_18.42,-0.5163140636303424,-1.1712095570129182,5.071428571428571,0.17533595815887287
-66.16_18.43,-0.5178105286469556,1.3657147469373987,4.75,0.5390250504644681
-66.16_18.44,-0.5227498412834896,0.37588068633459487,3.689075630252101,0.39712414688873204
-66.16_18.45,-0.5293438903406518,-0.45478493144488946,2.272727272727273,0.2780413567285083
-66.17_17.94,-0.5328545932086631,-0.24844818682795514,1.5186567164179106,0.3076214365291447
-66.17_18.08,2.3436799939536974,0.6963805896465831,619.375,0.44307046020129937
-66.17_18.37,-0.4002548878974474,0.10355894671358683,30.0,0.35808457202099697
-66.17_18.4,-0.3823994384774161,-1.304441580474776,33.835205992509366,0.15623604508561714
-66.17_18.43,-0.5210113010436007,-0.9753931805391924,4.0625,0.20340785612894913
-66.17_18.45,-0.526539907910533,0.011723747672334582,2.875,0.34491923629181914
-66.18_17.94,-0.5176442547562208,-1.1063085806747237,4.785714285714286,0.18464005017984123
-66.18_18.08,3.0310470208130136,0.9362991637635788,767.015873015873,0.47746477315419056
-66.18_18.19,1.4631766055675293,1.6833538431333184,430.25,0.584561243403446
-66.18_18.35,-0.056568506000083715,0.10002222152232752,103.82105263157895,0.3575775531980307
-66.18_18.4,-0.3388000578818629,-0.7865612056857052,43.2,0.23047848233005422
-66.18_18.46,-0.5358512457916822,-1.3294363126834314,0.875,0.1526528433892825
-66.19_18.41,-0.34420779642053034,0.42260314408598276,42.03846153846154,0.40382219784099316
-66.19_18.43,-0.4700899220060662,0.5624948361467905,15.0,0.423876829517416
-66.19_18.47,-0.5349440002612318,0.02333318271396593,1.0698689956331877,0.3465835448744194
-66.1_18.06,2.1725841603875815,1.4481815658648378,582.625,0.5508473513799304
-66.1_18.07,2.1945046016494536,-0.05413942870221965,587.3333333333334,0.33547720493332495
-66.1_18.14,1.7550414513838903,0.8189322378279555,492.94020618556704,0.46063925309678927
-66.1_18.15,1.4916619484276237,0.18269568468102226,436.36842105263156,0.3694294782740477
-66.1_18.26,0.6682211339644193,-0.5572931529242308,259.5,0.2633459549123678
-66.1_18.28,1.2571632549471041,-0.06044996993302741,386.0,0.3345725366274493
-66.1_18.37,-0.3632482886262136,-0.7772176173905366,37.94871794871795,0.23181796303141203
-66.1_18.38,-0.298857932084141,-1.3911250006470979,51.77924528301887,0.1438092594888508
-66.1_18.39,-0.3346875503176887,-1.3579070973736391,44.083333333333336,0.1485713208049916
-66.1_18.41,-0.44236752967809934,-0.708166994725352,20.954545454545453,0.2417169411921451
-66.1_18.45,-0.527820216869191,-1.1968828500415094,2.6,0.17165547915383322
-66.1_18.46,-0.5280271354887721,-2.0132914196815936,2.5555555555555554,0.05461655482307149
-66.1_18.47,-0.5116328140911932,-1.1561888564806784,6.076923076923077,0.17748929987815792
-66.21_18.42,-0.39094355001629827,-0.328096296845956,32.0,0.2962032208609841
-66.21_18.47,-0.5363647386895396,-0.8018797881946758,0.7647058823529411,0.22828243676439788
-66.22_17.96,-0.48707992482482054,-0.22487115694740215,11.35068493150685,0.3110013988650994
-66.22_18.45,-0.5399249561146849,2.1775458852040543,0.0,0.6554077621290888
-66.23_18.22,0.38788335418553554,-0.7424182986381991,199.28571428571428,0.2368067333428413
-66.23_18.34,-0.106900717682253,-0.3283869307036338,93.01010101010101,0.2961615560924581
-66.23_18.45,-0.5278625411322871,0.060784355177078024,2.590909090909091,0.3519524803596763
-66.23_18.47,-0.5292490256130226,0.059232104736291445,2.293103448275862,0.35172995241394234
-66.24_18.3,0.03458459115221865,1.2935023394052145,123.4,0.5286728042789248
-66.24_18.34,-0.27621456540928174,1.4567533028849653,56.642857142857146,0.5520761808138548
-66.24_18.42,-0.4856088184746481,-0.5567419613738475,11.666666666666666,0.2634249727822874
-66.24_18.45,-0.530978119004684,0.5273765224162066,1.9217081850533808,0.41884232863613574
-66.24_18.47,-0.5250268155048462,-0.0693623955164795,3.2,0.33329486666873603
-66.25_17.95,-0.5371315547503402,-0.7450763403019096,0.6,0.23642568107475428
-66.25_18.39,-0.4021171554736772,-1.071214177039306,29.6,0.18967112335112069
-66.25_18.45,-0.5336398030449092,0.854690350761697,1.35,0.4657654744882526
-66.25_18.46,-0.5316112615779446,0.5427314445748546,1.7857142857142858,0.42104358379128803
-66.25_18.47,-0.5328873170184676,-0.6031484128168872,1.5116279069767442,0.25677222394931576
-66.26_17.94,-0.5323594940862513,-1.0857993696095984,1.625,0.18758021530205818
-66.26_17.95,-0.5350157606476434,-1.218874214176654,1.0544554455445545,0.16850283512404543
-66.26_18.14,2.309721922187817,-0.9308926417864435,612.081081081081,0.2097873766061254
-66.26_18.43,-0.5068697066366054,1.4848421994977465,7.1,0.5561029565820798
-66.26_18.48,-0.5251400615061035,-1.096756283675673,3.175675675675676,0.18600945100098856
-66.27_18.42,-0.4980239356495137,-0.5459116982666016,9.0,0.264977580620358
-66.27_18.43,-0.5053399868418451,0.0889036265276744,7.428571428571429,0.35598361059792144
-66.27_18.45,-0.5209441519723423,-0.1598409576214393,4.076923076923077,0.32032401607069916
-66.27_18.46,-0.47707342541692804,-1.2192457213363102,13.5,0.16844957649844514
-66.27_18.47,-0.5236695696442042,0.636842426646293,3.4915254237288136,0.4345351718502039
-66.27_18.48,-0.5297066697386186,-1.2970499608273005,2.1948051948051948,0.15729569492856776
-66.28_17.96,-0.5399249561146849,-1.9097053910137818,0.0,0.06946646921865511
-66.28_17.99,-0.4503033290086242,-1.3914338364645684,19.25,0.14376498531876522
-66.28_18.17,1.4934384536812642,1.9129569365915111,436.75,0.6174767468421336
-66.28_18.47,-0.5054215936593837,0.8080018123921006,7.411042944785276,0.459072286160058
-66.29_18.18,2.1553492320979544,1.4758179654539987,578.9230769230769,0.5548092579553555
-66.29_18.29,1.3357088954606688,1.365681225609903,402.8709677419355,0.5390202449047788
-66.29_18.45,-0.4983343135788853,0.9447710377033216,8.933333333333334,0.4786792863891636
-66.29_18.46,-0.4916862185755702,0.12715703198563288,10.361290322580645,0.36146755282155796
-66.29_18.47,-0.5204666474656168,-0.2945133738518578,4.17948717948718,0.3010176107746579
-66.2_17.93,-0.5247293699891984,-0.8395985380233906,3.263888888888889,0.22287514184954899
-66.2_17.94,-0.5252092990110597,0.016696946525075758,3.1608040201005023,0.34563218550114017
-66.2_18.22,0.4939947643865377,-0.7815969118986189,222.07758620689654,0.2311901549245232
-66.2_18.23,0.6402871203209718,0.9337184417507626,253.5,0.47709480529788806
-66.2_18.47,-0.5370599290743313,-1.0932365724741246,0.6153846153846154,0.1865140307277371
-66.31_17.97,-0.5268890830810761,0.3739260844125521,2.8,0.3968439385286562
-66.31_18.09,0.206145991612392,-0.14431330304842904,160.25,0.32255003384683045
-66.31_18.16,2.348529649100129,1.4712310384192153,620.4166666666666,0.5541516840075815
-66.31_18.35,0.3399964736539113,0.9016942928359886,189.0,0.47250387854751646
-66.31_18.47,-0.520796229380585,-0.9441903485593933,4.108695652173913,0.20788104030020194
-66.31_18.48,-0.5393877635446186,-1.085527165176471,0.11538461538461539,0.18761923806006933
-66.32_18.37,0.21808291023328388,0.643693144273036,162.8139534883721,0.4355172789124574
-66.32_18.47,-0.5143535207395887,-1.1821672873830542,5.492537313432836,0.173765076833861
-66.32_18.48,-0.5026796045900882,1.4644685236044326,8.0,0.5531822215483108
-66.33_18.19,2.467304631715026,1.0652534502351414,645.9285714285714,0.4959514372311321
-66.33_18.2,3.68431866263332,1.7350596572300159,907.3333333333334,0.5919736997256422
-66.33_18.47,-0.45361601652403305,0.5048822976888137,18.53846153846154,0.4156175953792211
-66.33_18.48,-0.4692434367441435,0.5866404886063111,15.181818181818182,0.4273383086054816
-66.34_18.19,2.595086116744725,-0.2922387424115846,673.375,0.3013436980144524
-66.34_18.42,-0.46465830824206245,-0.17755125708411354,16.166666666666668,0.31778509808800226
-66.34_18.48,-0.458327366202141,1.0953933741734465,17.526501766784452,0.500272244738953
-66.36_17.96,-0.5399249561146849,-0.3966755171631873,0.0,0.28637182212773765
-66.36_18.05,0.07983769325460359,-0.5146819695661067,133.12,0.2694546206590959
-66.36_18.08,0.09790168874403296,-1.596714064133418,137.0,0.11433636596543349
-66.37_18.04,-0.233156857008564,1.6665298725606088,65.8913043478261,0.5821493880015969
-66.37_18.43,-0.3471802619748972,-0.24558452812574696,41.4,0.3080319657012045
-66.38_17.95,-0.5306136182335357,-1.9086237971142594,2.0,0.069621524654463
-66.38_18.01,-0.3164528469671049,-1.4213987492930678,48.0,0.1394692671017716
-66.38_18.44,-0.30913679577477343,0.09464804338715282,49.57142857142857,0.3568071202904241
-66.38_18.49,-0.5398365573373323,-2.166889577001013,0.0189873417721519,0.032596987929283054
-66.39_17.98,-0.47474559094664076,-1.0851006976088506,14.0,0.18768037571495488
-66.39_18.01,-0.3328227796936414,-0.42445461506616905,44.483870967741936,0.28238945856818165
-66.39_18.23,1.8096359692286212,0.7790592812998535,504.6666666666667,0.4549231348252802
-66.39_18.35,0.010025937490687703,0.48955092374771836,118.125,0.41341971605591915
-66.39_18.36,-0.078348635434862,0.6871619295110556,99.14285714285714,0.4417488889854207
-66.39_18.49,-0.5295790251356303,-0.285687380930031,2.2222222222222223,0.30228288989608715
-66.3_17.96,-0.5288335095209632,-1.5102671185294367,2.3823529411764706,0.12672925097597454
-66.3_18.16,2.227870229056905,1.304594119147161,594.5,0.5302629026906593
-66.3_18.44,-0.23231825825529284,0.3588215915983811,66.07142857142857,0.3946785844923657
-66.3_18.47,-0.482092818493485,0.36972075430662754,12.421875,0.3962410696583917
-66.41_18.33,0.40412353008881186,-0.3347990417378152,202.77397260273972,0.29524232691476726
-66.41_18.45,-0.4980239356495137,-0.6924355954803688,9.0,0.24397216745301384
-66.42_18.45,-0.48405692882778995,-0.8284552882294399,12.0,0.2244726189191588
-66.42_18.46,-0.49687792483337223,0.6839387766762259,9.246153846153845,0.4412868233545952
-66.42_18.47,-0.5143187769415247,0.9412880142473107,5.5,0.4781799661543331
-66.42_18.49,-0.5215761432312439,0.7680571978103273,3.9411764705882355,0.4533458951135767
-66.43_18.36,0.11931776587067601,1.1327493099999126,141.6,0.5056275272642529
-66.43_18.37,0.16463294355893535,1.9832947807662238,151.33333333333334,0.6275602588581605
-66.43_18.46,-0.5118569663866166,-0.19567691673231055,6.028776978417266,0.31518663478555836
-66.44_18.44,-0.21542483095663648,-0.20858347118430579,69.7,0.31333637340167325
-66.44_18.45,-0.46967912768778014,0.019901317402155068,15.088235294117647,0.34609155858289936
-66.44_18.46,-0.5397503685294134,-2.246328524717746,0.0375,0.02120875740785084
-66.45_18.18,4.021078716001548,-1.2795107395028196,979.6666666666666,0.1598100874444638
-66.45_18.36,0.3049237676349161,0.17924144677804055,181.46666666666667,0.3689342846864476
-66.45_18.47,-0.5150272483020469,-1.0605234562868069,5.3478260869565215,0.1912037266379096
-66.46_17.99,-0.5213022803523866,-0.47979084002050426,4.0,0.2744565528074844
-66.46_18.34,-0.33041985378882865,0.6186208534948557,45.0,0.4319229585533755
-66.46_18.47,-0.5342346940762048,-1.8814031266000204,1.2222222222222223,0.07352383302679316
-66.47_17.99,-0.537855769918874,-1.091659428566736,0.4444444444444444,0.18674012735790468
-66.47_18.21,3.485676787835471,1.3150187761116676,864.6666666666666,0.5317573635317318
-66.47_18.43,-0.2722239920316464,-0.7084106755102556,57.5,0.24168200753514324
-66.47_18.45,-0.4667219912830973,0.37938823634707985,15.72340425531915,0.3976269832083931
-66.47_18.46,-0.46170971791303195,0.23173492866841156,16.8,0.37645965970490664
-66.47_18.47,-0.4014188051325911,1.3591112943482822,29.75,0.5380783908915044
-66.48_18.21,2.9714840181764557,0.3124537512972132,754.2222222222222,0.38803137088609296
-66.48_18.43,-0.34271443584549166,-1.4853953029060545,42.359223300970875,0.13029483156266167
-66.48_18.44,-0.34322294337540876,-0.7223799864453312,42.25,0.23967939121497897
-66.48_18.46,-0.43075427014080336,1.113378042891482,23.448979591836736,0.5028504958248424
-66.48_18.47,-0.47657964234747313,-0.16594912478325016,13.606060606060606,0.3194483597622824
-66.49_18.1,0.20211704733689478,-1.4361601692143515,159.3846153846154,0.13735309540364332
-66.49_18.11,0.2914444975593478,1.2510103383152176,178.57142857142858,0.5225812242965794
-66.49_18.17,3.5685238197523623,1.8288380750439752,882.4615384615385,0.6054176119462418
-66.49_18.18,3.501195684304053,2.1196889642992347,868.0,0.6471134937448467
-66.49_18.19,3.6975097246316144,1.1286339591745518,910.1666666666666,0.5050375576684458
-66.49_18.45,-0.39639558338091846,0.2604525242104083,30.82894736842105,0.3805765646671891
-66.49_18.47,-0.4816723179070078,-0.8857927156149098,12.512195121951219,0.21625282422978287
-66.4_17.95,-0.5368211768209685,-0.6858179279954587,0.6666666666666666,0.2449208648489194
-66.4_18.49,-0.5337015619186107,-1.482917393902997,1.336734693877551,0.13065006032322604
-66.51_18.05,-0.33041985378882865,0.7014084229492281,45.0,0.44379124171112033
-66.51_18.31,1.0529081622776406,1.951391777620062,342.1276595744681,0.6229866993562143
-66.51_18.36,0.46763939710799773,2.403051997143757,216.41666666666666,0.6877359293641174
-66.51_18.43,-0.49086136804862973,0.7843306539848468,10.538461538461538,0.4556788297208766
-66.51_18.45,-0.4579851827605722,1.1751278405344108,17.6,0.5117028403034859
-66.51_18.46,-0.5025900724950771,1.7432968083164668,8.01923076923077,0.5931545634972378
-66.51_18.47,-0.5049506626098808,0.8911978340202721,7.512195121951219,0.4709991243169047
-66.51_18.48,-0.5253759906753893,0.5002062526834623,3.125,0.41494724563290497
-66.52_18.16,3.7861500097551035,1.1650437174723054,929.2058823529412,0.5102571978152791
-66.52_18.46,-0.52558761199087,0.8917443788554152,3.0795454545454546,0.47107747604174255
-66.52_18.47,-0.5030697939870126,0.7572821633144331,7.916190476190476,0.45180120475396635
-66.52_18.48,-0.5097710208571886,-0.10659311579834117,6.47682119205298,0.327957534827928
-66.53_18.13,2.191400822355737,1.1900470616078502,586.6666666666666,0.513841634102598
-66.53_18.15,3.9268568445851577,0.38500075750515045,959.4285714285714,0.3984315845606472
-66.53_18.37,0.41029707465658743,1.158454024237745,204.1,0.5093125107596512
-66.53_18.43,-0.46264085170114677,0.9200381147784598,16.6,0.4751336172201621
-66.53_18.47,-0.5311309147824885,1.2454988989512306,1.8888888888888888,0.5217911138559704
-66.53_18.48,-0.5120877115716189,-1.1658565135825123,5.979214780600462,0.17610336123165876
-66.54_18.15,4.062785750260862,0.6218951668728164,988.625,0.4323923584714181
-66.54_18.3,1.1076645522997648,1.8420063665171178,353.8888888888889,0.6073053954980117
-66.54_18.36,0.42090635660601805,1.754669289359458,206.37878787878788,0.594784902763312
-66.54_18.44,-0.4914769012018307,-0.7131883566083603,10.40625,0.2409970874138808
-66.54_18.45,-0.42171577894972173,-0.5415971893349235,25.390374331550802,0.2655961011787613
-66.54_18.46,-0.5248243951161257,0.28574686003195,3.243478260869565,0.3842027170206846
-66.54_18.48,-0.5199284764027089,-1.1877401390557156,4.295081967213115,0.1729661624306098
-66.55_18.04,-0.2889844002177149,-1.088620004315968,53.9,0.18717585397583028
-66.55_18.15,5.049787565662674,1.1998124412186453,1200.625,0.5152415820794215
-66.55_18.31,1.1541908124967486,1.2067937655472774,363.88235294117646,0.516242412693176
-66.55_18.36,0.4421761551391534,0.049667593106284436,210.94736842105263,0.35035880052436996
-66.55_18.43,-0.2872491054307735,-1.4765925612057387,54.27272727272727,0.13155677742908087
-66.55_18.45,-0.4105463666081912,0.027296550556290225,27.789473684210527,0.3471517264519318
-66.55_18.46,-0.5324758858097656,1.3904480544150188,1.6,0.5425707747622898
-66.55_18.47,-0.5323704744375262,1.3788015873644872,1.6226415094339623,0.5409011573347696
-66.55_18.48,-0.4959639051448346,0.0303505178181428,9.442477876106194,0.3475895379308414
-66.56_18.01,-0.48547387154883437,-1.001077749383301,11.695652173913043,0.19972576064244643
-66.56_18.06,-0.05941091440590819,-0.6762688694731162,103.21052631578948,0.24628980140763188
-66.56_18.21,1.9801886414183365,0.581990638069772,541.3,0.4266717140530319
-66.56_18.31,1.2463000274190967,0.7305008185661883,383.6666666666667,0.4479618773656616
-66.56_18.35,0.4340409862535178,1.4725402414505684,209.2,0.5543393690959285
-66.56_18.41,0.09856678430697216,0.22561452130101278,137.14285714285714,0.3755822486617298
-66.56_18.43,-0.1654345857072169,-1.3119575097601042,80.4375,0.15515857442740408
-66.56_18.45,-0.3602541404692454,-0.4711604474141085,38.59183673469388,0.27569379100508196
-66.56_18.47,-0.5399249561146849,-0.5076651388964596,0.0,0.27046054140065384
-66.56_18.48,-0.5337794731131265,0.5035336772965344,1.32,0.41542425948600226
-66.56_18.49,-0.5223711839356818,-0.4356882670654668,3.770408163265306,0.2807790215943469
-66.57_18.16,5.241435727249353,0.4078629473884146,1241.7894736842106,0.4017090686676091
-66.57_18.17,5.383209718454255,1.0125999416315894,1272.2413793103449,0.48840312105909955
-66.57_18.35,0.34930781153506046,-0.9960532256644495,191.0,0.20044606769604342
-66.57_18.36,0.4221055440604084,1.058905792597575,206.63636363636363,0.49504144798120514
-66.57_18.45,-0.44122477457450376,0.11947434779782067,21.2,0.3603661764681582
-66.58_18.04,-0.23311637293081988,-0.972696819114901,65.9,0.20379440185181574
-66.58_18.07,-0.0668989795610372,0.5887834460385408,101.60215053763442,0.4276455192866058
-66.58_18.08,0.5372498156098344,0.48553360035763393,231.3684210526316,0.41284379950414707
-66.58_18.1,0.3490783067281308,-0.2394849704828262,190.95070422535213,0.3089063877638436
-66.58_18.11,0.6705489684347066,0.8076140031119585,260.0,0.4590166904905842
-66.58_18.17,5.513016415449537,0.8392314833967374,1300.122807017544,0.4635493179276173
-66.58_18.36,0.3538622702812747,1.33306978115148,191.97826086956522,0.5343451244782884
-66.58_18.46,-0.4528639469259402,-0.1519083719676666,18.7,0.3214612178672071
-66.58_18.48,-0.5282857837632484,-0.7131359341889023,2.5,0.24100460260151152
-66.59_18.17,5.109396755491102,1.2949349920966222,1213.4285714285713,0.5288781868976005
-66.59_18.22,1.5557080257614493,0.058745893355684954,450.125,0.35166024998907847
-66.59_18.36,0.4004270565025693,1.0869385413272217,201.98,0.49906017448575274
-66.59_18.37,0.46170896167178965,0.4953547951739713,215.14285714285714,0.4142517490525622
-66.59_18.46,-0.4724177564763535,0.6213994912583494,14.5,0.4323212992703127
-66.59_18.48,-0.4915342153081067,0.6876081376604863,10.393939393939394,0.4418128566160643
-66.5_18.17,3.661040317930447,1.959464231917659,902.3333333333334,0.6241439524802432
-66.5_18.46,-0.4696465249641067,0.7999100089128773,15.095238095238095,0.4579122591707263
-66.5_18.48,-0.5324758858097656,-1.3466363324137558,1.6,0.15018707822884023
-66.61_17.96,-0.5287775797780979,-1.5899013514130103,2.3943661971830985,0.11531302470986896
-66.61_17.97,-0.5294734544113542,-1.712485739692301,2.2448979591836733,0.09773953825041445
-66.61_17.99,-0.4973411042048961,-1.1978321418778228,9.146666666666667,0.17151939031360083
-66.61_18.01,-0.4525416313839004,-0.7236181587749703,18.76923076923077,0.23950188896550975
-66.61_18.02,-0.3536981984917016,-0.7642676831190879,40.0,0.2336744432713887
-66.61_18.22,1.3898498197534797,-0.5063262001912053,414.5,0.2706524893439206
-66.61_18.46,-0.42679220085872255,0.3386979077971667,24.3,0.3917936878937119
-66.61_18.48,-0.5247940320578175,-0.11706408477853143,3.25,0.3264564347761702
-66.62_17.97,-0.5132925273363443,-1.6198895671542457,5.720430107526882,0.11101396582750038
-66.62_17.98,-0.5240956817167313,-1.418788002797756,3.4,0.13984353921609582
-66.62_18.0,-0.4914079850497498,-0.8726366959389517,10.421052631578947,0.21813884851787588
-66.62_18.01,-0.46829928010584515,-1.610904618868894,15.384615384615385,0.11230203251566448
-66.62_18.04,-0.23076337268247546,-0.3394156653278134,66.4054054054054,0.2945804957200609
-66.62_18.48,-0.5216604087324308,0.6369997391979995,3.923076923076923,0.4345577239062701
-66.62_18.49,-0.5269380901225559,-0.6531625552389706,2.789473684210526,0.2496022827604491
-66.63_18.37,0.44746483169884127,0.40089288042049875,212.08333333333334,0.40070985188966923
-66.63_18.38,0.3987742940286654,0.3384822082856227,201.625,0.3917627655837943
-66.63_18.47,-0.5300224221775898,0.3431710961937961,2.126984126984127,0.39243495646650645
-66.63_18.48,-0.5130772652240382,1.1738570927300191,5.766666666666667,0.5115206680901452
-66.63_18.49,-0.5085814879440489,0.8236965340247117,6.732323232323233,0.46132225438168184
-66.64_17.98,-0.5154826941766684,0.8158296627068305,5.25,0.46019447327901747
-66.64_18.0,-0.4786253150637862,-1.6944576544618026,13.166666666666666,0.10032401345264196
-66.64_18.04,-0.21170029580417682,0.07861256384859172,70.5,0.3545083016031723
-66.64_18.22,1.0587153663551125,0.4758881996581808,343.375,0.41146105149710344
-66.64_18.28,0.31949362389638086,1.0627717636190037,184.59615384615384,0.49559566691847257
-66.64_18.3,-0.06318445659984759,0.6227387318040526,102.4,0.4325132904849056
-66.64_18.34,0.9752043047335559,1.017557743379694,325.4375,0.48911386296605813
-66.64_18.47,-0.5300316596159639,-0.07628288674912206,2.125,0.3323027569826924
-66.64_18.49,-0.5173414873730917,-0.46280093389275223,4.850746268656716,0.2768921964442842
-66.65_17.99,-0.49243713292082414,-0.7700349901130643,10.2,0.2328476520886873
-66.65_18.08,0.3663547224251643,0.863768529222194,194.66153846153847,0.467066906493514
-66.65_18.27,0.665893299494132,-2.1932450054243957,259.0,0.028818719170652828
-66.65_18.31,-0.05030377253092458,0.7797160912739268,105.16666666666667,0.4550172939702401
-66.65_18.33,1.0057571321560765,0.2881414686360473,332.0,0.3845460039797378
-66.65_18.45,-0.44603563247976413,-0.34546860953423425,20.166666666666668,0.2937127560792755
-66.65_18.48,-0.5197503907055284,0.5393592756608923,4.333333333333333,0.420560155472394
-66.66_18.11,2.296042524258175,2.2214751021189825,609.1428571428571,0.6617053788930609
-66.66_18.33,0.18907520549695192,1.4519190657072911,156.58333333333334,0.5513831529105782
-66.66_18.48,-0.5254923823989037,0.4376349412426088,3.1,0.4059771303532098
-66.66_18.49,-0.4829040965186953,0.14952926101826602,12.247619047619047,0.36467479698610067
-66.67_17.97,-0.525156217783557,-0.28742736920911016,3.1722054380664653,0.3020334481776822
-66.67_17.98,-0.30626857115959805,-0.8311560761234912,50.1875,0.22408543862522257
-66.67_18.09,0.48897787975229795,1.7879452250212975,221.0,0.5995552835025517
-66.67_18.33,0.04872618555921392,-0.25286182309115984,126.4375,0.3069887052474772
-66.67_18.34,-0.0830121290291182,-1.9767527989363431,98.14117647058823,0.059854668468104645
-66.67_18.45,-0.49385833712373645,0.1945698371362861,9.894736842105264,0.3711317362884586
-66.67_18.47,-0.5399249561146849,0.5534550246115777,0.0,0.42258089772838475
-66.67_18.48,-0.5296391758971365,1.1505036329424259,2.2093023255813953,0.5081727563770839
-66.68_18.32,1.0140076847089936,0.9171085168596621,333.7721518987342,0.47471363511574977
-66.68_18.33,0.9833655815371227,0.7096705055021303,327.1904761904762,0.44497567961474244
-66.68_18.37,-0.4095662257785966,0.07484234203220543,28.0,0.3539678091067832
-66.68_18.45,-0.5075015474213976,0.7584891252631955,6.964285714285714,0.4519742327370675
-66.68_18.48,-0.5222334141405015,-0.06709254405181299,3.8,0.3336202686594725
-66.69_18.26,0.2728218217970495,1.1906945817819254,174.57142857142858,0.513934461477854
-66.69_18.32,1.0551072229261673,1.0481307344928439,342.6,0.4934967542370727
-66.69_18.37,0.6251937419813671,0.8425075266531055,250.25806451612902,0.46401896583804453
-66.69_18.38,0.4852533445998382,-0.7025384806721028,220.2,0.24252383525826604
-66.69_18.45,-0.516646611411812,1.781509929020626,5.0,0.5986327305680563
-66.69_18.46,-0.531278713796475,1.093930185728395,1.8571428571428572,0.5000624845673057
-66.69_18.48,-0.5202855250665139,-0.9575644913986705,4.218390804597701,0.2059637462516534
-66.6_17.97,-0.5176493708759358,-0.709387279577478,4.7846153846153845,0.24154200326059827
-66.6_17.99,-0.5064041397425479,-0.09078262279010478,7.2,0.33022409983426887
-66.6_18.0,-0.47474559094664076,-0.7416507774639841,14.0,0.23691676385448918
-66.6_18.01,-0.4505361124556529,-1.4681995392934686,19.2,0.1327599865734063
-66.6_18.17,4.510810748845799,1.4960025457721726,1084.857142857143,0.557702884573641
-66.6_18.35,0.6024598101788033,1.2689712627058078,245.375,0.5251560714366426
-66.6_18.36,0.4075858321559,0.9597393743632756,203.51764705882354,0.4808251213140396
-66.6_18.37,0.3650654602570052,-0.427406824175745,194.3846153846154,0.2819662349624611
-66.6_18.38,0.38156494633761284,0.26226833242915704,197.92857142857142,0.3808368758013642
-66.6_18.45,-0.35274272133657714,0.8207485890630538,40.20522875816994,0.46089964207685163
-66.6_18.47,-0.5181985010586702,0.7290460860482559,4.666666666666667,0.4477533294211406
-66.6_18.49,-0.5061713562955192,-0.34796299249942286,7.25,0.29335516563991576
-66.71_18.14,2.9879081836057053,1.2817757642783771,757.75,0.5269917026957629
-66.71_18.24,0.49479746592801616,1.0013412257975154,222.25,0.48678909097714357
-66.71_18.26,0.2918878946013072,0.40095925460629794,178.66666666666666,0.4007193671784574
-66.71_18.27,0.10598785058818878,-1.0132833101695162,138.73684210526315,0.19797599250135242
-66.71_18.28,0.21048422857974564,0.1868579713814566,161.1818181818182,0.37002617651594616
-66.71_18.33,0.9979391220483192,1.3724052152257171,330.3207547169811,0.5399841844579771
-66.71_18.34,0.7740648575352946,-0.1825665820199328,282.234375,0.3170661097560739
-66.71_18.42,-0.4654342530654916,1.164871555757667,16.0,0.5102325170088281
-66.71_18.43,-0.48095314953407353,-0.2627999526179686,12.666666666666666,0.3055639921406681
-66.71_18.47,-0.5232975670412042,-1.9456574040545727,3.5714285714285716,0.06431245064230098
-66.72_18.06,-0.1500126823415636,-0.7860586724784003,83.75,0.23055052462384026
-66.72_18.16,1.7984905799466395,-1.113376193315132,502.27272727272725,0.18362684942254814
-66.72_18.25,0.3330129702430494,-0.35242831427078647,187.5,0.29271502481295025
-66.72_18.26,0.24655054706094995,0.11284491144794696,168.92857142857142,0.35941579190807144
-66.72_18.33,1.130956877990447,1.5155461264296388,358.8918918918919,0.5605046185862197
-66.72_18.4,0.3940022333645764,1.0040652552788714,200.6,0.4871796031449467
-66.72_18.45,-0.5031451714841457,-0.24510330222550586,7.9,0.3081009534162026
-66.72_18.46,-0.5110598086831225,-0.7368307576616049,6.2,0.23760775357936692
-66.72_18.47,-0.508831738547276,-1.0283886641320243,6.678571428571429,0.19581051501232172
-66.73_18.14,3.3056575887999204,-0.20572767823620183,826.0,0.3137457749527922
-66.73_18.17,1.6575507838365182,-0.24435558369354746,472.0,0.3082081450552139
-66.73_18.3,1.4440551081330266,0.84803447346268,426.14285714285717,0.4648112993993043
-66.73_18.41,0.05134499933828713,1.5240944371366234,127.0,0.5617300896642997
-66.73_18.47,-0.5026796045900882,-1.2021027549739898,8.0,0.170907162586461
-66.74_18.04,-0.1348817582846962,1.4423692987502907,87.0,0.5500141147918951
-66.74_18.12,3.5460064978570833,1.0770900116155844,877.625,0.49764830625389705
-66.74_18.13,3.1047987287922743,1.1238072761055307,782.8571428571429,0.5043456127091557
-66.74_18.14,2.9463397109220035,-0.11833589954633067,748.8214285714286,0.32627410960479575
-66.74_18.24,0.8858736569362811,1.2235485800266466,306.25,0.5186443539967702
-66.74_18.38,0.4214706801139665,-0.4741702014081236,206.5,0.27526231786398664
-66.74_18.45,-0.21269793914858562,1.127144028198528,70.28571428571429,0.5048239637336862
-66.74_18.47,-0.319745881095804,-0.5871693646116198,47.292682926829265,0.25906295273796426
-66.75_18.04,-0.27122634868723755,0.5048342651233299,57.714285714285715,0.4156107095134841
-66.75_18.19,2.6663291152506945,-0.0255262973693814,688.6774193548387,0.33957913408677143
-66.75_18.31,1.1904320001322017,0.8880332771656886,371.6666666666667,0.4705454589047358
-66.75_18.35,0.9260583926648847,0.22905146036167687,314.8813559322034,0.3760749623171338
-66.76_17.98,-0.5003517701198009,-1.927855017465941,8.5,0.06686457007653523
-66.76_18.13,3.824432127892517,1.547500269087778,937.4285714285714,0.565085509360393
-66.76_18.4,0.16959899042888157,1.7718022470808876,152.4,0.5972410540298335
-66.76_18.41,0.13817863864853863,0.9906942451421153,145.65116279069767,0.485262758195228
-66.77_18.05,-0.14818366954348072,0.7866555584679348,84.14285714285714,0.4560121240173737
-66.77_18.13,4.03659761247013,1.431012793668399,983.0,0.5483860658120474
-66.77_18.15,4.180790330515354,0.2810838554235238,1013.9714285714285,0.38353423672317843
-66.77_18.29,1.2364455281615472,0.492129160016827,381.55,0.41378932756029135
-66.77_18.48,-0.45263116347891147,-1.4528380401197782,18.75,0.13496218459809045
-66.78_18.0,-0.5315447520216506,-0.2967292332279911,1.8,0.3006999489966033
-66.78_18.29,0.973555421983769,1.1958660698692525,325.0833333333333,0.5146758370898187
-66.78_18.3,1.0051363762973333,0.9120819438149391,331.8666666666667,0.4739930342743307
-66.79_18.28,1.6994518043016895,1.7851563445423653,481.0,0.5991554744075968
-66.79_18.49,-0.511154730088707,-1.6360297725755608,6.179611650485437,0.10870013381833735
-66.7_18.14,3.8641923720144775,1.1588731092291098,945.96875,0.5093725900611389
-66.7_18.2,1.2722941790039715,1.8538411318058594,389.25,0.6090020070361684
-66.7_18.27,0.13631095750377326,-1.000435380832798,145.25,0.19981784948983317
-66.7_18.33,1.1016639123319132,0.5446307876498683,352.6,0.4213158703383691
-66.7_18.38,0.6426149547912591,1.4626016913368034,254.0,0.5529145956944989
-66.7_18.47,-0.522018537112475,0.5461561400006495,3.8461538461538463,0.42153454222031606
-66.7_18.48,-0.5346023940555956,-1.8500146284056864,1.1432432432432433,0.07802363398630839
-66.81_18.08,0.3080718866328284,1.3538155745022893,182.14285714285714,0.5373192056289032
-66.81_18.27,1.6366002736039327,1.950303961458149,467.5,0.6228307519076028
-66.81_18.49,-0.50112771494323,-1.8018647717760659,8.333333333333334,0.08492631437965067
-66.82_17.96,-0.44122477457450376,0.7105204938627395,21.2,0.4450975324799852
-66.82_18.21,2.639896930297755,1.6909298724689517,683.0,0.5856473299012049
-66.82_18.35,0.8841277810835656,0.7774494461044164,305.875,0.45469235162844673
-66.82_18.48,-0.4268133629902706,-0.9288984418080032,24.295454545454547,0.21007326167526422
-66.83_18.35,0.8963489120525738,0.5169833105974695,308.5,0.4173523757169215
-66.83_18.49,-0.5137525469352385,-0.3611775713046745,5.621621621621622,0.2914607464160551
-66.84_18.14,3.5915156617512,1.3365659585102618,887.4,0.5348463304339311
-66.84_18.19,1.5768525221998921,1.0933635659716314,454.6666666666667,0.4999812549363314
-66.84_18.34,0.9964457942749274,-0.3253536377915866,330.0,0.2965964037322405
-66.84_18.43,0.15144188156064067,0.6063377205138167,148.5,0.43016206979623484
-66.84_18.48,-0.5067203738592662,0.2527622647110905,7.132075471698113,0.37947410233019846
-66.84_18.49,-0.52322651480068,-2.0850441951434857,3.586690017513135,0.0443302006983117
-66.85_17.95,-0.5081112183540919,-0.9670799698398493,6.833333333333333,0.2045996236754547
-66.85_17.96,-0.4647179963054032,0.198028083320753,16.153846153846153,0.37162750449637855
-66.85_18.03,-0.36021613500850597,-1.0503125497978154,38.6,0.19266754457950766
-66.85_18.47,-0.03678016275116035,0.30070388933967174,108.07142857142857,0.38634693094304845
-66.85_18.48,-0.38535674728760877,-1.3359825668076517,33.2,0.15171438368958542
-66.85_18.49,-0.5059138524824344,0.7723800542415756,7.3053097345132745,0.45396561235511995
-66.86_17.95,-0.516646611411812,-1.6941053522058327,5.0,0.1003745188963761
-66.86_17.96,-0.4128085666479253,-0.3986731277536353,27.303571428571427,0.2860854481191443
-66.86_18.1,0.3108209482929772,1.0971273338479182,182.73333333333332,0.5005208222070001
-66.86_18.49,-0.4837465508984183,-0.4761816440469494,12.066666666666666,0.2749739609167966
-66.87_17.94,-0.5170900084537714,0.30400425567911366,4.904761904761905,0.3868200657687106
-66.87_17.95,-0.5155292508660742,-0.4222739316128536,5.24,0.2827020775866156
-66.87_17.96,-0.24382441149414144,0.3865878116927326,63.6,0.39865910191148923
-66.87_17.97,0.20879459067504177,0.7102368558727084,160.8188976377953,0.4450568706269779
-66.87_17.98,0.33223702541962036,0.48259038861480336,187.33333333333334,0.4124218657454037
-66.87_18.3,0.8272898227673843,-0.25527175417932474,293.6666666666667,0.3066432216835376
-66.87_18.45,0.06065633721943629,0.20363805852388292,129.0,0.3724317408649238
-66.87_18.49,-0.521184179271117,-0.40464547056518474,4.025367156208278,0.28522926335529936
-66.88_17.95,-0.4951711973280832,-0.6004369544634316,9.612745098039216,0.25716093394190687
-66.88_17.96,-0.3310018124064005,-0.409135909801205,44.875,0.2845855217319255
-66.88_17.98,-0.016273049560534172,0.8072542062605518,112.47619047619048,0.45896511063457557
-66.88_18.02,-0.3078864161164477,-0.09011160512358049,49.84,0.3303202957695119
-66.88_18.14,2.883543604854492,0.8218175639357598,735.3333333333334,0.4610528884707415
-66.88_18.29,1.1321252891145297,-0.6325648544381468,359.14285714285717,0.252555133618541
-66.88_18.47,-0.06760734209339346,0.2831202398626724,101.45,0.38382616928384095
-66.88_18.48,-0.17012035595559694,1.3943689229193879,79.43103448275862,0.5431328637080195
-66.88_18.49,-0.3743161609428176,0.6006576544396081,35.57142857142857,0.42934778532131057
-66.89_18.48,-0.3965139832781853,-0.21479990458109974,30.80351602895553,0.3124451962325564
-66.8_18.03,-0.4245913391777237,-1.5448429415629592,24.772727272727273,0.12177252062528963
-66.8_18.49,-0.5105207312268455,-1.9540364331011868,6.315789473684211,0.0631112474910599
-66.91_17.97,-0.5189744458820993,-1.5582156490716044,4.5,0.11985543234326472
-66.91_17.98,-0.4879366529449354,-1.4356710998217503,11.166666666666666,0.13742320754817702
-66.91_18.07,0.24537431324130746,0.8850183255497563,168.67592592592592,0.47011324064152776
-66.91_18.36,0.45173252822770127,-0.3873986497115165,213.0,0.28770173784405756
-66.91_18.43,0.44521459171089683,1.1749704692128877,211.6,0.5116802798222801
-66.91_18.48,-0.25875580688212707,0.7415904622393155,60.392857142857146,0.4495516695542547
-66.92_18.07,0.4781146522242905,0.6967517308899533,218.66666666666666,0.4431236663697721
-66.92_18.12,2.438772032064933,1.9549460401675773,639.8,0.6234962323043235
-66.92_18.15,3.1138440284482476,2.5203571416563606,784.8,0.7045525925432806
-66.92_18.16,3.1408469083035806,0.4973221006859613,790.6,0.4145337785773806
-66.92_18.37,0.4454939318473313,1.310330096429363,211.66,0.531085202499921
-66.92_18.38,0.3818974941190825,-2.4016316379723848,198.0,-0.0010552290279537495
-66.92_18.4,0.43435136418288955,0.2921695909778396,209.26666666666668,0.38512346865059977
-66.92_18.48,-0.22047444111525968,1.570598897340462,68.61538461538461,0.5683968888641654
-66.93_17.97,-0.48050391832050937,-0.5821253839136187,12.763157894736842,0.25978604911053105
-66.93_18.38,0.4419353814136226,0.49821896556605877,210.89565217391305,0.41466235157960046
-66.93_18.46,0.105593663515417,0.31244155148804,138.65217391304347,0.3880296219424932
-66.94_18.46,0.18614213406438995,0.7536193672542287,155.95333333333335,0.45127611262868617
-66.94_18.47,0.011189854725831349,-1.3667550503195034,118.375,0.1473028935323949
-66.94_18.49,-0.2217875785087551,0.5419009091021406,68.33333333333333,0.4209245196584999
-66.95_17.93,-0.48017720471064446,-0.5176162084816477,12.833333333333334,0.26903397322939565
-66.95_17.94,-0.49236641389894203,-1.4051281016510193,10.215189873417721,0.14180179908270085
-66.95_18.12,2.025814197035968,1.2053218122287714,551.1,0.5160313960043886
-66.95_18.15,3.118396238079032,0.4167276694888432,785.7777777777778,0.40297989993727923
-66.95_18.46,0.11368361735615018,1.48725653880952,140.38983050847457,0.5564490721013522
-66.95_18.48,-0.279440278889537,1.3201698756725098,55.95,0.5324958162797074
-66.95_18.49,-0.3373568850051839,1.1778412773698315,43.509981851179674,0.5120918339278389
-66.96_17.93,-0.4767408776354584,-0.9630285354249826,13.571428571428571,0.2051804303249019
-66.96_17.94,-0.49967594720907244,-1.2785382165673937,8.64516129032258,0.15994950665499388
-66.96_18.07,-0.05480425250681335,0.41572080481689305,104.2,0.4028355575546366
-66.96_18.08,-0.0544051951690498,-1.2622384978263073,104.28571428571429,0.16228620621853684
-66.96_18.13,2.5793732340702857,0.3155317242206246,670.0,0.38847262377523656
-66.96_18.14,2.9357109722142636,0.6839540904634208,746.5384615384615,0.44128901871271287
-66.96_18.42,0.5169118933957454,2.053859043506641,227.0,0.6376762298492202
-66.96_18.49,-0.4858455474038299,0.7283446374608283,11.615819209039548,0.4476527709615668
-66.97_17.95,-0.5135428321180956,-0.7095085321329285,5.666666666666667,0.2415246207033959
-66.97_18.09,0.07994410854467383,1.2884166033820308,133.14285714285714,0.5279437219349631
-66.97_18.14,3.333090222711306,0.6015086980229655,831.8923076923077,0.42946978946146636
-66.97_18.18,1.511673157031848,0.46884393914169564,440.6666666666667,0.4104511984600162
-66.97_18.41,0.6478525823494055,0.7352243783907586,255.125,0.4486390387545033
-66.97_18.42,0.5253396736677345,1.2252987223655718,228.8102189781022,0.5188952513836801
-66.97_18.49,-0.4675747905094339,0.4560242164232596,15.540229885057471,0.4086133851236792
-66.98_18.14,3.5781831775512156,0.7270049201533056,884.5362903225806,0.44746071139922183
-66.98_18.17,1.7485949764521989,1.3394011311144316,491.55555555555554,0.5352527758881115
-66.98_18.18,1.5107181480183967,0.2979078774915292,440.46153846153845,0.3859460995073043
-66.98_18.36,0.04028778560442249,1.2421457424433804,124.625,0.5213104111228224
-66.98_18.45,0.14944659487182305,0.8301191938791249,148.07142857142858,0.4622429958200456
-66.99_17.97,-0.496028648960696,-1.0665751187133812,9.428571428571429,0.19033617075087209
-66.99_18.12,0.9394138497528888,1.0737228527279825,317.75,0.49716559616374034
-66.99_18.13,1.120596966023583,1.8152339796033437,356.6666666666667,0.6034673522894054
-66.99_18.15,3.208813979828091,1.0181547450940598,805.1987767584097,0.4891994481020689
-66.99_18.16,2.547947468721407,0.9147267325887075,663.25,0.47437218663097536
-66.99_18.17,2.0217781171198155,0.5924988749809489,550.2330827067669,0.42817815677109294
-66.99_18.18,1.8583441420084206,0.08123847579199128,515.1287878787879,0.3548847478099757
-66.99_18.2,2.2247664497631883,1.9856409556187449,593.8333333333334,0.6278966024381305
-66.99_18.34,-0.1500126823415636,-0.695895835527073,83.75,0.24347611340844272
-66.9_17.95,-0.4644195559886997,-0.48963315314101313,16.21794871794872,0.27304557577540994
-66.9_17.96,0.014532733296534577,0.11416061525014229,119.09302325581395,0.35960440893571327
-66.9_17.97,-0.37409446242183786,0.4807945265767221,35.61904761904762,0.4121644140612841
-66.9_17.98,-0.4540067020295358,-1.2151162240963211,18.454545454545453,0.16904157409985227
-66.9_18.02,-0.33484273928237457,-0.8861848906445975,44.05,0.2161966026939846
-66.9_18.46,-0.01952462786823711,-0.24077947019048787,111.77777777777777,0.30872081051861944
-66.9_18.48,-0.46181317722282245,0.26985323837363784,16.77777777777778,0.3819242348344564
-67.01_17.98,-0.5054103334879253,-0.9903959307779411,7.413461538461538,0.2012570877327767
-67.01_18.18,1.3677988786803945,1.1523512762065347,409.76363636363635,0.50843763132845
-67.01_18.21,1.661994831461612,2.1324178225518966,472.95454545454544,0.6489382809081014
-67.01_18.5,-0.44612692010605,1.1850235189602774,20.147058823529413,0.5131214676936873
-67.01_18.51,-0.5385623213028095,-1.963616064139417,0.2926829268292683,0.061737928109203935
-67.02_18.02,-0.4887125977683645,-0.04829400597325253,11.0,0.33631519465305376
-67.02_18.47,-0.009536825269226666,0.4177549420159918,113.92307692307692,0.4031271679548418
-67.02_18.49,-0.13301949070846633,-1.0706460288819382,87.4,0.18975257209096935
-67.02_18.51,-0.516646611411812,-1.3460509191267827,5.0,0.15027100206788868
-67.03_17.97,-0.49488696085532974,-0.3516783104636197,9.67379679144385,0.2928225440650736
-67.03_18.09,-0.26923106199841984,-1.586647731145036,58.142857142857146,0.11577945809935722
-67.03_18.51,-0.42898701621642193,-0.7925030917450477,23.82857142857143,0.22962666379367117
-67.04_17.96,-0.5320461317537125,-1.8246095477848558,1.6923076923076923,0.08166566252320764
-67.04_17.97,-0.5050287953399195,-0.7786688921593079,7.495412844036697,0.23160991078384652
-67.04_18.0,-0.4193948602086985,-0.5456535380924895,25.88888888888889,0.26501459001762145
-67.04_18.03,-0.45082306563563807,0.127666873936334,19.138364779874212,0.3615406428841905
-67.04_18.08,-0.2524373990342044,-0.6437273207341688,61.75,0.25095490170434054
-67.04_18.09,-0.3350755227294033,0.6203325381035568,44.0,0.4321683427064157
-67.04_18.51,-0.5302256458218212,-0.6574641175921976,2.0833333333333335,0.2489856182012011
-67.05_17.97,-0.49630946708727036,-1.8190348765478945,9.368253968253969,0.08246483777605833
-67.05_17.98,-0.4583426106450076,-0.6485698285252394,17.52322738386308,0.25026068814019325
-67.05_18.0,-0.37749383974352724,-0.10025776986072253,34.888888888888886,0.32886575909378674
-67.05_18.01,-0.45554095656677057,-0.07678347897323552,18.125,0.3322309929449087
-67.05_18.02,-0.4505361124556529,0.12026259107864785,19.2,0.3604791776652667
-67.05_18.03,-0.43833160887571815,-0.10597871790183856,21.821428571428573,0.32804561385060343
-67.05_18.04,-0.3371447089252142,0.8558011793086481,43.55555555555556,0.4659247209526894
-67.05_18.05,-0.29666625396966295,0.41440087866322717,52.25,0.40264633521797105
-67.05_18.08,-0.23381472327190608,-0.5019867457751498,65.75,0.2712745860439362
-67.05_18.51,-0.5120967531289777,-0.5533168781306557,5.9772727272727275,0.2639159868081485
-67.06_17.97,-0.5085422988115526,-0.5128700505297845,6.7407407407407405,0.2697143742467868
-67.06_17.98,-0.431299932655391,-0.22640166032830114,23.33177570093458,0.3107819885403597
-67.06_17.99,-0.20840921948411545,-0.13627926051071004,71.20689655172414,0.32370178032721925
-67.06_18.02,-0.4402936407863889,0.618575611719177,21.4,0.43191647277045114
-67.06_18.44,0.35768801562809477,0.38744892027888017,192.8,0.398782548953084
-67.06_18.51,-0.5132054648035612,0.07734774496045266,5.739130434782608,0.35432697934903884
-67.07_17.97,-0.5118047157136144,0.033736491526876314,6.04,0.3480749452813021
-67.07_18.02,-0.4523380907938034,0.4522054417679034,18.81294964028777,0.40806593217604353
-67.07_18.24,0.7427118370136127,2.142173036406107,275.5,0.6503367715395957
-67.07_18.51,-0.49294502407797774,-0.42711576351373226,10.090909090909092,0.2820079609169204
-67.09_18.01,-0.4152564878170766,1.211847353130415,26.77777777777778,0.5169668862922251
-67.09_18.44,0.26969587265123507,-0.574488843036566,173.9,0.2608808104384923
-67.09_18.52,-0.532165507880394,-1.8759659850557213,1.6666666666666667,0.07430329226012702
-67.0_17.97,-0.5259579492929611,-1.1319648507613893,3.0,0.1809620115543934
-67.0_18.16,2.949357548380158,0.7270981573030081,749.4696356275304,0.4474740777161796
-67.0_18.21,1.943874423681855,1.521289664723373,533.5,0.5613280023290527
-67.11_18.01,-0.44879916389866287,1.3667002340905223,19.573082489146167,0.5391663282028856
-67.11_18.02,-0.4496567083224333,1.0287944265466242,19.38888888888889,0.49072473448285625
-67.11_18.03,-0.4248911360413213,0.2861973552522656,24.708333333333332,0.3842672992384155
-67.11_18.23,0.3680316974917191,1.1157069228194958,195.02173913043478,0.5031843600342669
-67.11_18.47,-0.03890335243285095,0.6832776622807649,107.61538461538461,0.44119204713520976
-67.11_18.51,-0.41712070745575536,1.5229737374537207,26.37735849056604,0.5615694280908395
-67.12_18.19,0.46621683159837773,-1.2430484564602162,216.11111111111111,0.16503725744811945
-67.12_18.23,-0.3452444838364478,0.6159465885246214,41.81578947368421,0.4315395805400486
-67.12_18.51,-0.4905032396685855,1.0664980472700198,10.615384615384615,0.4961298605152626
-67.13_17.95,-0.4992299221823131,0.12570363997033662,8.740963855421686,0.36125919704918263
-67.13_17.96,-0.43328796752342896,0.5867043910877804,22.904761904761905,0.42734746955500047
-67.13_17.99,0.21284229466653018,0.13984782817864577,161.6883116883117,0.36328688347359406
-67.13_18.0,0.09657149761815455,0.377674550475687,136.71428571428572,0.3973813121577854
-67.13_18.11,-0.4778493702403572,1.0610570062374403,13.333333333333334,0.495349842258015
-67.13_18.17,-0.3498890148130496,0.7366698045395678,40.81818181818182,0.44884625255399924
-67.13_18.21,-0.4149978395426003,1.0948465177817677,26.833333333333332,0.5001938483499077
-67.13_18.22,-0.3769765431945745,0.9709716406725428,35.0,0.4824353596377417
-67.13_18.26,-0.48405692882778995,0.9647985917169418,12.0,0.481550401987281
-67.13_18.27,-0.48289301159264625,0.5890592690101197,12.25,0.4276850607920478
-67.13_18.29,-0.45100167934971036,-0.7390250387130779,19.1,0.23729318523271545
-67.13_18.46,0.018755316754265047,0.8775700883468232,120.0,0.46904547420348564
-67.13_18.5,-0.23935496931118982,-0.9843042010636928,64.56,0.20213038759706362
-67.14_17.95,-0.52695559263737,-1.4021544821822516,2.7857142857142856,0.1422280920405847
-67.14_17.98,-0.17484291669129468,0.13086938470057646,78.41666666666667,0.3619997493033819
-67.14_18.08,-0.3181458174909502,1.1715406955791625,47.63636363636363,0.5111885933901226
-67.14_18.19,-0.418360267110793,-0.1813160729168336,26.11111111111111,0.31724538058410684
-67.14_18.2,-0.45641389449312836,-1.335375113589748,17.9375,0.1518014671351157
-67.14_18.21,-0.4673256185726,-0.5688115151049308,15.59375,0.2616947023780202
-67.14_18.26,-0.48405692882778995,1.2624634178817857,12.0,0.5242231180279702
-67.14_18.4,-0.4002548878974474,-1.2062423474389168,30.0,0.1703137177510199
-67.14_18.5,-0.23161621293885695,-0.2599839717940785,66.22222222222223,0.3059676862943312
-67.14_18.51,-0.4680207358102553,0.06234391895807658,15.444444444444445,0.35217605673324837
-67.15_17.98,-0.3205265572901077,-0.8299711194237019,47.125,0.22425531197378748
-67.15_18.01,-0.5111895568339254,0.3757969268253872,6.172131147540983,0.39711213926996775
-67.15_18.02,-0.5086843594168521,-0.18587202326471466,6.7102272727272725,0.3165922474007359
-67.15_18.03,-0.41887756365974577,0.1358572953391733,26.0,0.36271480756894703
-67.15_18.08,-0.41094975003923906,-0.12039372608067571,27.702830188679247,0.32597910314235107
-67.15_18.19,-0.5206371847894474,0.035812184038434974,4.142857142857143,0.34837251297942334
-67.15_18.2,-0.5224994523656772,-1.2645322823392289,3.742857142857143,0.16195737322728437
-67.15_18.21,-0.5213022803523866,-1.3414495979169736,4.0,0.15093063953976601
-67.15_18.23,-0.31545729511817705,0.4818788821424745,48.21383647798742,0.41231986540479915
-67.15_18.25,-0.4887125977683645,1.284991235565146,11.0,0.5274526671131082
-67.15_18.41,-0.3478786123159834,1.0339622848666048,41.25,0.49146558973763504
-67.15_18.42,-0.028577317474909904,-0.09234070228636003,109.83333333333333,0.3300007362451974
-67.15_18.43,-0.43051673601118223,-0.7996437159130038,23.5,0.22860299622972552
-67.15_18.47,-0.21216586269823423,-1.3999516194996229,70.4,0.1425438906350763
-67.15_18.49,-0.21649704562173852,0.6520083671615644,69.46969696969697,0.4367093349229338
-67.16_17.96,-0.5026796045900882,-0.6629178868576066,8.0,0.24820377524644988
-67.16_17.99,-0.33108494935176797,-0.32344937753669756,44.857142857142854,0.2968693951977469
-67.16_18.0,-0.4654342530654916,0.5439471748865867,16.0,0.4212178687917801
-67.16_18.01,-0.5163796863925524,0.47119519690242534,5.057333333333333,0.4107882707169396
-67.16_18.02,-0.509954087309736,-0.2646509381998256,6.4375,0.30529863804039475
-67.16_18.03,-0.48819530121941174,-0.5891334106542948,11.11111111111111,0.2587813904850446
-67.16_18.08,-0.404910556838022,-0.9003791745467185,29.0,0.21416173463731775
-67.16_18.19,-0.520991902423015,-1.1205259656058135,4.066666666666666,0.18260187039950806
-67.16_18.21,-0.5345143138323956,-1.5163960502937999,1.162162162162162,0.12585061788995253
-67.16_18.22,-0.5246277581670827,-2.012995618336624,3.2857142857142856,0.054658960393662234
-67.16_18.24,-0.43362051530489865,-0.9026397489398893,22.833333333333332,0.21383766259154902
-67.16_18.27,-0.4998862032257435,0.4542277409121688,8.6,0.40835584549312715
-67.16_18.28,-0.5199329659580999,-0.19515981683532949,4.294117647058823,0.3152607653348505
-67.16_18.38,-0.5004379862112931,1.1980328933108124,8.481481481481481,0.5149864691608743
-67.16_18.41,-0.5014460512810471,-0.9019070623383825,8.264957264957266,0.21394269927893916
-67.16_18.42,-0.5026796045900882,-0.8215249576943204,8.0,0.22546613915063382
-67.16_18.43,-0.531075631181837,-2.2101343111762244,1.900763358778626,0.026397497430221063
-67.16_18.45,-0.3769765431945745,-0.7975276536159855,35.0,0.2289063512706569
-67.16_18.46,-0.47478007738323763,-0.30287107943919916,13.992592592592592,0.29981946451775754
-67.16_18.47,-0.3106332607913867,-0.19063831882679177,49.25,0.3159089594902796
-67.16_18.49,-0.47601141798578317,1.0975751888597005,13.728110599078342,0.5005850259289898
-67.17_17.97,-0.5245030527490316,-1.1446781117770066,3.3125,0.17913946038413803
-67.17_17.98,-0.45521596668942527,0.34530604333647646,18.194805194805195,0.3927410188063377
-67.17_18.0,-0.4784701260991004,0.02618998799708825,13.2,0.3469930915521404
-67.17_18.01,-0.5015509575741914,-0.2105737048384082,8.242424242424242,0.31305105693795005
-67.17_18.02,-0.5024749598014916,-1.2503651086695373,8.043956043956044,0.16398835480779225
-67.17_18.03,-0.48098616846273007,-0.6710275567026833,12.659574468085106,0.24704118696572686
-67.17_18.11,-0.30581131796007727,0.4123972150644637,50.285714285714285,0.4023590934605464
-67.17_18.17,-0.5263459217046756,-0.07523257799351359,2.9166666666666665,0.3324533274342321
-67.17_18.18,-0.5222033775666913,0.4035263868211504,3.806451612903226,0.4010873868247647
-67.17_18.25,-0.5189744458820993,0.2575514973279965,4.5,0.3801606784572712
-67.17_18.39,-0.42619361485207724,0.31283135715823596,24.428571428571427,0.3880855038110016
-67.17_18.47,-0.47707342541692804,-1.1214681036763763,13.5,0.18246680711079424
-67.17_18.48,-0.5069473011189483,-0.1482582432559263,7.083333333333333,0.32198449402326124
-67.18_17.97,-0.522786578986751,-1.5328641571939063,3.681184668989547,0.12348977849038305
-67.18_17.98,-0.4740371195861185,0.16380673458944042,14.152173913043478,0.3667215909702302
-67.18_18.0,-0.4427378669801905,1.0735626242507799,20.875,0.49714262608562465
-67.18_18.03,-0.4846509279684839,0.23669225862021917,11.872413793103448,0.3771703339759619
-67.18_18.1,-0.4554578196214032,0.5039813061415743,18.142857142857142,0.4154884307851178
-67.18_18.12,-0.5163140636303424,-1.3274349931902025,5.071428571428571,0.15293974909978106
-67.18_18.13,-0.5192152563445428,0.15769604407987065,4.448275862068965,0.36584557291903125
-67.18_18.16,-0.47341539982076225,0.3219590650914283,14.285714285714286,0.3893940362760358
-67.18_18.17,-0.5245254357727844,-1.3724240950020181,3.3076923076923075,0.14649018906517325
-67.18_18.25,-0.5075143377206849,-1.5476229299879924,6.961538461538462,0.12137398627984385
-67.18_18.41,-0.5225929608507637,-1.5148514561717974,3.722772277227723,0.12607204823903187
-67.19_17.93,-0.42064768778819334,-1.118840257863996,25.619791666666668,0.18284353055371902
-67.19_17.94,-0.5086300872329808,-1.4444555366773697,6.721884498480243,0.1361638858327197
-67.19_17.95,-0.5237409640831637,-1.6207071705588547,3.4761904761904763,0.11089675561368943
-67.19_17.97,-0.4835396322788372,-0.5794555725595,12.11111111111111,0.2601687886611336
-67.19_17.98,-0.463455237827755,-0.6397832152806978,16.425076452599388,0.2515203218590124
-67.19_18.06,-0.43801753597099685,0.5090684733069687,21.88888888888889,0.4162177182951583
-67.19_18.09,-0.4867523161091752,0.1663683814096683,11.421052631578947,0.3670888242398258
-67.19_18.1,-0.4847552791688761,-0.5361887787660361,11.85,0.2663714415890179
-67.19_18.27,-0.5306701648198585,0.618512784856257,1.9878542510121457,0.4319074660197522
-67.19_18.28,-0.5069473011189483,0.007711959199774747,7.083333333333333,0.3443441132162763
-67.19_18.29,-0.5073352735306629,-0.8096672174288857,7.0,0.22716604434181997
-67.1_17.99,-0.2419621439179116,-0.6360767007908794,64.0,0.2520516813829527
-67.1_18.01,-0.45386040259970095,0.6552144342849843,18.4859693877551,0.43716895117564253
-67.1_18.02,-0.46210877525079547,1.2358392082959389,16.714285714285715,0.5204063172655063
-67.1_18.03,-0.410600818876502,0.06868715481681766,27.77777777777778,0.35308541208459
-67.1_18.51,-0.5060258666411263,-0.06394572358628367,7.28125,0.33407139141349984
-67.21_17.95,-0.5311955768511075,-1.2467746671936901,1.875,0.1645030743046625
-67.21_17.96,-0.534846044543149,-2.760019766827803,1.0909090909090908,-0.05243313300150498
-67.21_17.97,-0.5338208568370426,-1.638114757142322,1.3111111111111111,0.10840123402721004
-67.21_17.98,-0.5025632128665739,-1.1108188612809866,8.025,0.1839934641318535
-67.21_17.99,-0.4306536674506109,-0.8973764999252694,23.470588235294116,0.21459219289177311
-67.21_18.3,-0.46595154961444435,0.1370392290660389,15.88888888888889,0.3628842475493279
-67.22_18.3,-0.45177762417313944,-0.9326984973605388,18.933333333333334,0.2095284922659206
-67.24_18.31,-0.5069731659463959,-0.2504991543459242,7.0777777777777775,0.30732741336345665
-67.25_18.32,-0.5091259154308838,-1.2585867302216094,6.615384615384615,0.16280971732345847
-67.25_18.33,-0.5026796045900882,-0.8863654753037833,8.0,0.21617071438873192
-67.25_18.34,-0.4711853735214955,-1.6037265819080677,14.764705882352942,0.11333106351306314
-67.25_18.35,-0.2274778405472351,0.7514248212002769,67.11111111111111,0.4509615062917364
-67.25_18.37,-0.513042222554593,0.10016671660895678,5.774193548387097,0.3575982677644121
-67.26_18.34,-0.5074807631850557,-0.7949217343217287,6.96875,0.22927993136576424
-67.26_18.35,-0.4922580687308021,0.5755156348815409,10.238461538461538,0.4257434687646184
-67.26_18.36,-0.23352374396312017,0.618705416687637,65.8125,0.4319350813868306
-67.27_18.35,-0.5050074390603756,-0.5034301447012137,7.5,0.27106766286359624
-67.27_18.36,-0.47478581270854636,0.08567546541666937,13.991360691144708,0.35552082698926213
-67.2_17.94,-0.5224661975875302,-0.9445607048575491,3.75,0.20782794666012125
-67.2_17.95,-0.50785546000447,-0.6554965621474789,6.888268156424581,0.24926768355594442
-67.2_17.96,-0.5102827473923216,-1.5447324694020066,6.366906474820144,0.12178835772373178
-67.2_18.0,-0.5026796045900882,-1.1510234366804009,8.0,0.17822980555095827
-67.2_18.04,-0.5072777961363347,1.127398574167702,7.012345679012346,0.5048604550047638
-67.2_18.05,-0.5025103075377038,-0.457921106895649,8.036363636363637,0.2775917600254369
-67.2_18.06,-0.5052660873348519,-0.15701356183269832,7.444444444444445,0.32072934665403374
-67.2_18.29,-0.4837243810463203,-1.8159207246718185,12.071428571428571,0.08291127721745135
-67.89_18.09,-0.25792443742845306,0.6446577195620017,60.57142857142857,0.43565555876209977
-67.93_18.07,-0.5162233687808506,-0.08963285419206196,5.090909090909091,0.33038892867726294
-67.93_18.08,-0.5001965811551151,0.8454656353049217,8.533333333333333,0.4644430351919646
-67.94_18.08,-0.5050074390603756,-0.067506640225897,7.5,0.33356090454622506
-67.94_18.09,-0.49918785288465733,0.2996089001441227,8.75,0.3861899551807076
