"Predicted","SE","lower","upper","elev","veg","elev_m"
0.588408548668999,0.0993236402955128,0.390211468247713,0.761551414569365,-0.539924956114685,0,2.8421709430404e-14
0.582964593420246,0.0986985446028828,0.386811626111105,0.755957915659505,-0.509508165302804,0,6.53328043727412
0.577500335489336,0.0980821010568072,0.383348835924587,0.750334832020181,-0.479091374490924,0,13.0665608745482
0.572017043669979,0.097476235917702,0.379821943718273,0.744687214282964,-0.448674583679043,0,19.5998413118223
0.56651600522116,0.0968828649411564,0.376229887607351,0.739020239059892,-0.418257792867163,0,26.1331217490964
0.560998524706163,0.0963038836994506,0.372571712238312,0.733339188070666,-0.387841002055282,0,32.6664021863705
0.555465922796148,0.0957411574351685,0.368846583849894,0.727649425584582,-0.357424211243402,0,39.1996826236446
0.549919535040545,0.0951965105144725,0.36505380581761,0.721956374321112,-0.327007420431521,0,45.7329630609187
0.544360710606588,0.0946717155624373,0.361192834522861,0.716265489989759,-0.296590629619641,0,52.2662434981928
0.538790810990477,0.0941684823777793,0.357263295359819,0.710582234686683,-0.26617383880776,0,58.7995239354668
0.533211208702704,0.0936884467388722,0.353264998666409,0.704912049401384,-0.23575704799588,0,65.3328043727409
0.527623285930214,0.0932331592265478,0.349197955341018,0.699260325920336,-0.205340257183999,0,71.866084810015
0.52202843317813,0.0928040742012224,0.345062391885186,0.6936323784444,-0.174923466372119,0,78.3993652472891
0.516428047893851,0.0924025390817358,0.34085876459579,0.688033415261854,-0.144506675560238,0,84.9326456845632
0.510823533076402,0.0920297840802869,0.336587772619314,0.6824685108375,-0.114089884748358,0,91.4659261218373
0.50521629587396,0.0916869125514303,0.332250369576943,0.676942578689362,-0.0836730939364772,0,97.9992065591114
0.499607746172534,0.0913748921127351,0.327847773473223,0.671460345426826,-0.0532563031245967,0,104.532486996385
0.493999295178788,0.0910945466900396,0.323381474613821,0.666026326317015,-0.0228395123127162,0,111.06576743366
0.488392354000051,0.0908465496310372,0.318853241279613,0.660644802729119,0.00757727849916434,0,117.599047870934
0.482788332224529,0.090631418017189,0.31426512293511,0.655319801779474,0.0379940693110449,0,124.132328308208
0.477188636504776,0.0904495082858685,0.309619450788444,0.650055078463639,0.0684108601229254,0,130.665608745482
0.471594669147422,0.090301013252628,0.304918835567003,0.64485410051657,0.0988276509348059,0,137.198889182756
0.466007826712182,0.0901859605981559,0.300166162425894,0.639720036189453,0.129244441746686,0,143.73216962003
0.460429498623087,0.0901042128566969,0.295364582964019,0.634655745073608,0.159661232558567,0,150.265450057304
0.454861065794882,0.0900554689133882,0.290517504382744,0.629663772040096,0.190078023370447,0,156.798730494578
0.449303899277439,0.0900392669881864,0.28562857588261,0.624746344300443,0.220494814182328,0,163.332010931852
0.443759358920996,0.0900549890549119,0.280701672452177,0.619905371531569,0.250911604994209,0,169.865291369126
0.438228792064941,0.0901018666164752,0.275740876257647,0.615142448948742,0.281328395806089,0,176.3985718064
0.432713532252785,0.0901789877325495,0.270750455890489,0.610458863156231,0.31174518661797,0,182.931852243675
0.427214897975873,0.090285305174627,0.265734843771129,0.605855600558058,0.34216197742985,0,189.465132680949
0.421734191448278,0.0904196455661777,0.260698612038804,0.601333358072171,0.372578768241731,0,195.998413118223
0.416272697415204,0.0905807193529414,0.255646447279837,0.596892555861411,0.402995559053611,0,202.531693555497
0.410831681997138,0.0907671314404054,0.250583124458807,0.592533351774293,0.433412349865492,0,209.064973992771
0.405412391571817,0.0909773923322244,0.245513480419267,0.588255657177808,0.463829140677372,0,215.598254430045
0.400016051696004,0.0912099296044926,0.240442387313478,0.584059153862844,0.494245931489253,0,222.131534867319
0.394643866068878,0.0914630995559653,0.235374726304912,0.579943311709533,0.524662722301133,0,228.664815304593
0.389297015538746,0.0917351988830218,0.23031536186423,0.57590740681393,0.555079513113014,0,235.198095741867
0.383976657154606,0.0920244762397208,0.225269116950384,0.571950539797534,0.585496303924894,0,241.731376179141
0.378683923263974,0.0923291435570633,0.220240749334932,0.568071654046085,0.615913094736775,0,248.264656616415
0.373419920658215,0.0926473870108469,0.215234929291007,0.564269553652294,0.646329885548655,0,254.79793705369
0.368185729766478,0.0929773775436401,0.210256218830065,0.560542920867472,0.676746676360536,0,261.331217490964
0.362982403899176,0.093317280862802,0.205309052630877,0.55689033289815,0.707163467172416,0,267.864497928238
0.357810968541806,0.0936652668526267,0.200397720767322,0.553310277914725,0.737580257984297,0,274.397778365512
0.352672420699744,0.0940195183541519,0.195526353305303,0.549801170168899,0.767997048796177,0,280.931058802786
0.347567728294508,0.0943782392806052,0.190698906805425,0.546361364144724,0.798413839608058,0,287.46433924006
0.342497829611807,0.0947396620496289,0.185919152737289,0.542989167693621,0.828830630419938,0,293.997619677334
0.337463632801594,0.0951020543251502,0.181190667783954,0.539682854126714,0.859247421231819,0,300.530900114608
0.332466015430125,0.0954637250719762,0.176516825991347,0.536440673257846,0.889664212043699,0,307.064180551882
0.327505824083967,0.0958230299348757,0.171900792697283,0.533260861407743,0.92008100285558,0,313.597460989156
0.322583874025683,0.0961783759610855,0.167345520158251,0.530141650394004,0.95049779366746,0,320.13074142643
0.317700948900835,0.0965282256909438,0.162853744778989,0.527081275543011,0.980914584479341,0,326.664021863705
0.312857800495815,0.0968711006458017,0.158427985839989,0.524077982768779,1.01133137529122,0,333.197302300979
0.308055148545853,0.0972055842456275,0.154070545611091,0.52113003477028,1.0417481661031,0,339.730582738253
0.30329368059249,0.0975303241909342,0.149783510734956,0.518235716403335,1.07216495691498,0,346.263863175527
0.298574051889631,0.0978440343449749,0.145568754762182,0.515393339285846,1.10258174772686,0,352.797143612801
0.293896885357243,0.0981454961526893,0.141427941719732,0.512601245696378,1.13299853853874,0,359.330424050075
0.289262771581619,0.0984335596327937,0.137362530596,0.509857811826054,1.16341532935062,0,365.863704487349
0.284672268861063,0.0987071439787963,0.133373780628797,0.507161450442661,1.1938321201625,0,372.396984924623
0.280125903295759,0.0989652378037081,0.129462757286725,0.504510613023991,1.22424891097439,0,378.930265361897
0.275624168920491,0.0992068990618947,0.125630338839368,0.501903791415021,1.25466570178627,0,385.463545799171
0.271167527878842,0.0994312546799748,0.121877223417416,0.499339519060559,1.28508249259815,0,391.996826236445
0.266756410637407,0.0996374999269691,0.11820393646996,0.496816371861868,1.31549928341003,0,398.53010667372
0.262391216238499,0.0998248975521209,0.114610838532653,0.494332968702338,1.34591607422191,0,405.063387110994
0.258072312589801,0.0999927767169758,0.111098133226992,0.491887971683878,1.37633286503379,0,411.596667548268
0.253800036789337,0.100140531746478,0.107665875417657,0.489480086112229,1.40674965584567,0,418.129947985542
0.249574695484127,0.100267620722032,0.104313979461384,0.487108060266037,1.43716644665755,0,424.663228422816
0.245396565260851,0.100373563937735,0.101042227487327,0.484770684981272,1.46758323746943,0,431.19650886009
0.241265893066809,0.100457942239279,0.0978502776550862,0.482466793079442,1.49800002828131,0,437.729789297364
0.237182896659482,0.100520395263448,0.0947376723425787,0.48019525866514,1.52841681909319,0,444.263069734638
0.233147765082933,0.100560619594588,0.0917038462216477,0.477954996315704,1.55883360990507,0,450.796350171912
0.229160659169357,0.100578366853028,0.0887481341846818,0.47574496018321,1.58925040071695,0,457.329630609186
0.225221712063999,0.100573441729083,0.0858697790905907,0.473564143026667,1.61966719152883,0,463.86291104646
0.221331029771754,0.10054569997503,0.0830679393032035,0.47141157519014,1.65008398234071,0,470.396191483735
0.217488691723706,0.100495046366328,0.0803416959995339,0.469286323540541,1.68050077315259,0,476.929471921009
0.213694751361918,0.100421432642247,0.077690060229389,0.467187490377063,1.71091756396447,0,483.462752358283
0.20994923674079,0.100324855435127,0.0751119797114996,0.465114212322617,1.74133435477635,0,489.996032795557
0.206252151143327,0.100205354196575,0.0726063453547186,0.463065659206192,1.77175114558823,0,496.529313232831
0.202603473710702,0.100063009128082,0.0701719974958842,0.461041032943772,1.80216793640012,0,503.062593670105
0.199003160083509,0.099897939122766,0.0678077318486985,0.459039566424281,1.832584727212,0,509.595874107379
0.195451143053154,0.0997102997242762,0.0655123051604281,0.457060522406031,1.86300151802388,0,516.129154544653
0.191947333221873,0.0995002811082334,0.063284440575426,0.455103192428206,1.89341830883576,0,522.662434981927
0.188491619669886,0.0992681060909915,0.0611228327064032,0.453166895741186,1.92383509964764,0,529.195715419201
0.185083870628273,0.099014028169979,0.0590261524160754,0.451250978258729,1.95425189045952,0,535.728995856475
0.181723934156179,0.0987383295993734,0.0569930513132751,0.449354811534523,1.9846686812714,0,542.26227629375
0.178411638821009,0.098441319504411,0.0550221659688924,0.447477791764987,2.01508547208328,0,548.795556731024
0.175146794380334,0.0981233320372153,0.0531121218580751,0.445619338819824,2.04550226289516,0,555.328837168298
0.171929192464271,0.0977847245766444,0.051261537036026,0.44377889530138,2.07591905370704,0,561.862117605572
0.168758607257161,0.0974258759743018,0.0494690255554776,0.441955925633545,2.10633584451892,0,568.395398042846
0.165634796177402,0.0970471848485352,0.0477332006345225,0.440149915180622,2.1367526353308,0,574.92867848012
0.162557500554385,0.0966490679279427,0.046052677583948,0.438360369396372,2.16716942614268,0,581.461958917394
0.159526446301493,0.0962319584456352,0.0444260765035785,0.436586813003189,2.19758621695456,0,587.995239354668
0.156541344584218,0.0957963045852483,0.0428520247573747,0.434828789201228,2.22800300776644,0,594.528519791942
0.153601892482464,0.0953425679794633,0.0413291592371944,0.43308585890712,2.25841979857832,0,601.061800229216
0.150707773646206,0.0948712222615831,0.0398561284251957,0.431357600021834,2.2888365893902,0,607.595080666491
0.147858658943678,0.0943827516705104,0.0384315942648618,0.429643606727085,2.31925338020208,0,614.128361103765
0.145054207101364,0.0938776497092945,0.037054233850565,0.427943488809682,2.34967017101396,0,620.661641541039
0.142294065335082,0.0933564178572452,0.0357227409454736,0.426256871013078,2.38008696182584,0,627.194921978313
0.139577869971519,0.092819564335461,0.0344358273374402,0.424583392415384,2.41050375263773,0,633.728202415587
0.136905247059639,0.092267602925476,0.0331922240423084,0.422922705833054,2.44092054344961,0,640.261482852861
0.134275812971396,0.091701051840605,0.0319906823638407,0.421274477249428,2.47133733426149,0,646.794763290135
0.131689174991281,0.0911204326494475,0.0308299748192059,0.419638385267292,2.50175412507337,0,653.328043727409
0.129144931894242,0.0905262692509061,0.0297088959386816,0.418014120584639,2.53217091588525,0,659.861324164683
0.126642674511584,0.0899190868999792,0.0286262629479249,0.41640138549277,2.56258770669713,0,666.394604601957
0.124181986284481,0.0892994112835001,0.0275809163408494,0.414799893395915,2.59300449750901,0,672.927885039231
0.1217624438048,0.088667767644919,0.0265717203508241,0.41320936835154,2.62342128832089,0,679.461165476505
0.119383617342956,0.0880246799571543,0.0255975633275779,0.411629544630537,2.65383807913277,0,685.99444591378
0.117045071362565,0.087370670142477,0.0246573580268639,0.410060166296482,2.68425486994465,0,692.527726351054
0.114746365021705,0.0867062573383403,0.0237500418196,0.4085009868032,2.71467166075653,0,699.061006788328
0.112487052660619,0.0860319572080197,0.0228745768268747,0.406951768609863,2.74508845156841,0,705.594287225602
0.110266684275752,0.0853482812948861,0.0220299499868775,0.405412282812889,2.77550524238029,0,712.127567662876
0.108084805980009,0.0846557364191038,0.02121517305949,0.403882308793925,2.80592203319217,0,718.66084810015
0.1059409604492,0.0839548241155156,0.0204292825739594,0.402361633883212,2.83633882400405,0,725.194128537424
0.103834687354623,0.0832460401114541,0.0196713397247664,0.40085005303768,2.86675561481593,0,731.727408974698
0.101765523781801,0.0825298738432032,0.0189404302205001,0.399347368533104,2.89717240562781,0,738.260689411972
0.099733004635382,0.0818068080098179,0.0182356640902634,0.397853389669722,2.92758919643969,0,744.793969849246
0.0977366630302732,0.0810773181630066,0.0175561754518504,0.396367932490693,2.95800598725157,0,751.32725028652
0.0957760306690655,0.0803418723317714,0.0169011222456683,0.394890819512845,2.98842277806345,0,757.860530723794
0.093850638205856,0.0796009306805071,0.0162696859381182,0.393421879469139,3.01883956887534,0,764.393811161069
0.0919600155965815,0.0788549451992589,0.0156610711978987,0.39196094706233,3.04925635968722,0,770.927091598343
0.0901036924359996,0.0781043594248488,0.0150745055484596,0.390507862729326,3.0796731504991,0,777.460372035617
0.0882811982814695,0.0773496081915888,0.01450923899961,0.389062472415739,3.11008994131098,0,783.993652472891
0.086492062963703,0.0765911174103133,0.0139645436610634,0.387624627360185,3.14050673212286,0,790.526932910165
0.0847358168846696,0.0758293038744779,0.0134397133405042,0.386194183887878,3.17092352293474,0,797.060213347439
0.0830119913028516,0.0750645750920894,0.0129340631285624,0.384771003213092,3.20134031374662,0,803.593493784713
0.0813201186060611,0.0742973291422525,0.0124469289729004,0.383354951250098,3.2317571045585,0,810.126774221987
0.079659732572037,0.0735279545551396,0.0119776672434439,0.381945898432171,3.26217389537038,0,816.660054659261
0.0780303686170543,0.0727568302142145,0.0115256542906235,0.380543719538316,3.29259068618226,0,823.193335096536
0.0764315640327836,0.0719843252795647,0.0110902859983405,0.379148293527349,3.32300747699414,0,829.72661553381
0.0748628582116474,0.0712107991312246,0.0106709773332258,0.377759503379004,3.35342426780602,0,836.259895971084
0.0733237928609272,0.0704366013313982,0.0102671618916252,0.376377235941734,3.3838410586179,0,842.793176408358
0.07181391220588,0.069662071604519,0.00987829144561464,0.375001381786919,3.41425784942978,0,849.326456845632
0.070332763182127,0.0688875398341136,0.00950383548923351,0.373631835069176,3.44467464024166,0,855.859737282906
0.0688798956175836,0.0681133260754658,0.00914328078600895,0.372268493392491,3.47509143105354,0,862.39301772018
0.0674548624042007,0.0673397405831082,0.00879613091874236,0.370911257681927,3.50550822186542,0,868.926298157454
0.0660572196597889,0.066567083852198,0.00846190584243109,0.36956003206063,3.5359250126773,0,875.459578594728
0.064686526880203,0.0657956466728681,0.00814014144110865,0.368214723731919,3.56634180348918,0,881.992859032002
0.0633423470821593,0.0650257101966704,0.00783038908930215,0.366875242866211,3.59675859430107,0,888.526139469276
0.0620242469369636,0.064257546014266,0.00753221521872859,0.365541502492575,3.62717538511295,0,895.05941990655
0.0607317968954236,0.0634914162435414,0.00724520089077847,0.364213418394702,3.65759217592483,0,901.592700343825
0.0594645713042215,0.0627275736273675,0.00696894137526895,0.362890909011094,3.68800896673671,0,908.125980781099
0.0582221485140194,0.061966261640244,0.00670304573588686,0.361573895339288,3.71842575754859,0,914.659261218373
0.0570041109795684,0.0612077146031043,0.00644713642268456,0.360262300843931,3.74884254836047,0,921.192541655647
0.0558100453520912,0.0604521578055883,0.00620084887193957,0.358956051368532,3.77925933917235,0,927.725822092921
0.0546395425642033,0.0596998076351155,0.00596383111364006,0.35765507505074,3.80967612998423,0,934.259102530195
0.053492197907638,0.0589508717121253,0.00573574338681433,0.356359302240978,3.84009292079611,0,940.792382967469
0.0523676111040323,0.0582055490308777,0.00551625776288138,0.355068665424301,3.87050971160799,0,947.325663404743
0.0512653863690322,0.0574640301052346,0.00530505777716279,0.353783099145318,3.90092650241987,0,953.858943842017
0.0501851324699682,0.0567264971188733,0.00510183806866163,0.352502539936065,3.93134329323175,0,960.392224279291
0.0491264627773496,0.0559931240794078,0.00490630402818378,0.351226926246684,3.96176008404363,0,966.925504716565
0.0480889953104209,0.0552640769759203,0.00471817145484831,0.349956198378799,3.99217687485551,0,973.458785153839
0.0470723527770184,0.0545395139394331,0.00453716622100824,0.348690298421456,4.02259366566739,0,979.992065591113
0.046076162607963,0.0538195854058736,0.00436302394557994,0.34742917018954,4.05301045647927,0,986.525346028388
0.0451000569862162,0.0531044342811102,0.00419548967575849,0.346172759164545,4.08342724729115,0,993.058626465662
0.0441436728710249,0.0523941961076622,0.00403431757707745,0.344921012437596,4.11384403810303,0,999.591906902936
0.0432066520172728,0.0516889992327062,0.00387927063175494,0.343673878654641,4.14426082891491,0,1006.12518734021
0.0422886409902535,0.0509889649770273,0.00373012034525263,0.342431307963711,4.1746776197268,0,1012.65846777748
0.0413892911760721,0.0502942078045814,0.00358664646096108,0.341193251964161,4.20509441053867,0,1019.19174821476
0.0405082587878788,0.0496048354923584,0.00344863668291295,0.339959663657812,4.23551120135056,0,1025.72502865203
0.0396452048681339,0.0489209493002542,0.00331588640641527,0.338730497401912,4.26592799216244,0,1032.25830908931
0.0387997952870923,0.0482426441406778,0.00318819845648283,0.337505708863845,4.29634478297432,0,1038.79158952658
0.0379717007376993,0.0475700087476407,0.00306538283394683,0.336285254977505,4.3267615737862,0,1045.32486996385
0.0371605967270746,0.0469031258450916,0.00294725646910627,0.335069093901281,4.35717836459808,0,1051.85815040113
0.0363661635647634,0.0462420723142753,0.00283364298278362,0.333857184977571,4.38759515540996,0,1058.3914308384
0.0355880863479238,0.0455869193599146,0.0027243724546416,0.332649488693778,4.41801194622184,0,1064.92471127568
0.034826054943616,0.0449377326750243,0.00261928119861384,0.33144596664471,4.44842873703372,0,1071.45799171295
0.0340797639683538,0.0442945726041868,0.00251821154529907,0.330246581496347,4.4788455278456,0,1077.99127215022
0.033348912765072,0.0436574943051277,0.00242101163116571,0.329051296950902,4.50926231865748,0,1084.5245525875
0.0326332053776603,0.043026547908447,0.00232753519441226,0.327860077713131,4.53967910946936,0,1091.05783302477
0.031932350523208,0.0424017786753737,0.00223764137732727,0.326672889457849,4.57009590028124,0,1097.59111346205
0.0312460615620981,0.0417832271534205,0.00215119453499205,0.325489698798586,4.60051269109312,0,1104.12439389932
0.0305740564660866,0.0411709293298327,0.00206806405016904,0.324310473257362,4.630929481905,0,1110.6576743366
0.0299160577844956,0.0405649167827312,0.00198812415421878,0.323135181235508,4.66134627271688,0,1117.19095477387
0.0292717926086454,0.0399652168298624,0.00191125375388907,0.321963791985519,4.69176306352876,0,1123.72423521114
0.0286409925346457,0.039371852674878,0.00183733626382079,0.320796275583883,4.72217985434064,0,1130.25751564842
0.028023393624662,0.0387848435510751,0.00176625944461596,0.319632602904848,4.75259664515252,0,1136.79079608569
0.0274187363667677,0.0382042048625383,0.00169791524631512,0.318472745595098,4.78301343596441,0,1143.32407652297
0.0268267656334885,0.0376299483226315,0.00163219965713295,0.317316676049297,4.81343022677629,0,1149.85735696024
0.0262472306391424,0.0370620820897969,0.00156901255730277,0.316164367386467,4.84384701758817,0,1156.39063739751
0.0256798848960728,0.0365006109006245,0.00150825757788276,0.315015793427178,4.87426380840005,0,1162.92391783479
0.0251244861698694,0.0359455362001639,0.00144984196437916,0.313870928671499,4.90468059921193,0,1169.45719827206
0.0245807964336663,0.0353968562694542,0.00139367644504388,0.312729748277707,4.93509739002381,0,1175.99047870934
0.0240485818216054,0.0348545663502582,0.00133967510370662,0.311592228041697,4.96551418083569,0,1182.52375914661
0.0235276125815449,0.0343186587669874,0.00128775525700435,0.310458344377095,4.99593097164757,0,1189.05703958388
0.0230176630270955,0.0337891230458141,0.00123783733587346,0.309328074296025,5.02634776245945,0,1195.59032002116
0.022518511489056,0.0332659460309696,0.00118984477117291,0.308201395390514,5.05676455327133,0,1202.12360045843
0.0220299402663231,0.0327491119982324,0.00114370388330953,0.307078285814518,5.08718134408321,0,1208.65688089571
0.0215517355763427,0.0322386027656155,0.00109934377573932,0.305958724266534,5.11759813489509,0,1215.19016133298
0.0210836875051683,0.0317343978012644,0.00105669623222183,0.304842689972782,5.14801492570697,0,1221.72344177025
0.0206255899571888,0.0312364743285826,0.00101569561770734,0.303730162670941,5.17843171651885,0,1228.25672220753
0.0201772406045852,0.0307448074286034,0.000976278782739732,0.302621122594408,5.20884850733073,0,1234.7900026448
0.0197384408365723,0.0302593701396307,0.00093838497126075,0.301515550457068,5.23926529814261,0,1241.32328308208
0.0193089957084786,0.0297801335541753,0.000901955731704339,0.300413427438559,5.26968208895449,0,1247.85656351935
0.0188887138907161,0.0293070669132123,0.000866934831272746,0.299314735170007,5.30009887976637,0,1254.38984395663
0.018477407617687,0.0288401376977929,0.000833268173288848,0.298219455720214,5.33051567057825,0,1260.9231243939
0.0180748926366731,0.028379311718041,0.000800903717522152,0.2971275715823,5.36093246139014,0,1267.45640483117
0.0176809881567521,0.0279245531995697,0.000769791403388734,0.296039065660748,5.39134925220202,0,1273.98968526845
0.0172955167977801,0.0274758248673542,0.000739883075928199,0.29495392125888,5.4217660430139,0,1280.52296570572
0.0169183045394793,0.0270330880270996,0.000711132414463529,0.293872122066714,5.45218283382578,0,1287.056246143
0.0165491806706675,0.0265963026441401,0.000683494863852419,0.292793652149206,5.48259962463766,0,1293.58952658027
0.0161879777386632,0.026165427419914,0.000656927568241408,0.291718495934863,5.51301641544954,0,1300.12280701754
