"component","parameter","estimate","SE","z","p"
"psi","(Intercept)",-1.628732766224,0.190100097753705,-8.56776395945991,1.05513796418547e-17
"psi","elev",1.64663745617209,0.267607693919311,6.15317680914129,7.59460549075474e-10
"psi","veg",0.582516989442319,0.179193583097001,3.25076924839988,0.0011509323000906
"col","(Intercept)",-2.81553957719782,0.178530536654406,-15.7706330242431,4.95506485299087e-56
"col","veg",0.0566381538826818,0.17091188067021,0.331388044298514,0.740351394474331
"ext","(Intercept)",-0.0905062535351114,0.299969875283888,-0.301717808994844,0.762867190995933
"ext","elev",-0.719696934687758,0.23843222379615,-3.01845498577856,0.00254067143013663
"ext","veg",-0.818482074802548,0.312625406998296,-2.61809199278231,0.00884229637700055
"det","(Intercept)",-0.778041602037905,0.113642950607045,-6.84636924579881,7.57478142554242e-12
"det","periodPost-Fiona",0.106607019558402,0.148866360807607,0.716125651087685,0.473913766204973
"det","periodPre-Maria",-0.0553011809994012,0.158578883867879,-0.348729790818025,0.727292176790536
