mode,component,parameter,paper_est,est,paper_SE,SE,p,est_match,se_match
as_published,psi,(Intercept),-1.637,-1.6365,0.171,0.171,1.06572360529669e-21,True,True
as_published,psi,Elevation,1.544,1.5436,0.238,0.2379,8.61897765422645e-11,True,True
as_published,psi,NDVI,0.613,0.6127,0.177,0.1766,0.0005219017660613,True,True
as_published,col,(Intercept),-2.701,-2.7014,0.172,0.1723,2.05252967390696e-55,True,True
as_published,col,NDVI,0.074,0.0737,0.17,0.1704,0.665487072715731,True,True
as_published,ext,(Intercept),-0.177,-0.1768,0.306,0.3062,0.56368356619135,True,True
as_published,ext,Elevation,-0.83,-0.8299,0.296,0.2963,0.0050972634823766,True,True
as_published,ext,NDVI,-0.84,-0.84,0.337,0.3372,0.012719418685273,True,True
as_published,det,(Intercept),-0.736,-0.7364,0.119,0.1191,6.36556538909941e-10,True,True
as_published,det,PeriodPost-Fiona,0.12,0.12,0.146,0.146,0.411271796768641,True,True
as_published,det,PeriodPre-Maria,-0.566,-0.5661,0.19,0.1904,0.0029485712400619,True,True
site_major,psi,(Intercept),-1.637,-1.6287,0.171,0.1901,1.05513796418368e-17,False,False
site_major,psi,Elevation,1.544,1.6466,0.238,0.2676,7.59460549072304e-10,False,False
site_major,psi,NDVI,0.613,0.5825,0.177,0.1792,0.0011509323000885,False,False
site_major,col,(Intercept),-2.701,-2.8155,0.172,0.1785,4.9550648529368e-56,False,False
site_major,col,NDVI,0.074,0.0566,0.17,0.1709,0.740351394474317,False,False
site_major,ext,(Intercept),-0.177,-0.0905,0.306,0.3,0.762867190995944,False,False
site_major,ext,Elevation,-0.83,-0.7197,0.296,0.2384,0.002540671430131,False,False
site_major,ext,NDVI,-0.84,-0.8185,0.337,0.3126,0.0088422963770059,False,False
site_major,det,(Intercept),-0.736,-0.778,0.119,0.1136,7.57478142528586e-12,False,False
site_major,det,PeriodPost-Fiona,0.12,0.1066,0.146,0.1489,0.473913766204971,False,False
site_major,det,PeriodPre-Maria,-0.566,-0.0553,0.19,0.1586,0.727292176790387,False,False
