protocol,metric,ref,new,n_folds,ref_mean,ref_sd,new_mean,new_sd,delta,delta_sd,wins,losses,t_nb,p_nb,p_wilcoxon,better,p_nb_holm,p_wil_holm,signif_win,signif_loss
spatial,AUC,GLM-m4 (published),HERON-plus,20,0.801686254179927,0.06630968133234938,0.8951893481236837,0.04139058098752798,0.09350309394375673,0.05353230690625242,19,1,5.452171612370814,2.9252758018086973e-05,3.814697265625e-06,True,0.00011701103207234789,3.0517578125e-05,True,False
spatial,AP,GLM-m4 (published),HERON-plus,20,0.2579831244701821,0.11642535924275628,0.39156713205927873,0.10523398240986832,0.1335840075890967,0.04522769736411054,20,0,9.219544942258347,1.916389370997229e-08,1.9073486328125e-06,True,3.0662229935955665e-07,3.0517578125e-05,True,False
spatial,Brier,GLM-m4 (published),HERON-plus,20,0.040136187298893844,0.018748118000730354,0.03541594151876646,0.016773790395958728,0.004720245780127395,0.002826394665845624,20,0,5.213042944933527,4.950888568704086e-05,1.9073486328125e-06,True,0.00011701103207234789,3.0517578125e-05,True,False
spatial,BrierSkill,GLM-m4 (published),HERON-plus,20,0.11595466153205773,0.09440578308943746,0.22407593897448783,0.08119354455448641,0.10812127744243005,0.041528291732487434,20,0,8.126931444546535,1.3254891322272822e-07,1.9073486328125e-06,True,1.855684785118195e-06,3.0517578125e-05,True,False
spatial,LogLoss,GLM-m4 (published),HERON-plus,20,0.15765157485819056,0.05871757262449338,0.13031649481413507,0.05144511685151671,0.027335080044055472,0.013612855481426545,20,0,6.26802342450405,5.106593003375635e-06,1.9073486328125e-06,True,4.085274402700508e-05,3.0517578125e-05,True,False
spatial,pseudoR2,GLM-m4 (published),HERON-plus,20,0.18677014510798945,0.11479921069516572,0.3341179523354808,0.10172257831473566,0.14734780722749125,0.05488582628588043,20,0,8.379979675193798,8.35579989388599e-08,1.9073486328125e-06,True,1.2533699840828986e-06,3.0517578125e-05,True,False
spatial,TjurR2,GLM-m4 (published),HERON-plus,20,0.1268919306352893,0.07959556002750676,0.2129259054916725,0.07737798829369372,0.08603397485638326,0.04815535011137253,20,0,5.576798312006183,2.2291420616448488e-05,1.9073486328125e-06,True,0.00011145710308224244,3.0517578125e-05,True,False
spatial,ECE,GLM-m4 (published),HERON-plus,20,0.0205681584980043,0.01155641327000216,0.018665367081066368,0.013551304464977352,0.0019027914169379347,0.010486394646551685,10,10,0.5664016118075684,0.5777506456650108,0.34881019592285156,True,0.5777506456650108,0.34881019592285156,False,False
spatial,F1,GLM-m4 (published),HERON-plus,20,0.3177913193587429,0.11339532770048591,0.42688671392094324,0.08600454391612349,0.10909539456220041,0.05238132117163005,20,0,6.501139184247164,3.149454199647472e-06,1.9073486328125e-06,True,3.464399619612219e-05,3.0517578125e-05,True,False
spatial,MCC,GLM-m4 (published),HERON-plus,20,0.28452381613499134,0.10728722510163431,0.39835214962563387,0.08340583878915069,0.1138283334906427,0.05234007800502039,20,0,6.788526330464194,1.7530044317809772e-06,1.9073486328125e-06,True,2.278905761315267e-05,3.0517578125e-05,True,False
spatial,BalAcc,GLM-m4 (published),HERON-plus,20,0.6422619080674956,0.053643612550817135,0.6991760748128171,0.04170291939457534,0.05691416674532135,0.026170039002510186,20,0,6.788526330464195,1.7530044317809746e-06,1.9073486328125e-06,True,2.278905761315267e-05,3.0517578125e-05,True,False
spatial,Precision_at_prev,GLM-m4 (published),HERON-plus,20,0.3177913193587429,0.11339532770048591,0.42688671392094324,0.08600454391612349,0.10909539456220041,0.05238132117163005,20,0,6.501139184247164,3.149454199647472e-06,1.9073486328125e-06,True,3.464399619612219e-05,3.0517578125e-05,True,False
spatial,Recall_at_prev,GLM-m4 (published),HERON-plus,20,0.3177913193587429,0.11339532770048591,0.42688671392094324,0.08600454391612349,0.10909539456220041,0.05238132117163005,20,0,6.501139184247164,3.149454199647472e-06,1.9073486328125e-06,True,3.464399619612219e-05,3.0517578125e-05,True,False
spatial,Recall_at_10pct,GLM-m4 (published),HERON-plus,20,0.466303848307218,0.10769438555791344,0.6276489476073952,0.12474968421609967,0.16134509930017726,0.08199326474340791,20,0,6.142385850086073,6.645541169078115e-06,1.9073486328125e-06,True,4.6510429074350215e-05,3.0517578125e-05,True,False
spatial,Lift_at_10pct,GLM-m4 (published),HERON-plus,20,4.668190029126051,1.0781682777562618,6.28341246625049,1.2488546234618698,1.6152224371244386,0.820821459721109,20,0,6.142471235116061,6.64434701062146e-06,1.9073486328125e-06,True,4.6510429074350215e-05,3.0517578125e-05,True,False
spatial,SpearmanRank,GLM-m4 (published),HERON-plus,20,0.21816922667093905,0.0891956258460938,0.2827461907766881,0.08589501784685218,0.06457696410574904,0.03736272333494873,19,1,5.395088769417631,3.314951330486276e-05,3.814697265625e-06,True,0.00011701103207234789,3.0517578125e-05,True,False
