protocol,index,rep,fold,method,n_test,pos_test,block_deg,secs,AUC,AP,Brier,BrierSkill,LogLoss,pseudoR2,TjurR2,ECE,F1,MCC,BalAcc,Precision_at_prev,Recall_at_prev,Recall_at_10pct,Lift_at_10pct,SpearmanRank
spatial,NDVI,0,0,HERON,6898,166,0.08,216.71,0.8612748677419124,0.19506382019768603,0.021282172697405108,0.12219248137798211,0.09051234262336223,0.26439725323833874,0.08664386629439243,0.011625400343072044,0.3072289156626506,0.29014632505064825,0.6450731625253241,0.3072289156626506,0.3072289156626506,0.608433734939759,6.0914018920384,0.19179235239698159
spatial,NDVI,0,0,HERON-plus,6898,166,0.08,273.23,0.8875743616175933,0.2999592358059848,0.019598713336577048,0.1916286853427055,0.081657530217009,0.3363611880939088,0.18078624003979282,0.01099271392430617,0.3855421686746988,0.3703906535231836,0.6851953267615918,0.3855421686746988,0.3855421686746988,0.6987951807228916,6.996065539370837,0.20575413675843646
spatial,NDVI,0,0,GLM-m4 (published),6898,166,0.08,0.43,0.8218766330920831,0.13829797060618354,0.02207847693442998,0.08934800368721374,0.09671965988226686,0.21394977289113648,0.05242412980031047,0.006480935740589041,0.21686746987951808,0.19755671527464583,0.5987783576373229,0.21686746987951808,0.21686746987951808,0.4819277108433735,4.824872785772991,0.17087675423449591
spatial,NDVI,0,1,HERON,6898,395,0.08,224.02,0.7804950782209574,0.17243099461854272,0.05227243636681123,0.03326569523006606,0.20340505207595028,0.07656975800122845,0.07111146891875175,0.028731597815731598,0.20506329113924052,0.1567778844038876,0.5783889422019438,0.20506329113924052,0.20506329113924052,0.3468354430379747,3.4723815472800426,0.22576057761794702
spatial,NDVI,0,1,HERON-plus,6898,395,0.08,256.65,0.8455820779893213,0.24392867693039946,0.04813830029929199,0.10972302981864568,0.17593953692723108,0.20125932220601772,0.11654335489567752,0.012590820440856623,0.3037974683544304,0.2615092936658251,0.6307546468329126,0.3037974683544304,0.3037974683544304,0.4379746835443038,4.384832172842681,0.278146803987131
spatial,NDVI,0,1,GLM-m4 (published),6898,395,0.08,0.42,0.7549935083515495,0.16605395647611687,0.05258678173194161,0.027452144740770068,0.20597041710990657,0.06492336264406251,0.06099536765465944,0.02271464375834035,0.21265822784810126,0.16483414665480586,0.5824170733274029,0.21265822784810126,0.21265822784810126,0.3392405063291139,3.3963439951498224,0.20523526522955082
spatial,NDVI,0,2,HERON,6898,447,0.08,222.46,0.828405286869143,0.2983717237060699,0.05238215599986715,0.1400921244317076,0.19157151376660217,0.21204197163202032,0.12717354013703752,0.00743229880995315,0.3288590604026846,0.2823546424829822,0.6411773212414911,0.3288590604026846,0.3288590604026846,0.45861297539149887,4.591454723150303,0.28005598617754884
spatial,NDVI,0,2,HERON-plus,6898,447,0.08,265.5,0.8759417491417836,0.44603276114799634,0.04740492849404611,0.2217985194636627,0.17533887846265653,0.27880886749158273,0.20074690762205286,0.027996651302003676,0.4563758389261745,0.4187072604112156,0.7093536302056078,0.4563758389261745,0.4563758389261745,0.5570469798657718,5.576937688119149,0.3205939170560376
spatial,NDVI,0,2,GLM-m4 (published),6898,447,0.08,0.36,0.7968514671086147,0.30034030458674266,0.05281686162681457,0.13295597692058014,0.19941939448157958,0.17976263900339873,0.11446361371385333,0.015647615208976316,0.3668903803131991,0.32302121274227985,0.66151060637114,0.3668903803131991,0.3668903803131991,0.43847874720357943,4.389878662133949,0.2531476621734082
spatial,NDVI,0,3,HERON,6898,231,0.08,192.61,0.8098640522519328,0.267654651977936,0.028853278314373683,0.11650638659175605,0.124134141085952,0.1729651596585947,0.11270392886809563,0.021291507601971914,0.3722943722943723,0.35054545974,0.67527272987,0.3722943722943723,0.3722943722943723,0.45021645021645024,4.507391979090093,0.1931122620885037
spatial,NDVI,0,3,HERON-plus,6898,231,0.08,259.49,0.8189356765927938,0.33421233325420313,0.026542781435693313,0.18725430001332655,0.11017492558706453,0.2659674349425549,0.14808413938959458,0.01449997999576769,0.4155844155844156,0.3953354280337931,0.6976677140168965,0.4155844155844156,0.4155844155844156,0.5930735930735931,5.937622126301371,0.1987658443112536
spatial,NDVI,0,3,GLM-m4 (published),6898,231,0.08,0.4,0.8413400758533502,0.23928513691744144,0.028770493199588857,0.11904128468551012,0.12044637065078626,0.19753466653544383,0.11320116466990701,0.013977904082373689,0.3116883116883117,0.2878395041286897,0.6439197520643448,0.3116883116883117,0.3116883116883117,0.5367965367965368,5.37419812891511,0.2127286291457008
spatial,NDVI,0,4,HERON,6898,129,0.08,141.51,0.8329170488810709,0.15688982327645856,0.0170199917299917,0.12601868712165198,0.07650696498343375,0.2905056395222221,0.08564445368836032,0.006159019858466741,0.24031007751937986,0.22583231123189276,0.6129161556159464,0.24031007751937986,0.24031007751937986,0.5503875968992248,5.5102665361550835,0.15622861621430717
spatial,NDVI,0,4,HERON-plus,6898,129,0.08,166.81,0.9062907623788795,0.25474775552690215,0.01588357517520707,0.18437399353329875,0.06905894739166564,0.35957551413093225,0.1390643045839708,0.010244001522834795,0.3333333333333333,0.3206283547545181,0.6603141773772591,0.3333333333333333,0.3333333333333333,0.689922480620155,6.907235517152148,0.1906608381525092
spatial,NDVI,0,4,GLM-m4 (published),6898,129,0.08,0.27,0.7293962100364062,0.10031675633100874,0.017877765075736463,0.08197178705500752,0.08612106363567097,0.20134841342762633,0.05491520424289792,0.00885413148666641,0.13953488372093023,0.12313659741571528,0.5615682987078576,0.13953488372093023,0.13953488372093023,0.37209302325581395,3.725250615992169,0.10764919650793746
spatial,NDVI,0,5,HERON,6898,95,0.08,143.7,0.9182280263351308,0.22341687568097274,0.012264413380214929,0.18790535673088116,0.05682696910397853,0.3952706368175025,0.1405095381074476,0.01338454334644144,0.2736842105263158,0.2635416263722661,0.631770813186133,0.2736842105263158,0.2736842105263158,0.7052631578947368,7.0608204109693675,0.16884671208147173
spatial,NDVI,0,5,HERON-plus,6898,95,0.08,120.39,0.9531321321088995,0.3443744529184748,0.011227175040388107,0.2565866440825926,0.05009820451064536,0.4668753975797024,0.19518622559846027,0.012464706388226426,0.4,0.39162134352491546,0.6958106717624577,0.4,0.4,0.8210526315789474,8.220059582919562,0.18293817206560709
spatial,NDVI,0,5,GLM-m4 (published),6898,95,0.08,0.34,0.8637659855945907,0.19769006611637618,0.012703611524013345,0.15882361846463688,0.06505290704980897,0.3077335695764395,0.12624000503766408,0.019705054458393954,0.2631578947368421,0.25286831660954534,0.6264341583047727,0.2631578947368421,0.2631578947368421,0.6,6.0069666182873735,0.1468593372157176
spatial,NDVI,0,6,HERON,6897,358,0.08,174.65,0.818325115913885,0.2203152642616181,0.04549360027263325,0.07578051196355695,0.17235668695122872,0.15599563454151077,0.10302552581775896,0.021427815263150393,0.2430167597765363,0.20157311395913305,0.6007865569795665,0.2430167597765363,0.2430167597765363,0.37988826815642457,3.802742214041887,0.24462367678657668
spatial,NDVI,0,6,HERON-plus,6897,358,0.08,199.16,0.8432452128654799,0.2976058068223227,0.04227165020852443,0.1412356313844073,0.16523087358490623,0.19088965400198266,0.14310339102914282,0.02018722956244308,0.31564245810055863,0.2781749554243085,0.6390874777121542,0.31564245810055863,0.31564245810055863,0.5027932960893855,5.033041165643675,0.2637740530447488
spatial,NDVI,0,6,GLM-m4 (published),6897,358,0.08,0.34,0.7031869803952393,0.16448822735407187,0.04719680699730618,0.041179230955591284,0.19543266429298817,0.04299609876384003,0.0587740583404416,0.019521512701883414,0.22346368715083798,0.18094954125697044,0.5904747706284852,0.22346368715083798,0.22346368715083798,0.31843575418994413,3.187592738240994,0.1561433385812859
spatial,NDVI,0,7,HERON,6897,178,0.08,200.65,0.7505071146555718,0.17707865843793497,0.02533808936590117,0.017832197977586395,0.11690253165242522,0.08682716519686273,0.12485562428322358,0.0306789423359371,0.2640449438202247,0.244547994869488,0.622273997434744,0.2640449438202247,0.2640449438202247,0.39325842696629215,3.9365796382968314,0.13759821121451146
spatial,NDVI,0,7,HERON-plus,6897,178,0.08,98.26,0.8414064760171975,0.2659081222773159,0.023530800903874022,0.0878872250451942,0.1057240941598549,0.1741464499845531,0.17178003121051932,0.031065418365594195,0.33146067415730335,0.3137497052631227,0.6568748526315613,0.33146067415730335,0.33146067415730335,0.550561797752809,5.511211493615565,0.18752729023926565
spatial,NDVI,0,7,GLM-m4 (published),6897,178,0.08,0.27,0.6780503385502458,0.1416472538187438,0.028739033383263623,-0.11399690965944709,0.13425957894452376,-0.04875573326989535,0.10274630606340829,0.044432263580006195,0.1853932584269663,0.1638126660769142,0.5819063330384571,0.1853932584269663,0.1853932584269663,0.3089887640449438,3.0930268586617964,0.09779925087534397
spatial,NDVI,0,8,HERON,6897,560,0.08,137.91,0.8931152640952231,0.4463695379397905,0.05635966634450759,0.25738080456004797,0.1930452947997703,0.34310653669211677,0.2229699982509138,0.01597357133091487,0.48035714285714287,0.43443636015239295,0.7172181800761965,0.48035714285714287,0.48035714285714287,0.55,5.505587808417997,0.37195138128040556
spatial,NDVI,0,8,HERON-plus,6897,560,0.08,191.63,0.9244119006289592,0.5207652317230816,0.05198342266014618,0.31504407289922176,0.1714863242665202,0.4164672825918201,0.2790179858607457,0.014005461125311737,0.525,0.48302430172005684,0.7415121508600284,0.525,0.525,0.5839285714285715,5.845218225171055,0.40156312177605635
spatial,NDVI,0,8,GLM-m4 (published),6897,560,0.08,0.26,0.8281787517752881,0.36870972286052167,0.06536179071929513,0.13876494335904244,0.23549300796797842,0.19866569268457324,0.10146371241846214,0.03915248251750823,0.44285714285714284,0.3936224892355554,0.6968112446177777,0.44285714285714284,0.44285714285714284,0.4928571428571429,4.933578685465478,0.31051081295579813
spatial,NDVI,0,9,HERON,6897,811,0.08,186.46,0.9132475617667521,0.528416280906923,0.07216395790948121,0.3415233969598196,0.22526691469144441,0.4533776367251763,0.2567295320671096,0.026252224173376117,0.5178791615289766,0.4536333514731106,0.7268166757365553,0.5178791615289766,0.5178791615289766,0.45376078914919854,4.54221794305083,0.4611233375989944
spatial,NDVI,0,9,HERON-plus,6897,811,0.08,153.18,0.9346145445896121,0.6167421823038491,0.06483342456502873,0.4084125315771665,0.20119692128081842,0.5117847787599826,0.32730777449190046,0.02116706020927006,0.5856966707768188,0.5304879951277882,0.765243997563894,0.5856966707768188,0.5856966707768188,0.5129469790382244,5.1346811530139815,0.4849657394506627
spatial,NDVI,0,9,GLM-m4 (published),6897,811,0.08,0.27,0.902415561902902,0.5203871356360752,0.07336175306888403,0.3305938400099241,0.23717902478205935,0.4244722567307784,0.3067301393995097,0.018116181206761048,0.5277435265104808,0.4648122087319728,0.7324061043659864,0.5277435265104808,0.5277435265104808,0.4722564734895191,4.727362696164315,0.44903642397200494
