item,reported,observed,match,source
[VT] Filtered pre-GEE table: total rows,91677,91677,True,validation_targets.csv
[VT] Filtered pre-GEE table: rows 2013-2025,89682,89682,True,validation_targets.csv
[VT] Filtered pre-GEE table: detections (full),5326,5326,True,validation_targets.csv
[VT] Filtered pre-GEE table: non-detections (full),86351,86351,True,validation_targets.csv
[VT] Corrected NDVI export: total rows,91677,91677,True,validation_targets.csv
[VT] Corrected NDVI export: rows 2013-2025,89682,89682,True,validation_targets.csv
[VT] Corrected NDVI export: detections (full),5326,5326,True,validation_targets.csv
[VT] Corrected NDVI export: non-detections (full),86351,86351,True,validation_targets.csv
[VT] Corrected NDVI export: non-missing index (full),70799,70799,True,validation_targets.csv
[VT] EVI2 export: total rows,91677,91677,True,validation_targets.csv
[VT] EVI2 export: rows 2013-2025,89682,89682,True,validation_targets.csv
[VT] EVI2 export: detections (full),5326,5326,True,validation_targets.csv
[VT] EVI2 export: non-detections (full),86351,86351,True,validation_targets.csv
[VT] EVI2 export: non-missing index (full),70799,70799,True,validation_targets.csv
paper 3.1: checklists analysed 2013-2025,89682,89682,True,Sec 3.1 / Abstract
paper 3.1: checklists reporting species,5174,5174,True,Sec 3.1
paper 3.1: checklists not reporting,84508,84508,True,Sec 3.1
paper 3.1: overall encounter frequency (%),5.77,5.77,True,Sec 3.1
Table 1 Pre-Maria: total checklists,14728,14728,True,Table 1
Table 1 Pre-Maria: reporting species,1118,1118,True,Table 1
Table 1 Pre-Maria: encounter frequency (%),7.59,7.59,True,Table 1
Table 1 Inter-Hurricanes: total checklists,37701,37701,True,Table 1
Table 1 Inter-Hurricanes: reporting species,1742,1742,True,Table 1
Table 1 Inter-Hurricanes: encounter frequency (%),4.62,4.62,True,Table 1
Table 1 Post-Fiona: total checklists,37253,37253,True,Table 1
Table 1 Post-Fiona: reporting species,2314,2314,True,Table 1
Table 1 Post-Fiona: encounter frequency (%),6.21,6.21,True,Table 1
paper 3.1: Pre-Maria share (%),16.4,16.4,True,Sec 3.1
paper 3.1: Inter-Hurricanes share (%),42.0,42.0,True,Sec 3.1
paper 3.1: Post-Fiona share (%),41.5,41.5,True,Sec 3.1
paper 3.1: checklists with missing NDVI,20706,20706,True,Sec 3.1
paper 3.1: missing-NDVI share (%),23.1,23.1,True,Sec 3.1
paper 2.4.2/3.1: NDVI-complete analytical subset,68976,68976,True,"Sec 2.4.2, 3.1"
EVI2 subset size (parity with NDVI),68976,68976,True,Sec 2.8 parity
paper 2.1/Fig1: unique sampling locations,24876,24876,True,Sec 2.1 / Fig. 1
paper 2.1/Fig1: unique locations with >=1 report,1900,1900,True,Sec 2.1 / Fig. 1
integrity: unique sampling-event IDs == rows (full),91677,91677,True,data integrity
integrity: fully duplicated rows (full),0,0,True,data integrity
"integrity: duplicated (date,lon,lat) triples",0,2,False,Sec 2.2 dedup rule
integrity: missing values in core covariates,0,0,True,data integrity
"integrity: Presence coded {0,1} only",True,True,True,data dictionary
integrity: Duration within 5-240 min filter,True,True,True,Sec 2.2 filter
integrity: Distance <= 5 km filter,True,True,True,Sec 2.2 filter
integrity: Elevation_m >= 0 (negatives set to 0),True,True,True,Sec 2.4.1
"integrity: NDVI within [-1,1]",True,True,True,Sec 2.4.2
integrity: |Days_from_eBird| < 17 (fractional days),True,True,True,Sec 2.4.2
integrity: NDVI/EVI2 exports row-aligned on IDs,True,True,True,Sec 2.8 parity
paper 2.7: initially eligible sites (>=1 checklist per period),1048,1048,True,Sec 2.7
paper 2.7: sites dropped for no valid NDVI,4,4,True,Sec 2.7
paper 2.7: final occupancy sites,1044,1044,True,Sec 2.7
paper 2.7: observed survey occasions,7908,7908,True,Sec 2.7
paper 2.7: missing occasions in 1044x9 matrix,1488,1488,True,Sec 2.7
paper 3.5: Inter-Hurricanes time-since-Maria N,28707,28707,True,Sec 3.5
paper 3.5: Post-Fiona time-since-Fiona N,29580,29580,True,Sec 3.5
